id,customer_id,channel_id,store_id,product_id,order_date_id,shipping_address_id,billing_address_id,quantity,unit_price,discount_amount,line_total
1,356,1,,2,696,599,1914,2,15000.0,0.0,30000.0
2,356,1,,1,696,599,1914,2,12000.0,2400.0,21600.0
3,601,1,,1,396,2538,2807,1,12000.0,240.0,11760.0
4,601,1,,2,396,2538,2807,2,15000.0,600.0,29400.0
5,601,1,,1,396,2538,2807,2,12600.0,2520.0,22680.0
6,1234,1,,1,788,3067,130,1,12000.0,240.0,11760.0
7,1234,1,,2,788,3067,130,1,15000.0,1500.0,13500.0
8,156,1,,1,791,511,2669,1,12000.0,1200.0,10800.0
9,156,1,,2,791,511,2669,1,15000.0,300.0,14700.0
10,616,2,4,2,455,4,297,2,15750.0,1575.0,29925.0
11,616,2,4,2,455,4,297,1,15000.0,750.0,14250.0
12,614,2,2,1,437,2,727,2,12000.0,0.0,24000.0
13,188,1,,2,927,1152,436,1,15000.0,750.0,14250.0
14,17,1,,2,681,2581,,1,15000.0,1500.0,13500.0
15,1148,1,,1,603,494,1022,3,12000.0,0.0,36000.0
16,1148,1,,2,603,494,1022,3,15000.0,4500.0,40500.0
17,1148,1,,1,603,494,1022,1,12600.0,0.0,12600.0
18,1037,1,,2,455,978,101,1,13500.0,675.0,12825.0
19,1336,2,1,2,438,1,,1,15000.0,300.0,14700.0
20,1239,2,4,2,899,4,1163,1,15000.0,300.0,14700.0
21,1239,2,4,1,899,4,1163,2,10800.0,2160.0,19440.0
22,1426,2,3,1,587,3,2393,3,12000.0,720.0,35280.0
23,862,2,1,2,813,1,346,3,15750.0,2362.5,44887.5
24,862,2,1,1,813,1,346,3,12000.0,1800.0,34200.0
25,862,2,1,1,813,1,346,2,12000.0,1200.0,22800.0
26,181,1,,1,961,2921,1242,1,12000.0,240.0,11760.0
27,700,1,,1,624,807,2272,2,12000.0,480.0,23520.0
28,475,1,,1,970,2562,589,2,12600.0,2520.0,22680.0
29,753,2,2,2,781,2,2056,2,15750.0,630.0,30870.0
30,753,2,2,1,781,2,2056,3,12000.0,0.0,36000.0
31,1151,1,,2,561,1695,1716,1,13500.0,270.0,13230.0
32,1151,1,,1,561,1695,1716,2,13200.0,2640.0,23760.0
33,1151,1,,2,561,1695,1716,3,15000.0,0.0,45000.0
34,793,1,,1,842,2616,1527,3,12600.0,756.0,37044.0
35,866,1,,2,492,2378,2937,3,16500.0,0.0,49500.0
36,1110,1,,1,997,1549,2250,2,12000.0,480.0,23520.0
37,854,2,1,1,456,1,1466,2,12000.0,0.0,24000.0
38,379,2,3,2,917,3,2102,2,15000.0,600.0,29400.0
39,379,2,3,1,917,3,2102,1,12000.0,0.0,12000.0
40,379,2,3,2,917,3,2102,2,15000.0,3000.0,27000.0
41,441,2,2,1,792,2,532,1,12000.0,240.0,11760.0
42,125,1,,2,969,516,1985,3,15750.0,2362.5,44887.5
43,125,1,,1,969,516,1985,2,12600.0,0.0,25200.0
44,1201,1,,2,712,301,3168,1,15000.0,1500.0,13500.0
45,1055,1,,1,702,1862,2325,2,12000.0,1200.0,22800.0
46,382,1,,1,503,1423,342,1,12000.0,0.0,12000.0
47,1456,1,,2,988,1425,414,2,16500.0,660.0,32340.0
48,1456,1,,1,988,1425,414,3,12000.0,3600.0,32400.0
49,1377,2,4,1,891,4,2585,3,12000.0,1800.0,34200.0
50,1375,2,4,1,861,4,928,2,12000.0,480.0,23520.0
51,821,1,,2,805,924,2185,2,15000.0,3000.0,27000.0
52,1475,2,4,2,525,4,2316,1,15000.0,300.0,14700.0
53,634,2,2,2,687,2,1160,3,15750.0,2362.5,44887.5
54,634,2,2,2,687,2,1160,3,15000.0,4500.0,40500.0
55,585,2,1,1,377,1,2440,2,12000.0,2400.0,21600.0
56,180,1,,1,633,1863,3142,2,12000.0,1200.0,22800.0
57,180,1,,2,633,1863,3142,2,15000.0,3000.0,27000.0
58,482,1,,1,391,2325,1548,2,12600.0,504.0,24696.0
59,620,2,1,1,398,1,307,1,12000.0,240.0,11760.0
60,603,2,1,1,509,1,3134,3,10800.0,3240.0,29160.0
61,603,2,1,2,509,1,3134,2,15000.0,0.0,30000.0
62,1028,1,,1,429,1149,2288,1,12000.0,600.0,11400.0
63,1005,2,3,2,379,3,,1,15000.0,750.0,14250.0
64,1005,2,3,1,379,3,,1,10800.0,540.0,10260.0
65,790,1,,1,636,33,742,1,10800.0,540.0,10260.0
66,665,1,,1,507,2043,2230,3,13200.0,0.0,39600.0
67,562,1,,2,976,1135,,2,15000.0,600.0,29400.0
68,562,1,,2,976,1135,,3,15000.0,900.0,44100.0
69,998,1,,1,397,1984,2030,3,12000.0,0.0,36000.0
70,276,1,,2,377,493,,2,16500.0,0.0,33000.0
71,1469,2,2,1,433,2,,1,12000.0,1200.0,10800.0
72,408,2,2,1,622,2,2369,2,12000.0,480.0,23520.0
73,1360,2,2,2,589,2,178,3,13500.0,0.0,40500.0
74,1423,1,,2,572,665,1107,2,15000.0,1500.0,28500.0
75,741,1,,2,624,1867,1344,2,15750.0,630.0,30870.0
76,969,1,,1,674,1612,,3,12000.0,720.0,35280.0
77,969,1,,1,674,1612,,3,12000.0,720.0,35280.0
78,729,1,,2,588,458,2599,2,15000.0,3000.0,27000.0
79,251,2,4,1,441,4,2469,1,12600.0,252.0,12348.0
80,1087,2,1,2,935,1,2309,3,15000.0,2250.0,42750.0
81,659,1,,1,833,1891,2450,2,12000.0,0.0,24000.0
82,659,1,,2,833,1891,2450,3,16500.0,2475.0,47025.0
83,338,2,4,2,783,4,630,1,15000.0,750.0,14250.0
84,338,2,4,2,783,4,630,1,15750.0,1575.0,14175.0
85,1068,1,,2,630,2075,3,1,16500.0,1650.0,14850.0
86,1068,1,,2,630,2075,3,2,15000.0,1500.0,28500.0
87,958,1,,1,548,2539,1977,3,12000.0,1800.0,34200.0
88,958,1,,2,548,2539,1977,2,15000.0,0.0,30000.0
89,428,2,4,1,421,4,337,3,10800.0,3240.0,29160.0
90,1337,1,,1,791,88,298,1,12000.0,0.0,12000.0
91,1442,2,3,2,723,3,696,3,15000.0,0.0,45000.0
92,939,1,,1,516,410,3172,3,12600.0,756.0,37044.0
93,1409,1,,2,794,311,3175,1,16500.0,1650.0,14850.0
94,1062,1,,1,626,1403,2637,3,12000.0,720.0,35280.0
95,988,1,,1,391,138,1191,3,12000.0,720.0,35280.0
96,778,1,,2,832,1252,1602,1,15000.0,300.0,14700.0
97,77,1,,2,701,624,1747,1,15750.0,315.0,15435.0
98,77,1,,1,701,624,1747,2,12000.0,0.0,24000.0
99,77,1,,2,701,624,1747,3,15000.0,0.0,45000.0
100,700,1,,2,529,480,1472,3,15000.0,900.0,44100.0
101,425,1,,1,937,432,2747,1,12000.0,0.0,12000.0
102,1271,2,3,1,569,3,1522,1,12000.0,240.0,11760.0
103,1129,1,,2,398,2540,2125,1,13500.0,675.0,12825.0
104,1224,1,,2,707,1123,485,1,15750.0,315.0,15435.0
105,446,1,,1,714,2068,3072,2,12600.0,1260.0,23940.0
106,446,1,,1,714,2068,3072,3,12000.0,3600.0,32400.0
107,867,1,,2,812,2685,1944,2,15000.0,600.0,29400.0
108,127,1,,1,426,3189,423,2,12000.0,480.0,23520.0
109,874,2,1,1,704,1,208,2,12000.0,480.0,23520.0
110,814,1,,2,740,2367,374,1,15000.0,750.0,14250.0
111,814,1,,1,740,2367,374,2,13200.0,0.0,26400.0
112,1189,1,,1,990,840,2306,1,10800.0,0.0,10800.0
113,1189,1,,1,990,840,2306,2,12000.0,2400.0,21600.0
114,584,1,,2,681,69,2170,1,15000.0,300.0,14700.0
115,1433,1,,1,764,953,2160,2,12000.0,1200.0,22800.0
116,1433,1,,2,764,953,2160,2,15000.0,0.0,30000.0
117,670,1,,1,995,3103,2091,3,12000.0,1800.0,34200.0
118,464,1,,2,406,842,2869,1,16500.0,0.0,16500.0
119,464,1,,1,406,842,2869,2,12000.0,2400.0,21600.0
120,535,1,,2,695,153,,1,15000.0,0.0,15000.0
121,655,1,,1,791,2185,2539,1,12600.0,252.0,12348.0
122,833,1,,1,961,2251,855,1,12000.0,1200.0,10800.0
123,490,1,,1,713,1449,1319,1,12000.0,600.0,11400.0
124,360,1,,2,399,1460,104,2,15000.0,600.0,29400.0
125,360,1,,2,399,1460,104,2,15000.0,3000.0,27000.0
126,1227,1,,2,900,1176,2146,1,15000.0,750.0,14250.0
127,624,1,,1,392,38,2890,2,12000.0,0.0,24000.0
128,624,1,,2,392,38,2890,1,13500.0,675.0,12825.0
129,228,1,,2,413,2302,1743,3,15750.0,2362.5,44887.5
130,228,1,,2,413,2302,1743,3,15750.0,945.0,46305.0
131,770,1,,2,530,776,530,2,15000.0,0.0,30000.0
132,54,2,2,2,684,2,2329,3,15000.0,0.0,45000.0
133,54,2,2,1,684,2,2329,2,12000.0,0.0,24000.0
134,54,2,2,2,684,2,2329,1,16500.0,825.0,15675.0
135,1006,2,4,1,727,4,2237,3,12000.0,1800.0,34200.0
136,1006,2,4,2,727,4,2237,3,13500.0,0.0,40500.0
137,247,1,,2,999,1295,1236,3,16500.0,990.0,48510.0
138,1127,2,3,1,874,3,1319,3,12000.0,720.0,35280.0
139,757,2,2,2,529,2,2453,1,15750.0,315.0,15435.0
140,520,1,,1,747,2447,3135,3,12600.0,1890.0,35910.0
141,258,1,,1,423,228,1515,1,12000.0,0.0,12000.0
142,467,1,,1,577,1889,1636,1,10800.0,0.0,10800.0
143,467,1,,1,577,1889,1636,1,12600.0,252.0,12348.0
144,3,1,,1,455,223,2640,3,12000.0,0.0,36000.0
145,334,1,,1,689,2867,2620,3,12000.0,720.0,35280.0
146,802,2,3,1,450,3,553,3,10800.0,1620.0,30780.0
147,999,1,,2,448,3052,255,2,15000.0,0.0,30000.0
148,176,1,,1,498,2444,462,2,12000.0,2400.0,21600.0
149,801,1,,2,770,2960,607,1,15000.0,0.0,15000.0
150,1113,1,,1,508,1947,751,3,12600.0,3780.0,34020.0
151,810,2,4,2,916,4,,3,15750.0,945.0,46305.0
152,581,2,4,1,478,4,704,2,12000.0,2400.0,21600.0
153,581,2,4,1,478,4,704,1,12000.0,600.0,11400.0
154,1284,2,2,1,886,2,3026,2,12000.0,480.0,23520.0
155,1284,2,2,2,886,2,3026,3,16500.0,4950.0,44550.0
156,1333,1,,2,720,1880,2902,1,15750.0,315.0,15435.0
157,24,2,2,1,790,2,806,3,12600.0,3780.0,34020.0
158,24,2,2,2,790,2,806,3,15000.0,2250.0,42750.0
159,1222,2,1,1,386,1,1895,1,13200.0,264.0,12936.0
160,63,2,1,1,626,1,2180,1,10800.0,1080.0,9720.0
161,1078,1,,1,415,3,2864,2,12000.0,2400.0,21600.0
162,1091,1,,1,548,2613,2787,3,13200.0,0.0,39600.0
163,524,1,,1,750,1258,3173,2,12000.0,0.0,24000.0
164,1229,1,,1,959,2394,1458,3,13200.0,792.0,38808.0
165,458,2,4,2,928,4,2845,1,15000.0,300.0,14700.0
166,68,1,,1,474,1657,1466,1,12000.0,240.0,11760.0
167,959,2,4,1,720,4,2706,3,13200.0,1980.0,37620.0
168,356,2,1,1,973,1,3167,3,12000.0,0.0,36000.0
169,530,1,,2,906,5,1284,1,15000.0,300.0,14700.0
170,1420,1,,1,402,3008,1268,1,10800.0,216.0,10584.0
171,1420,1,,2,402,3008,1268,3,15000.0,900.0,44100.0
172,279,2,3,2,556,3,954,3,15000.0,4500.0,40500.0
173,279,2,3,1,556,3,954,1,12000.0,1200.0,10800.0
174,779,2,3,2,529,3,206,1,15000.0,0.0,15000.0
175,1383,1,,2,424,2117,3141,2,15000.0,1500.0,28500.0
176,1383,1,,2,424,2117,3141,2,15750.0,3150.0,28350.0
177,1189,1,,1,841,1356,885,1,10800.0,1080.0,9720.0
178,1189,1,,2,841,1356,885,3,15000.0,4500.0,40500.0
179,1189,1,,1,841,1356,885,3,12000.0,3600.0,32400.0
180,1016,1,,1,991,3040,1995,3,12000.0,720.0,35280.0
181,1016,1,,2,991,3040,1995,2,15000.0,3000.0,27000.0
182,595,2,3,2,872,3,164,1,13500.0,1350.0,12150.0
183,902,2,4,1,390,4,2020,3,13200.0,0.0,39600.0
184,317,1,,2,573,2546,2601,2,13500.0,540.0,26460.0
185,1229,2,2,2,531,2,,1,15000.0,0.0,15000.0
186,279,2,3,1,371,3,63,3,12000.0,720.0,35280.0
187,279,2,3,2,371,3,63,2,15000.0,3000.0,27000.0
188,1498,2,4,1,516,4,2609,1,12000.0,600.0,11400.0
189,1498,2,4,1,516,4,2609,2,10800.0,0.0,21600.0
190,140,1,,2,751,1773,2026,2,15000.0,1500.0,28500.0
191,1115,1,,1,685,2545,462,1,12000.0,240.0,11760.0
192,1240,1,,1,368,1704,1477,3,12000.0,1800.0,34200.0
193,590,1,,2,462,1036,1328,1,15000.0,1500.0,13500.0
194,645,2,3,2,779,3,1878,1,13500.0,270.0,13230.0
195,545,2,1,1,700,1,2477,1,13200.0,1320.0,11880.0
196,1208,1,,2,907,1955,3064,1,15000.0,750.0,14250.0
197,1208,1,,1,907,1955,3064,1,13200.0,264.0,12936.0
198,1208,1,,1,907,1955,3064,2,12000.0,480.0,23520.0
199,551,2,1,1,523,1,1113,3,12000.0,1800.0,34200.0
200,551,2,1,1,523,1,1113,3,12000.0,3600.0,32400.0
201,569,2,1,2,405,1,214,2,16500.0,3300.0,29700.0
202,1305,1,,2,931,3178,,2,15000.0,0.0,30000.0
203,280,1,,2,491,2731,194,3,15750.0,2362.5,44887.5
204,280,1,,1,491,2731,194,3,12600.0,0.0,37800.0
205,1338,1,,2,707,1472,,2,16500.0,660.0,32340.0
206,1338,1,,2,707,1472,,2,15000.0,3000.0,27000.0
207,84,1,,1,903,2447,592,3,12000.0,720.0,35280.0
208,655,1,,2,752,1117,81,1,15000.0,1500.0,13500.0
209,513,2,4,2,881,4,3049,2,16500.0,660.0,32340.0
210,884,2,3,1,472,3,849,3,12000.0,720.0,35280.0
211,385,2,2,1,373,2,1553,1,10800.0,1080.0,9720.0
212,723,2,2,1,892,2,752,1,12000.0,1200.0,10800.0
213,110,2,1,2,548,1,2113,3,15750.0,4725.0,42525.0
214,1197,1,,1,408,3125,2708,1,12000.0,0.0,12000.0
215,833,2,2,2,668,2,1194,3,15000.0,2250.0,42750.0
216,371,2,3,1,757,3,1185,1,12000.0,0.0,12000.0
217,371,2,3,2,757,3,1185,3,15750.0,0.0,47250.0
218,905,2,1,2,480,1,1807,2,15000.0,0.0,30000.0
219,389,1,,1,561,307,3180,1,12600.0,252.0,12348.0
220,1299,2,4,2,530,4,,2,15000.0,600.0,29400.0
221,725,1,,2,660,2912,,3,15000.0,0.0,45000.0
222,645,2,4,1,943,4,161,2,12000.0,1200.0,22800.0
223,584,1,,1,420,136,984,2,10800.0,0.0,21600.0
224,436,1,,1,784,2762,3083,3,12000.0,0.0,36000.0
225,436,1,,2,784,2762,3083,2,15000.0,3000.0,27000.0
226,293,1,,1,970,2361,2895,2,12000.0,480.0,23520.0
227,1065,1,,2,939,2496,,1,15000.0,1500.0,13500.0
228,1065,1,,2,939,2496,,2,15750.0,1575.0,29925.0
229,1234,1,,2,749,2706,1645,1,13500.0,675.0,12825.0
230,1234,1,,1,749,2706,1645,1,10800.0,540.0,10260.0
231,1234,1,,1,749,2706,1645,2,12000.0,0.0,24000.0
232,400,1,,2,422,2527,2133,3,13500.0,0.0,40500.0
233,251,1,,1,555,1329,,1,12000.0,1200.0,10800.0
234,764,2,4,2,454,4,,2,15000.0,0.0,30000.0
235,1490,1,,1,789,2557,2733,1,12000.0,240.0,11760.0
236,181,1,,1,493,1805,607,2,12000.0,1200.0,22800.0
237,693,1,,2,898,1635,1849,2,15750.0,0.0,31500.0
238,672,2,2,1,616,2,2475,1,12000.0,240.0,11760.0
239,786,1,,1,517,2161,1699,1,12000.0,0.0,12000.0
240,1347,2,2,2,787,2,1260,1,16500.0,1650.0,14850.0
241,628,1,,2,693,868,,1,13500.0,675.0,12825.0
242,1485,2,2,2,854,2,3036,1,15000.0,1500.0,13500.0
243,805,1,,2,955,2735,1866,3,15000.0,900.0,44100.0
244,805,1,,2,955,2735,1866,2,15000.0,1500.0,28500.0
245,445,1,,1,507,753,2685,2,12600.0,0.0,25200.0
246,560,1,,1,682,83,2249,2,12000.0,480.0,23520.0
247,403,1,,1,617,2607,1525,2,13200.0,1320.0,25080.0
248,693,2,1,2,665,1,1838,2,13500.0,0.0,27000.0
249,274,2,2,2,862,2,2613,1,15000.0,1500.0,13500.0
250,804,1,,1,565,944,600,3,12600.0,756.0,37044.0
251,804,1,,1,565,944,600,2,12000.0,1200.0,22800.0
252,1495,1,,1,577,1364,2585,1,12000.0,600.0,11400.0
253,48,2,1,1,774,1,2002,3,12000.0,3600.0,32400.0
254,661,2,3,2,966,3,2869,2,15000.0,3000.0,27000.0
255,984,1,,1,488,1812,3020,3,12600.0,756.0,37044.0
256,1384,1,,1,522,1972,1811,1,12000.0,240.0,11760.0
257,788,1,,2,990,206,1179,3,15000.0,4500.0,40500.0
258,788,1,,1,990,206,1179,1,12000.0,1200.0,10800.0
259,788,1,,1,990,206,1179,3,12600.0,756.0,37044.0
260,456,2,2,1,433,2,1133,1,12000.0,0.0,12000.0
261,427,1,,1,411,695,,3,12000.0,3600.0,32400.0
262,866,1,,1,987,2574,913,1,12000.0,1200.0,10800.0
263,866,1,,1,987,2574,913,3,12000.0,1800.0,34200.0
264,371,1,,2,790,600,352,1,15000.0,1500.0,13500.0
265,371,1,,2,790,600,352,2,16500.0,660.0,32340.0
266,1000,1,,2,957,1384,1481,2,15000.0,0.0,30000.0
267,1404,1,,1,465,795,2536,1,12000.0,1200.0,10800.0
268,1159,1,,1,399,788,,3,10800.0,3240.0,29160.0
269,1040,1,,1,809,2797,,2,13200.0,0.0,26400.0
270,1040,1,,1,809,2797,,2,12000.0,2400.0,21600.0
271,464,1,,1,634,2537,2887,1,12000.0,1200.0,10800.0
272,464,1,,1,634,2537,2887,1,12000.0,1200.0,10800.0
273,166,1,,1,686,2941,1631,1,12600.0,0.0,12600.0
274,166,1,,2,686,2941,1631,2,15750.0,3150.0,28350.0
275,1056,2,3,1,817,3,1262,3,12000.0,0.0,36000.0
276,925,2,3,1,687,3,2299,3,12000.0,3600.0,32400.0
277,488,1,,2,758,257,678,1,15000.0,1500.0,13500.0
278,488,1,,2,758,257,678,2,15000.0,3000.0,27000.0
279,903,1,,2,639,898,459,1,15000.0,300.0,14700.0
280,70,1,,1,938,1092,1448,2,12000.0,480.0,23520.0
281,1459,1,,1,858,1330,,1,12600.0,252.0,12348.0
282,500,2,2,2,832,2,1838,3,16500.0,4950.0,44550.0
283,361,1,,1,824,1297,370,2,12600.0,0.0,25200.0
284,476,1,,2,810,2590,683,1,15000.0,1500.0,13500.0
285,1400,2,1,1,931,1,1780,3,12000.0,720.0,35280.0
286,1400,2,1,2,931,1,1780,2,15750.0,0.0,31500.0
287,945,1,,1,780,886,106,1,12000.0,240.0,11760.0
288,1443,1,,2,472,900,1390,1,15750.0,0.0,15750.0
289,1430,1,,1,566,2687,2114,2,12600.0,2520.0,22680.0
290,1330,1,,2,394,1579,613,3,13500.0,2025.0,38475.0
291,1330,1,,1,394,1579,613,1,13200.0,660.0,12540.0
292,274,1,,2,861,506,3105,1,16500.0,825.0,15675.0
293,1251,2,2,2,461,2,455,1,15750.0,787.5,14962.5
294,1251,2,2,2,461,2,455,3,15000.0,0.0,45000.0
295,176,1,,1,551,550,299,1,10800.0,540.0,10260.0
296,176,1,,1,551,550,299,2,12000.0,2400.0,21600.0
297,42,2,2,1,529,2,1205,1,12000.0,1200.0,10800.0
298,42,2,2,1,529,2,1205,3,12000.0,1800.0,34200.0
299,582,1,,1,995,1933,1139,1,12000.0,600.0,11400.0
300,4,2,1,1,858,1,73,2,12000.0,480.0,23520.0
301,569,2,2,1,608,2,2286,2,12000.0,2400.0,21600.0
302,157,2,1,1,724,1,708,2,12600.0,2520.0,22680.0
303,649,1,,2,812,311,230,3,15000.0,4500.0,40500.0
304,1230,1,,1,948,1403,55,3,12600.0,3780.0,34020.0
305,197,1,,1,563,2867,3115,3,10800.0,3240.0,29160.0
306,731,1,,1,564,2594,1940,3,12000.0,720.0,35280.0
307,506,1,,1,817,2647,2901,3,12000.0,720.0,35280.0
308,751,2,2,2,831,2,3016,1,15000.0,1500.0,13500.0
309,485,1,,1,729,1341,201,3,12000.0,3600.0,32400.0
310,823,1,,2,525,57,2287,3,15750.0,0.0,47250.0
311,680,1,,1,783,1497,2906,1,13200.0,264.0,12936.0
312,680,1,,1,783,1497,2906,2,12000.0,0.0,24000.0
313,417,1,,2,689,2093,531,1,15000.0,0.0,15000.0
314,677,1,,1,879,2205,1685,2,12000.0,480.0,23520.0
315,1327,2,2,1,641,2,2411,2,12000.0,2400.0,21600.0
316,593,2,1,1,735,1,,1,12000.0,0.0,12000.0
317,593,2,1,1,735,1,,1,12000.0,0.0,12000.0
318,606,2,1,1,684,1,1048,3,12000.0,0.0,36000.0
319,137,2,2,1,812,2,2139,2,10800.0,432.0,21168.0
320,487,1,,1,416,1637,1298,1,12600.0,630.0,11970.0
321,487,1,,2,416,1637,1298,3,13500.0,810.0,39690.0
322,909,1,,2,659,2066,179,2,15000.0,3000.0,27000.0
323,909,1,,1,659,2066,179,1,12000.0,0.0,12000.0
324,179,2,1,2,650,1,2962,2,15000.0,3000.0,27000.0
325,179,2,1,1,650,1,2962,3,12000.0,3600.0,32400.0
326,183,1,,1,958,2017,1611,3,12600.0,756.0,37044.0
327,536,1,,2,890,827,2922,1,16500.0,0.0,16500.0
328,1341,2,1,1,622,1,,2,10800.0,1080.0,20520.0
329,378,2,1,2,859,1,,1,15000.0,300.0,14700.0
330,378,2,1,2,859,1,,2,13500.0,1350.0,25650.0
331,548,1,,1,1001,537,476,3,12000.0,0.0,36000.0
332,548,1,,2,1001,537,476,2,13500.0,1350.0,25650.0
333,757,1,,2,702,3131,116,1,15750.0,315.0,15435.0
334,522,2,4,1,665,4,2139,1,12000.0,1200.0,10800.0
335,1384,2,3,1,475,3,290,3,13200.0,0.0,39600.0
336,473,1,,2,630,843,1994,3,15750.0,4725.0,42525.0
337,1316,2,3,1,440,3,1075,3,12000.0,1800.0,34200.0
338,1356,2,1,2,427,1,1674,3,15000.0,900.0,44100.0
339,266,1,,1,844,1464,597,2,12600.0,504.0,24696.0
340,266,1,,1,844,1464,597,2,12000.0,2400.0,21600.0
341,1359,2,2,1,652,2,1810,2,10800.0,432.0,21168.0
342,843,1,,2,591,2933,1968,1,15000.0,300.0,14700.0
343,599,1,,1,640,105,83,2,12000.0,480.0,23520.0
344,1048,2,1,2,881,1,723,2,15000.0,600.0,29400.0
345,1048,2,1,2,881,1,723,2,15000.0,1500.0,28500.0
346,319,1,,2,726,3048,1480,2,15000.0,1500.0,28500.0
347,846,1,,1,978,975,661,2,13200.0,528.0,25872.0
348,1491,1,,2,712,2539,3128,2,16500.0,0.0,33000.0
349,79,1,,1,957,1366,1306,2,12000.0,0.0,24000.0
350,748,1,,1,688,3055,862,3,12000.0,720.0,35280.0
351,537,1,,2,731,3146,987,3,15000.0,4500.0,40500.0
352,303,2,2,1,962,2,2401,1,12600.0,1260.0,11340.0
353,303,2,2,2,962,2,2401,3,15750.0,945.0,46305.0
354,1065,1,,1,483,1757,1988,3,13200.0,0.0,39600.0
355,1065,1,,1,483,1757,1988,1,13200.0,264.0,12936.0
356,606,1,,1,858,1858,2324,2,12000.0,480.0,23520.0
357,606,1,,2,858,1858,2324,1,16500.0,825.0,15675.0
358,553,1,,2,425,1632,1948,2,15000.0,3000.0,27000.0
359,656,1,,1,804,361,1668,1,12000.0,600.0,11400.0
360,786,1,,2,652,1402,54,3,15750.0,945.0,46305.0
361,786,1,,1,652,1402,54,2,12000.0,1200.0,22800.0
362,663,2,1,1,412,1,1839,1,12000.0,240.0,11760.0
363,833,1,,1,408,1297,1046,3,12000.0,720.0,35280.0
364,833,1,,1,408,1297,1046,3,12000.0,0.0,36000.0
365,844,1,,1,664,1061,2889,2,13200.0,0.0,26400.0
366,720,1,,1,426,353,1437,3,12000.0,720.0,35280.0
367,169,2,1,1,637,1,2353,2,12000.0,0.0,24000.0
368,169,2,1,2,637,1,2353,3,13500.0,810.0,39690.0
369,969,1,,1,538,1858,95,1,12000.0,1200.0,10800.0
370,969,1,,1,538,1858,95,1,12000.0,1200.0,10800.0
371,268,2,4,1,877,4,2908,2,12000.0,0.0,24000.0
372,122,2,1,2,653,1,3023,2,15000.0,0.0,30000.0
373,122,2,1,1,653,1,3023,1,12000.0,0.0,12000.0
374,617,1,,1,794,2841,164,2,10800.0,0.0,21600.0
375,608,1,,2,958,2268,1523,3,15000.0,900.0,44100.0
376,732,2,1,2,567,1,1458,1,15000.0,300.0,14700.0
377,732,2,1,1,567,1,1458,1,12600.0,0.0,12600.0
378,211,1,,1,801,2122,600,2,12000.0,1200.0,22800.0
379,211,1,,1,801,2122,600,2,10800.0,432.0,21168.0
380,475,1,,1,728,1567,432,2,10800.0,2160.0,19440.0
381,949,1,,2,933,2712,1549,1,13500.0,675.0,12825.0
382,426,2,2,2,434,2,2971,2,15000.0,0.0,30000.0
383,426,2,2,2,434,2,2971,2,15000.0,1500.0,28500.0
384,386,1,,2,669,1443,1037,1,15000.0,0.0,15000.0
385,500,1,,2,558,2067,1798,2,15000.0,600.0,29400.0
386,677,2,1,2,899,1,1764,3,15000.0,2250.0,42750.0
387,33,2,1,1,763,1,2085,1,12000.0,240.0,11760.0
388,194,1,,2,788,3137,1296,3,15750.0,0.0,47250.0
389,194,1,,2,788,3137,1296,2,13500.0,540.0,26460.0
390,78,1,,1,674,2789,3031,1,12000.0,240.0,11760.0
391,78,1,,2,674,2789,3031,3,13500.0,4050.0,36450.0
392,78,1,,1,674,2789,3031,3,13200.0,1980.0,37620.0
393,102,1,,2,656,1996,825,3,16500.0,2475.0,47025.0
394,1072,2,4,2,850,4,2657,1,15000.0,300.0,14700.0
395,1072,2,4,1,850,4,2657,1,12600.0,630.0,11970.0
396,754,1,,1,964,1359,3164,2,12000.0,2400.0,21600.0
397,195,1,,1,478,1152,46,3,12000.0,0.0,36000.0
398,862,2,4,1,817,4,433,2,10800.0,1080.0,20520.0
399,240,2,2,2,545,2,491,1,15000.0,0.0,15000.0
400,682,2,1,2,954,1,761,3,15000.0,900.0,44100.0
401,849,2,1,1,674,1,536,3,12000.0,1800.0,34200.0
402,807,2,3,1,492,3,,3,12000.0,0.0,36000.0
403,901,1,,1,689,1279,,3,12000.0,3600.0,32400.0
404,901,1,,1,689,1279,,1,12000.0,240.0,11760.0
405,61,1,,1,492,371,,2,12000.0,0.0,24000.0
406,1082,1,,2,950,1272,1246,2,13500.0,0.0,27000.0
407,1082,1,,2,950,1272,1246,2,16500.0,3300.0,29700.0
408,1286,2,3,1,441,3,3149,3,12000.0,3600.0,32400.0
409,1416,1,,2,440,1942,1586,1,15000.0,1500.0,13500.0
410,1416,1,,2,440,1942,1586,3,15750.0,2362.5,44887.5
411,1416,1,,2,440,1942,1586,3,13500.0,810.0,39690.0
412,979,1,,1,834,2689,2941,2,12600.0,0.0,25200.0
413,800,1,,2,485,969,959,3,15000.0,2250.0,42750.0
414,800,1,,1,485,969,959,2,13200.0,0.0,26400.0
415,800,1,,2,621,3193,920,1,15000.0,1500.0,13500.0
416,757,1,,2,452,1366,802,1,15000.0,1500.0,13500.0
417,1194,2,1,1,465,1,2964,3,12600.0,0.0,37800.0
418,673,1,,1,735,1712,,2,12000.0,2400.0,21600.0
419,1266,2,2,2,738,2,2233,2,15750.0,1575.0,29925.0
420,7,2,2,2,785,2,2850,2,15750.0,1575.0,29925.0
421,1040,2,3,2,870,3,148,3,15000.0,0.0,45000.0
422,1040,2,3,2,870,3,148,1,15000.0,750.0,14250.0
423,873,1,,2,654,2430,1127,1,15000.0,0.0,15000.0
424,873,1,,1,654,2430,1127,1,12000.0,240.0,11760.0
425,1336,1,,2,856,2185,386,1,15750.0,1575.0,14175.0
426,1336,1,,2,856,2185,386,2,15000.0,0.0,30000.0
427,708,2,1,2,848,1,1521,1,15750.0,1575.0,14175.0
428,708,2,1,2,848,1,1521,3,15000.0,0.0,45000.0
429,380,1,,2,594,742,4,2,16500.0,3300.0,29700.0
430,634,2,4,1,645,4,2997,1,12600.0,0.0,12600.0
431,578,1,,1,476,2483,2574,1,12000.0,240.0,11760.0
432,1479,1,,2,961,517,2062,1,15000.0,750.0,14250.0
433,1479,1,,2,961,517,2062,1,15000.0,0.0,15000.0
434,1399,1,,2,945,3181,1855,3,15000.0,900.0,44100.0
435,1399,1,,2,945,3181,1855,2,16500.0,0.0,33000.0
436,522,2,4,1,690,4,2659,3,10800.0,1620.0,30780.0
437,247,2,1,1,822,1,752,2,10800.0,1080.0,20520.0
438,247,2,1,1,822,1,752,2,12600.0,504.0,24696.0
439,96,2,4,2,742,4,193,2,16500.0,0.0,33000.0
440,96,2,4,1,742,4,193,2,12600.0,504.0,24696.0
441,798,2,2,1,653,2,,2,13200.0,2640.0,23760.0
442,21,1,,1,533,2820,2288,3,12000.0,1800.0,34200.0
443,21,1,,1,533,2820,2288,3,12000.0,720.0,35280.0
444,1236,1,,1,740,1160,1582,2,12600.0,504.0,24696.0
445,130,1,,2,772,2634,1458,3,13500.0,2025.0,38475.0
446,130,1,,2,772,2634,1458,2,15000.0,1500.0,28500.0
447,169,1,,1,440,1195,2389,3,13200.0,3960.0,35640.0
448,973,2,2,1,714,2,2436,2,12000.0,0.0,24000.0
449,1449,1,,2,724,1764,2195,3,15000.0,4500.0,40500.0
450,1449,1,,2,724,1764,2195,1,15750.0,315.0,15435.0
451,210,1,,1,991,2680,3168,3,12000.0,0.0,36000.0
452,210,1,,2,991,2680,3168,1,15000.0,300.0,14700.0
453,737,1,,1,716,2292,2218,1,13200.0,264.0,12936.0
454,1350,1,,1,858,1059,1764,2,12000.0,480.0,23520.0
455,1350,1,,1,858,1059,1764,3,12000.0,1800.0,34200.0
456,170,1,,2,406,1428,1984,3,16500.0,990.0,48510.0
457,170,1,,1,406,1428,1984,1,12000.0,600.0,11400.0
458,217,1,,1,566,1796,2687,1,12000.0,0.0,12000.0
459,217,1,,1,566,1796,2687,2,13200.0,0.0,26400.0
460,254,1,,2,621,2438,2749,1,15000.0,1500.0,13500.0
461,1400,1,,2,447,1653,722,2,13500.0,540.0,26460.0
462,1400,1,,1,447,1653,722,1,12000.0,240.0,11760.0
463,1213,1,,2,859,2202,1905,3,15000.0,900.0,44100.0
464,1410,1,,1,583,3049,167,1,12000.0,1200.0,10800.0
465,128,2,2,1,721,2,2350,2,12600.0,0.0,25200.0
466,499,1,,2,645,601,1440,1,15000.0,750.0,14250.0
467,494,1,,1,589,2683,2641,1,12600.0,1260.0,11340.0
468,494,1,,1,589,2683,2641,1,12000.0,1200.0,10800.0
469,755,1,,2,570,2503,561,2,16500.0,0.0,33000.0
470,518,1,,1,487,2592,359,3,12600.0,3780.0,34020.0
471,1171,2,4,1,802,4,261,3,12000.0,1800.0,34200.0
472,1261,1,,2,596,1440,2085,3,15000.0,900.0,44100.0
473,468,2,4,1,685,4,2981,1,10800.0,540.0,10260.0
474,503,1,,1,607,2651,803,3,12000.0,0.0,36000.0
475,1073,2,3,1,443,3,863,3,12000.0,720.0,35280.0
476,997,2,1,2,489,1,1525,2,15000.0,3000.0,27000.0
477,435,1,,2,778,2445,1597,2,15750.0,3150.0,28350.0
478,1401,2,4,1,859,4,74,3,12000.0,1800.0,34200.0
479,202,1,,1,860,1194,2684,1,13200.0,0.0,13200.0
480,920,1,,2,709,173,,3,15000.0,4500.0,40500.0
481,1101,1,,2,887,1472,,3,15000.0,900.0,44100.0
482,305,1,,1,425,1215,1282,1,12000.0,240.0,11760.0
483,268,1,,2,920,2817,2452,2,15000.0,1500.0,28500.0
484,636,2,3,2,556,3,3010,2,15000.0,600.0,29400.0
485,736,2,4,1,632,4,3148,2,12000.0,1200.0,22800.0
486,736,2,4,1,632,4,3148,3,10800.0,3240.0,29160.0
487,938,1,,1,750,227,1982,3,13200.0,3960.0,35640.0
488,938,1,,1,750,227,1982,2,12000.0,480.0,23520.0
489,356,1,,1,592,2341,2344,3,12000.0,0.0,36000.0
490,544,1,,1,524,406,874,1,12000.0,600.0,11400.0
491,952,2,2,1,961,2,3061,2,12600.0,504.0,24696.0
492,1016,1,,1,963,398,2287,3,12000.0,1800.0,34200.0
493,1016,1,,1,963,398,2287,3,12000.0,3600.0,32400.0
494,1183,1,,2,927,449,1945,3,15750.0,945.0,46305.0
495,1154,1,,2,840,1665,2955,2,13500.0,0.0,27000.0
496,1056,1,,1,672,2061,1505,2,12000.0,2400.0,21600.0
497,666,2,1,1,711,1,1635,3,12000.0,3600.0,32400.0
498,1010,2,2,2,961,2,325,2,15750.0,1575.0,29925.0
499,977,1,,2,380,669,1694,2,15000.0,0.0,30000.0
500,172,1,,1,599,1165,683,1,12600.0,630.0,11970.0
501,1179,1,,1,414,962,1331,1,12600.0,0.0,12600.0
502,1048,2,2,2,835,2,3000,3,15000.0,900.0,44100.0
503,480,1,,2,906,2572,2379,1,15750.0,1575.0,14175.0
504,164,2,2,2,715,2,833,3,15000.0,2250.0,42750.0
505,902,2,1,2,580,1,1027,2,15000.0,0.0,30000.0
506,1096,1,,2,979,442,254,3,13500.0,810.0,39690.0
507,1208,1,,1,897,2804,1379,1,10800.0,0.0,10800.0
508,538,2,2,2,530,2,,2,16500.0,660.0,32340.0
509,538,2,2,2,530,2,,2,13500.0,2700.0,24300.0
510,695,1,,2,869,1403,1944,2,15750.0,0.0,31500.0
511,695,1,,1,869,1403,1944,3,12600.0,3780.0,34020.0
512,766,1,,2,538,1821,1019,2,15000.0,0.0,30000.0
513,295,2,2,2,690,2,236,2,16500.0,3300.0,29700.0
514,295,2,2,2,690,2,236,1,13500.0,675.0,12825.0
515,864,1,,1,890,705,1406,3,12000.0,720.0,35280.0
516,314,2,2,2,497,2,796,2,15750.0,3150.0,28350.0
517,314,2,2,2,497,2,796,1,15000.0,300.0,14700.0
518,314,2,2,1,497,2,796,3,10800.0,0.0,32400.0
519,299,2,1,2,662,1,,1,15000.0,750.0,14250.0
520,786,1,,1,817,1285,2754,3,12000.0,0.0,36000.0
521,356,1,,2,520,3017,2023,2,15000.0,1500.0,28500.0
522,356,1,,2,520,3017,2023,1,15000.0,0.0,15000.0
523,792,1,,1,489,2065,413,1,10800.0,540.0,10260.0
524,88,1,,2,441,1077,770,1,15750.0,0.0,15750.0
525,1426,1,,2,403,1346,,1,15000.0,1500.0,13500.0
526,1,2,2,2,593,2,1229,2,15000.0,600.0,29400.0
527,803,2,3,1,445,3,1971,1,12000.0,240.0,11760.0
528,589,1,,2,943,2934,1438,3,13500.0,2025.0,38475.0
529,1238,2,3,1,518,3,2722,3,12600.0,756.0,37044.0
530,293,1,,1,592,1043,1973,3,13200.0,3960.0,35640.0
531,293,1,,1,592,1043,1973,1,12600.0,1260.0,11340.0
532,882,1,,1,917,496,2425,1,12000.0,0.0,12000.0
533,913,1,,2,454,3172,400,2,15000.0,0.0,30000.0
534,913,1,,1,454,3172,400,3,12000.0,720.0,35280.0
535,960,2,2,2,642,2,1347,1,15000.0,0.0,15000.0
536,960,2,2,1,642,2,1347,3,12000.0,3600.0,32400.0
537,1084,2,1,1,803,1,2362,1,12600.0,0.0,12600.0
538,1411,2,2,2,906,2,3100,3,13500.0,0.0,40500.0
539,889,1,,1,719,1351,2167,3,13200.0,3960.0,35640.0
540,814,1,,2,714,1075,2030,3,15000.0,0.0,45000.0
541,293,1,,1,802,1501,582,2,13200.0,1320.0,25080.0
542,293,1,,1,802,1501,582,1,12000.0,240.0,11760.0
543,1121,1,,2,597,568,1877,2,15000.0,600.0,29400.0
544,1121,1,,1,597,568,1877,3,13200.0,3960.0,35640.0
545,696,2,1,2,603,1,1508,3,15000.0,2250.0,42750.0
546,331,1,,1,908,2783,1707,1,12000.0,600.0,11400.0
547,331,1,,2,908,2783,1707,1,15000.0,750.0,14250.0
548,106,1,,2,682,1901,1657,2,15750.0,630.0,30870.0
549,918,2,2,1,977,2,2640,3,12000.0,3600.0,32400.0
550,305,1,,1,932,2334,,3,12000.0,720.0,35280.0
551,381,1,,2,678,3108,649,3,13500.0,2025.0,38475.0
552,176,2,3,1,689,3,,2,12000.0,480.0,23520.0
553,1269,2,2,1,513,2,2017,2,12000.0,0.0,24000.0
554,128,1,,1,863,1304,,2,12600.0,0.0,25200.0
555,128,1,,2,863,1304,,1,15000.0,750.0,14250.0
556,424,2,2,2,851,2,2976,1,15000.0,300.0,14700.0
557,7,2,4,2,886,4,788,2,16500.0,660.0,32340.0
558,105,2,3,1,455,3,2636,2,13200.0,0.0,26400.0
559,1415,1,,2,544,984,2354,2,15000.0,3000.0,27000.0
560,1415,1,,1,544,984,2354,1,12000.0,600.0,11400.0
561,283,1,,2,447,941,2507,2,15000.0,1500.0,28500.0
562,283,1,,1,447,941,2507,3,12600.0,1890.0,35910.0
563,1430,2,2,1,709,2,176,1,12000.0,600.0,11400.0
564,673,1,,1,609,2831,140,3,12000.0,3600.0,32400.0
565,1419,1,,2,784,2928,1921,2,15000.0,3000.0,27000.0
566,1419,1,,2,784,2928,1921,2,15000.0,1500.0,28500.0
567,39,2,1,1,891,1,1882,2,12000.0,480.0,23520.0
568,189,1,,1,556,6,2762,1,12000.0,240.0,11760.0
569,526,2,2,1,1000,2,,1,10800.0,216.0,10584.0
570,790,1,,1,557,874,246,3,12000.0,0.0,36000.0
571,464,1,,2,553,1238,2446,1,13500.0,1350.0,12150.0
572,464,1,,1,553,1238,2446,2,12000.0,480.0,23520.0
573,262,1,,2,415,2189,764,2,15000.0,600.0,29400.0
574,1051,2,1,1,833,1,266,3,10800.0,3240.0,29160.0
575,1051,2,1,2,833,1,266,2,16500.0,3300.0,29700.0
576,582,1,,1,759,2752,1138,3,12600.0,0.0,37800.0
577,3,1,,1,980,1934,2662,3,12600.0,3780.0,34020.0
578,678,1,,1,385,67,1624,3,13200.0,1980.0,37620.0
579,369,1,,1,740,1834,1779,1,10800.0,0.0,10800.0
580,71,1,,1,468,1894,2242,2,12000.0,0.0,24000.0
581,1251,1,,2,505,3078,2395,3,15000.0,2250.0,42750.0
582,1251,1,,2,505,3078,2395,1,16500.0,330.0,16170.0
583,143,2,4,1,595,4,784,3,12000.0,0.0,36000.0
584,126,1,,2,671,73,,3,15000.0,2250.0,42750.0
585,945,2,4,2,854,4,1053,3,16500.0,990.0,48510.0
586,592,1,,1,369,3164,332,2,12000.0,1200.0,22800.0
587,462,2,2,1,667,2,1334,1,12600.0,1260.0,11340.0
588,462,2,2,2,667,2,1334,3,16500.0,0.0,49500.0
589,274,1,,1,443,627,1286,3,12600.0,756.0,37044.0
590,703,2,3,2,510,3,955,3,15000.0,900.0,44100.0
591,723,2,1,2,843,1,526,3,15750.0,4725.0,42525.0
592,723,2,1,2,843,1,526,1,15000.0,300.0,14700.0
593,723,2,1,2,843,1,526,3,15000.0,2250.0,42750.0
594,310,1,,1,747,69,632,3,13200.0,3960.0,35640.0
595,410,2,2,1,570,2,698,2,12000.0,0.0,24000.0
596,495,1,,1,591,1228,2611,3,12000.0,720.0,35280.0
597,457,1,,1,678,2613,3154,3,12000.0,720.0,35280.0
598,852,2,1,1,742,1,2187,1,12000.0,600.0,11400.0
599,793,1,,2,458,2005,1947,2,13500.0,540.0,26460.0
600,793,1,,2,458,2005,1947,2,15000.0,0.0,30000.0
601,789,1,,2,615,1384,,1,15750.0,0.0,15750.0
602,1075,2,4,2,466,4,2354,2,15000.0,1500.0,28500.0
603,814,1,,2,790,2031,2625,3,15750.0,2362.5,44887.5
604,1270,1,,1,470,717,830,1,12000.0,240.0,11760.0
605,442,1,,1,874,67,84,3,12000.0,3600.0,32400.0
606,1109,1,,2,570,1487,2916,2,15000.0,3000.0,27000.0
607,1109,1,,1,570,1487,2916,3,12000.0,720.0,35280.0
608,1109,1,,1,570,1487,2916,2,10800.0,0.0,21600.0
609,1107,2,4,1,635,4,1550,1,13200.0,0.0,13200.0
610,1107,2,4,2,635,4,1550,3,13500.0,810.0,39690.0
611,1107,2,4,2,635,4,1550,1,15000.0,300.0,14700.0
612,1229,1,,2,1001,23,251,1,13500.0,675.0,12825.0
613,498,1,,1,666,2170,,2,12000.0,0.0,24000.0
614,498,1,,2,666,2170,,1,15750.0,0.0,15750.0
615,738,1,,1,715,1364,1255,2,13200.0,2640.0,23760.0
616,1412,1,,2,457,327,2191,1,15750.0,315.0,15435.0
617,1462,1,,1,449,2211,1267,1,12000.0,1200.0,10800.0
618,1462,1,,1,449,2211,1267,1,12600.0,1260.0,11340.0
619,167,1,,2,512,900,1158,3,15000.0,0.0,45000.0
620,1066,1,,1,972,517,545,1,12000.0,1200.0,10800.0
621,1075,2,1,1,466,1,75,3,12600.0,756.0,37044.0
622,1393,1,,2,583,2360,1078,2,16500.0,1650.0,31350.0
623,1393,1,,1,583,2360,1078,2,12000.0,0.0,24000.0
624,1393,1,,2,583,2360,1078,3,15000.0,900.0,44100.0
625,181,1,,2,926,1085,187,1,15000.0,750.0,14250.0
626,181,1,,2,926,1085,187,3,15000.0,4500.0,40500.0
627,746,2,2,1,733,2,66,3,12000.0,3600.0,32400.0
628,1188,1,,1,668,2144,1497,3,13200.0,1980.0,37620.0
629,803,1,,2,893,2869,3128,3,13500.0,810.0,39690.0
630,316,2,2,2,404,2,1278,1,15000.0,300.0,14700.0
631,56,2,1,1,377,1,317,3,12000.0,1800.0,34200.0
632,1427,1,,1,938,1425,2585,1,12600.0,252.0,12348.0
633,1172,1,,1,789,27,2875,3,12000.0,3600.0,32400.0
634,613,2,1,2,581,1,1694,1,15000.0,750.0,14250.0
635,941,2,2,1,865,2,1578,2,12000.0,1200.0,22800.0
636,748,1,,2,818,1602,264,1,15000.0,0.0,15000.0
637,748,1,,2,818,1602,264,3,15000.0,900.0,44100.0
638,780,1,,1,868,68,2102,1,12000.0,600.0,11400.0
639,642,2,3,1,404,3,295,1,12000.0,1200.0,10800.0
640,320,2,2,2,921,2,1194,3,15000.0,900.0,44100.0
641,843,2,3,1,890,3,837,3,12000.0,0.0,36000.0
642,956,2,2,1,394,2,,1,12000.0,0.0,12000.0
643,956,2,2,2,394,2,,1,13500.0,1350.0,12150.0
644,348,2,1,2,707,1,2903,2,16500.0,1650.0,31350.0
645,445,1,,1,373,612,673,1,12000.0,0.0,12000.0
646,758,1,,1,949,3156,2493,2,13200.0,0.0,26400.0
647,481,1,,2,544,2818,509,3,15000.0,2250.0,42750.0
648,1303,2,3,2,571,3,264,1,15000.0,1500.0,13500.0
649,1303,2,3,2,571,3,264,2,15000.0,600.0,29400.0
650,1020,2,4,1,731,4,2828,2,12000.0,0.0,24000.0
651,1376,1,,2,506,1593,2641,3,15000.0,0.0,45000.0
652,1083,2,1,1,967,1,1345,3,12000.0,3600.0,32400.0
653,1083,2,1,1,967,1,1345,2,12000.0,480.0,23520.0
654,760,2,1,1,639,1,387,1,12000.0,1200.0,10800.0
655,760,2,1,2,639,1,387,1,15000.0,300.0,14700.0
656,1011,2,2,1,686,2,1742,1,12000.0,1200.0,10800.0
657,913,2,3,2,1001,3,1837,1,15000.0,0.0,15000.0
658,913,2,3,2,1001,3,1837,1,15750.0,315.0,15435.0
659,1012,1,,1,908,1953,3151,1,12000.0,240.0,11760.0
660,1228,1,,2,572,2718,3141,3,15750.0,945.0,46305.0
661,1180,2,3,2,851,3,1379,2,16500.0,3300.0,29700.0
662,1180,2,3,1,851,3,1379,3,13200.0,0.0,39600.0
663,173,1,,2,684,2522,1421,1,15000.0,300.0,14700.0
664,143,2,1,1,612,1,355,2,12000.0,0.0,24000.0
665,143,2,1,2,612,1,355,3,15000.0,0.0,45000.0
666,1036,1,,2,612,318,978,1,15000.0,300.0,14700.0
667,829,1,,2,918,2139,,1,15750.0,1575.0,14175.0
668,214,1,,2,832,2662,688,3,15000.0,0.0,45000.0
669,214,1,,1,832,2662,688,1,12000.0,600.0,11400.0
670,1242,2,1,2,505,1,2468,2,15000.0,0.0,30000.0
671,1379,1,,1,642,559,910,2,12000.0,2400.0,21600.0
672,1415,1,,1,963,3062,696,3,12000.0,720.0,35280.0
673,511,1,,1,770,2531,,2,12000.0,1200.0,22800.0
674,920,2,2,1,835,2,1987,3,12000.0,1800.0,34200.0
675,69,1,,1,706,611,42,3,12600.0,1890.0,35910.0
676,492,2,4,2,922,4,1304,1,15750.0,0.0,15750.0
677,523,1,,1,520,1392,1405,2,10800.0,2160.0,19440.0
678,1382,1,,2,946,60,2882,3,15000.0,900.0,44100.0
679,310,1,,2,611,2267,993,1,15000.0,0.0,15000.0
680,310,1,,1,611,2267,993,2,12000.0,2400.0,21600.0
681,310,1,,1,611,2267,993,2,12000.0,0.0,24000.0
682,457,1,,2,372,2650,2567,3,16500.0,0.0,49500.0
683,396,1,,1,990,2878,2141,1,12000.0,240.0,11760.0
684,538,2,3,2,713,3,,2,13500.0,540.0,26460.0
685,6,2,1,2,652,1,2658,2,15000.0,3000.0,27000.0
686,6,2,1,1,652,1,2658,2,10800.0,0.0,21600.0
687,6,2,1,2,652,1,2658,2,15000.0,1500.0,28500.0
688,733,1,,2,366,1421,1648,1,16500.0,1650.0,14850.0
689,56,2,1,1,808,1,2423,3,10800.0,0.0,32400.0
690,56,2,1,1,808,1,2423,3,12000.0,720.0,35280.0
691,56,2,1,1,808,1,2423,2,12000.0,2400.0,21600.0
692,367,1,,1,537,2620,993,2,12000.0,0.0,24000.0
693,812,2,1,1,904,1,2117,1,12000.0,1200.0,10800.0
694,669,1,,1,477,1410,2944,3,12600.0,0.0,37800.0
695,669,1,,1,477,1410,2944,1,12000.0,240.0,11760.0
696,566,1,,1,394,2584,2110,3,10800.0,1620.0,30780.0
697,566,1,,2,394,2584,2110,3,16500.0,0.0,49500.0
698,1055,1,,1,605,2176,2923,2,12000.0,1200.0,22800.0
699,1055,1,,2,605,2176,2923,2,15750.0,1575.0,29925.0
700,577,1,,1,604,3111,643,2,12000.0,0.0,24000.0
701,577,1,,1,604,3111,643,1,12000.0,0.0,12000.0
702,689,2,3,1,629,3,2667,2,12000.0,480.0,23520.0
703,787,2,4,2,499,4,1856,3,15000.0,0.0,45000.0
704,32,1,,1,378,2191,2150,2,12000.0,2400.0,21600.0
705,434,1,,2,415,1440,1429,3,15000.0,900.0,44100.0
706,1470,2,2,2,870,2,,2,15000.0,0.0,30000.0
707,226,2,3,2,418,3,630,1,15000.0,0.0,15000.0
708,1190,1,,1,658,3145,515,3,12000.0,0.0,36000.0
709,1190,1,,1,658,3145,515,1,12000.0,240.0,11760.0
710,1004,1,,1,497,1335,2377,2,12000.0,480.0,23520.0
711,1315,2,4,2,709,4,2705,2,16500.0,0.0,33000.0
712,701,1,,2,650,66,,1,15000.0,1500.0,13500.0
713,843,1,,1,849,1627,3012,3,12000.0,1800.0,34200.0
714,1167,1,,1,783,270,1327,2,10800.0,1080.0,20520.0
715,681,1,,1,830,1809,2280,2,12000.0,480.0,23520.0
716,681,1,,1,830,1809,2280,2,12600.0,504.0,24696.0
717,513,2,4,1,792,4,1158,3,12000.0,0.0,36000.0
718,970,2,1,1,608,1,2541,3,12600.0,3780.0,34020.0
719,383,1,,2,716,1760,70,2,13500.0,2700.0,24300.0
720,527,1,,1,790,705,2111,2,10800.0,432.0,21168.0
721,527,1,,1,790,705,2111,2,12000.0,2400.0,21600.0
722,757,1,,1,823,159,2526,1,12000.0,1200.0,10800.0
723,12,2,3,1,731,3,2594,1,12000.0,0.0,12000.0
724,1022,1,,1,488,567,273,3,12600.0,756.0,37044.0
725,619,1,,2,574,2381,91,1,15000.0,750.0,14250.0
726,461,2,3,2,448,3,1001,1,16500.0,1650.0,14850.0
727,1454,2,1,1,818,1,2781,2,12600.0,504.0,24696.0
728,1199,1,,1,686,406,389,2,13200.0,2640.0,23760.0
729,1398,1,,1,884,91,,2,12000.0,0.0,24000.0
730,401,1,,2,992,119,139,2,15750.0,1575.0,29925.0
731,1360,1,,1,804,283,,2,12000.0,1200.0,22800.0
732,768,1,,1,836,1343,530,3,12600.0,3780.0,34020.0
733,295,1,,1,1003,463,744,2,12000.0,0.0,24000.0
734,295,1,,1,1003,463,744,1,12000.0,1200.0,10800.0
735,1270,2,2,1,845,2,,2,12000.0,2400.0,21600.0
736,999,2,3,1,541,3,1498,3,12000.0,0.0,36000.0
737,264,1,,2,876,249,3152,3,15000.0,900.0,44100.0
738,1372,1,,2,944,2737,606,1,15000.0,1500.0,13500.0
739,103,2,1,1,753,1,3058,3,10800.0,3240.0,29160.0
740,493,2,3,2,464,3,1527,2,15000.0,600.0,29400.0
741,136,2,4,2,632,4,2658,3,15000.0,0.0,45000.0
742,1399,2,1,2,742,1,2782,1,15000.0,750.0,14250.0
743,1399,2,1,2,742,1,2782,3,15000.0,900.0,44100.0
744,1364,1,,2,859,1353,2353,3,15750.0,0.0,47250.0
745,1437,1,,1,805,562,2114,3,12000.0,1800.0,34200.0
746,108,1,,1,886,2457,957,3,12000.0,1800.0,34200.0
747,1480,2,2,2,445,2,1548,1,13500.0,1350.0,12150.0
748,1220,2,4,1,499,4,2752,2,12600.0,0.0,25200.0
749,1220,2,4,1,499,4,2752,1,12000.0,0.0,12000.0
750,439,1,,2,527,298,1764,3,15000.0,4500.0,40500.0
751,439,1,,2,527,298,1764,2,15000.0,0.0,30000.0
752,68,1,,1,830,932,850,2,12000.0,1200.0,22800.0
753,691,2,4,2,583,4,3002,2,15000.0,3000.0,27000.0
754,1039,2,4,1,537,4,1729,2,10800.0,2160.0,19440.0
755,1039,2,4,1,537,4,1729,1,12600.0,1260.0,11340.0
756,1259,2,1,1,862,1,100,1,12000.0,600.0,11400.0
757,1373,2,1,2,610,1,2421,2,15000.0,1500.0,28500.0
758,274,2,3,2,477,3,3147,1,13500.0,0.0,13500.0
759,1372,2,1,2,610,1,2706,3,15750.0,0.0,47250.0
760,1385,1,,1,378,2096,32,3,12000.0,720.0,35280.0
761,433,1,,1,453,2457,1009,3,12000.0,3600.0,32400.0
762,531,2,1,2,850,1,16,3,13500.0,810.0,39690.0
763,1152,1,,1,517,1450,65,2,12000.0,2400.0,21600.0
764,1031,2,2,1,746,2,302,3,12000.0,0.0,36000.0
765,524,2,1,2,688,1,165,1,15750.0,787.5,14962.5
766,196,1,,1,852,279,1257,1,13200.0,0.0,13200.0
767,90,1,,1,493,498,,2,12600.0,504.0,24696.0
768,90,1,,1,493,498,,3,12000.0,3600.0,32400.0
769,1426,1,,2,456,791,1639,1,15000.0,1500.0,13500.0
770,844,1,,1,646,2497,1892,2,12000.0,2400.0,21600.0
771,1440,1,,1,705,1933,,3,12000.0,720.0,35280.0
772,978,1,,1,534,1918,1620,1,12000.0,240.0,11760.0
773,978,1,,2,534,1918,1620,1,15000.0,1500.0,13500.0
774,1150,2,3,2,506,3,177,1,15000.0,0.0,15000.0
775,1150,2,3,1,506,3,177,1,12000.0,1200.0,10800.0
776,402,1,,1,968,808,,1,12000.0,0.0,12000.0
777,402,1,,2,968,808,,2,15000.0,600.0,29400.0
778,334,2,2,2,731,2,,1,16500.0,330.0,16170.0
779,99,1,,2,781,1282,1280,2,15000.0,0.0,30000.0
780,99,1,,1,781,1282,1280,1,12000.0,240.0,11760.0
781,99,1,,1,781,1282,1280,2,12000.0,0.0,24000.0
782,1420,2,1,1,944,1,1984,1,12600.0,630.0,11970.0
783,1420,2,1,2,944,1,1984,1,13500.0,0.0,13500.0
784,903,1,,2,546,1082,18,3,15000.0,2250.0,42750.0
785,903,1,,2,546,1082,18,1,15750.0,787.5,14962.5
786,258,1,,1,664,654,,2,12000.0,0.0,24000.0
787,223,2,2,1,419,2,2682,2,12000.0,2400.0,21600.0
788,376,2,3,1,583,3,2620,3,12000.0,720.0,35280.0
789,919,1,,2,802,847,499,3,15000.0,2250.0,42750.0
790,900,1,,1,679,41,87,1,10800.0,540.0,10260.0
791,900,1,,2,679,41,87,1,15750.0,315.0,15435.0
792,639,2,1,2,590,1,1839,3,16500.0,2475.0,47025.0
793,188,1,,2,421,1543,2098,3,15000.0,900.0,44100.0
794,188,1,,1,421,1543,2098,2,12000.0,480.0,23520.0
795,147,2,4,1,662,4,24,2,12600.0,504.0,24696.0
796,1119,1,,2,425,529,1336,3,15000.0,0.0,45000.0
797,41,1,,2,742,728,1608,3,15000.0,4500.0,40500.0
798,589,1,,2,614,2594,1107,1,15000.0,750.0,14250.0
799,358,1,,2,705,2069,2520,3,15750.0,4725.0,42525.0
800,358,1,,1,859,1817,141,1,12600.0,252.0,12348.0
801,358,1,,1,859,1817,141,2,12000.0,2400.0,21600.0
802,855,1,,2,667,840,2610,3,16500.0,990.0,48510.0
803,142,2,2,1,530,2,2961,1,10800.0,216.0,10584.0
804,79,2,3,2,415,3,1544,1,13500.0,1350.0,12150.0
805,338,1,,1,519,443,1300,3,10800.0,3240.0,29160.0
806,1019,2,1,2,686,1,293,3,15000.0,4500.0,40500.0
807,1019,2,1,2,686,1,293,1,15000.0,1500.0,13500.0
808,590,2,2,1,511,2,283,3,13200.0,1980.0,37620.0
809,1120,1,,1,847,2137,,1,12600.0,630.0,11970.0
810,1120,1,,1,847,2137,,2,12600.0,0.0,25200.0
811,1120,1,,1,847,2137,,3,12000.0,1800.0,34200.0
812,1154,1,,1,594,2238,222,2,12000.0,480.0,23520.0
813,1228,1,,1,866,911,,3,12000.0,3600.0,32400.0
814,172,1,,1,960,1078,2427,2,13200.0,1320.0,25080.0
815,593,2,3,1,763,3,1519,1,10800.0,216.0,10584.0
816,593,2,3,2,763,3,1519,2,15750.0,630.0,30870.0
817,593,2,3,2,763,3,1519,2,16500.0,0.0,33000.0
818,681,2,2,2,396,2,2320,2,15000.0,0.0,30000.0
819,840,1,,1,844,486,1283,2,12000.0,0.0,24000.0
820,840,1,,2,844,486,1283,2,13500.0,2700.0,24300.0
821,1145,1,,1,537,35,1493,3,10800.0,648.0,31752.0
822,412,1,,2,746,2750,2752,2,15000.0,0.0,30000.0
823,400,1,,1,939,2865,1965,2,12000.0,480.0,23520.0
824,698,1,,1,416,181,586,3,12000.0,720.0,35280.0
825,751,1,,1,663,2750,2846,2,12600.0,0.0,25200.0
826,751,1,,2,663,2750,2846,3,15000.0,900.0,44100.0
827,1495,1,,1,899,576,606,3,10800.0,648.0,31752.0
828,1495,1,,1,899,576,606,2,12000.0,0.0,24000.0
829,1207,1,,2,657,1211,,3,15750.0,0.0,47250.0
830,1207,1,,1,657,1211,,3,13200.0,1980.0,37620.0
831,691,2,2,2,533,2,1900,2,15000.0,1500.0,28500.0
832,144,2,4,1,675,4,1762,2,12000.0,0.0,24000.0
833,144,2,4,2,675,4,1762,1,15000.0,1500.0,13500.0
834,136,2,3,1,556,3,1089,3,12600.0,0.0,37800.0
835,136,2,3,1,556,3,1089,1,12600.0,1260.0,11340.0
836,136,2,3,1,556,3,1089,3,12000.0,1800.0,34200.0
837,984,2,2,2,424,2,2217,3,15750.0,4725.0,42525.0
838,165,2,4,1,549,4,267,3,13200.0,792.0,38808.0
839,893,1,,1,760,2282,811,2,12000.0,480.0,23520.0
840,893,1,,1,760,2282,811,3,12600.0,756.0,37044.0
841,1117,1,,2,837,2472,1067,2,15000.0,3000.0,27000.0
842,992,2,3,2,620,3,1521,1,13500.0,675.0,12825.0
843,992,2,3,1,620,3,1521,2,12000.0,0.0,24000.0
844,1325,2,3,1,653,3,2107,3,12000.0,720.0,35280.0
845,232,2,4,1,577,4,972,3,12600.0,756.0,37044.0
846,1051,1,,2,634,1385,2106,3,13500.0,810.0,39690.0
847,809,2,1,1,786,1,2069,3,12000.0,1800.0,34200.0
848,809,2,1,1,786,1,2069,1,12000.0,240.0,11760.0
849,809,2,1,1,786,1,2069,2,12600.0,504.0,24696.0
850,442,1,,1,646,510,2912,2,10800.0,0.0,21600.0
851,385,2,4,1,752,4,2432,3,10800.0,648.0,31752.0
852,24,2,3,2,392,3,1142,2,15750.0,3150.0,28350.0
853,548,2,3,2,416,3,1264,3,15000.0,900.0,44100.0
854,1429,1,,2,475,211,2455,2,16500.0,1650.0,31350.0
855,1417,2,2,1,783,2,2164,1,12600.0,252.0,12348.0
856,750,1,,1,636,2565,,3,12600.0,1890.0,35910.0
857,750,1,,2,636,2565,,2,15000.0,3000.0,27000.0
858,1451,1,,1,652,1888,2249,1,12000.0,0.0,12000.0
859,1451,1,,2,652,1888,2249,3,15750.0,4725.0,42525.0
860,1147,1,,1,406,1154,272,2,10800.0,2160.0,19440.0
861,1489,1,,2,976,2965,634,2,15000.0,600.0,29400.0
862,1489,1,,2,976,2965,634,2,13500.0,0.0,27000.0
863,1489,1,,1,976,2965,634,3,12600.0,1890.0,35910.0
864,1216,1,,1,806,38,3112,3,12000.0,720.0,35280.0
865,1216,1,,2,806,38,3112,1,15000.0,0.0,15000.0
866,758,1,,2,570,1409,170,1,15000.0,300.0,14700.0
867,1297,1,,2,571,1560,3069,3,15000.0,0.0,45000.0
868,561,1,,1,919,571,2878,3,13200.0,0.0,39600.0
869,1017,1,,1,989,2952,1181,3,10800.0,1620.0,30780.0
870,404,1,,1,892,528,3026,1,12000.0,1200.0,10800.0
871,31,2,4,1,602,4,2139,2,12000.0,480.0,23520.0
872,648,1,,2,829,2732,1900,1,15000.0,1500.0,13500.0
873,157,1,,1,598,2384,2161,3,12000.0,0.0,36000.0
874,527,2,1,2,781,1,1942,2,15750.0,3150.0,28350.0
875,6,1,,2,887,615,323,1,15000.0,300.0,14700.0
876,108,1,,1,526,610,119,3,12000.0,1800.0,34200.0
877,1469,1,,2,607,1539,884,2,15750.0,1575.0,29925.0
878,1469,1,,1,607,1539,884,1,12000.0,600.0,11400.0
879,414,2,3,1,704,3,2021,2,12600.0,0.0,25200.0
880,1285,1,,2,465,1144,2452,3,15000.0,2250.0,42750.0
881,1285,1,,2,465,1144,2452,3,15750.0,2362.5,44887.5
882,1394,1,,2,517,3201,1185,2,16500.0,1650.0,31350.0
883,473,2,2,2,683,2,2952,1,13500.0,1350.0,12150.0
884,366,2,1,1,527,1,2240,1,12000.0,240.0,11760.0
885,1394,1,,2,840,404,195,3,15000.0,0.0,45000.0
886,1484,2,1,2,831,1,331,2,16500.0,660.0,32340.0
887,171,1,,1,878,3129,2489,2,12000.0,480.0,23520.0
888,1262,2,3,2,910,3,2760,2,15000.0,3000.0,27000.0
889,1123,1,,1,622,1922,1263,3,12000.0,3600.0,32400.0
890,343,1,,2,624,2762,468,3,15000.0,900.0,44100.0
891,343,1,,1,624,2762,468,1,12600.0,0.0,12600.0
892,1433,1,,1,536,2554,1046,3,12000.0,3600.0,32400.0
893,1100,1,,1,489,2308,516,2,12000.0,0.0,24000.0
894,73,1,,1,473,3083,1291,1,13200.0,660.0,12540.0
895,1165,2,3,2,903,3,2484,3,15000.0,900.0,44100.0
896,383,2,3,2,929,3,3033,3,15000.0,4500.0,40500.0
897,1313,1,,1,903,123,1304,2,12000.0,0.0,24000.0
898,997,2,2,2,666,2,597,3,16500.0,990.0,48510.0
899,3,2,1,2,717,1,3125,2,13500.0,540.0,26460.0
900,3,2,1,1,717,1,3125,3,12000.0,0.0,36000.0
901,323,1,,1,508,2578,2061,2,12600.0,0.0,25200.0
902,961,1,,2,472,123,3056,3,15000.0,4500.0,40500.0
903,1130,2,2,1,706,2,,3,12600.0,1890.0,35910.0
904,318,1,,2,678,1671,1452,3,15000.0,0.0,45000.0
905,579,2,3,1,407,3,288,1,12600.0,630.0,11970.0
906,579,2,3,2,407,3,288,3,16500.0,2475.0,47025.0
907,1341,1,,1,455,109,1090,2,10800.0,2160.0,19440.0
908,350,1,,1,513,849,2236,1,12600.0,0.0,12600.0
909,350,1,,2,513,849,2236,3,15750.0,4725.0,42525.0
910,810,1,,2,663,3062,1913,2,15000.0,3000.0,27000.0
911,1289,2,2,2,607,2,2691,3,15000.0,4500.0,40500.0
912,567,2,2,1,557,2,933,2,10800.0,0.0,21600.0
913,797,1,,2,968,2203,651,1,15000.0,300.0,14700.0
914,1169,1,,1,538,2163,847,3,13200.0,0.0,39600.0
915,1169,1,,1,538,2163,847,3,13200.0,3960.0,35640.0
916,1169,1,,2,538,2163,847,2,15000.0,1500.0,28500.0
917,326,1,,1,990,2244,387,3,12000.0,720.0,35280.0
918,326,1,,1,990,2244,387,2,12000.0,0.0,24000.0
919,326,1,,1,990,2244,387,1,13200.0,0.0,13200.0
920,97,2,3,1,781,3,2519,3,12600.0,1890.0,35910.0
921,1158,2,2,1,373,2,1500,2,12000.0,2400.0,21600.0
922,293,1,,1,409,2656,2906,2,12000.0,0.0,24000.0
923,788,2,2,1,901,2,718,3,12000.0,720.0,35280.0
924,881,2,1,2,616,1,788,1,15000.0,300.0,14700.0
925,1345,1,,2,850,991,2750,3,15000.0,0.0,45000.0
926,660,2,1,2,827,1,1548,1,15000.0,750.0,14250.0
927,954,1,,2,418,1713,2577,1,15000.0,1500.0,13500.0
928,889,2,4,2,655,4,2948,1,15000.0,300.0,14700.0
929,889,2,4,1,655,4,2948,3,12000.0,1800.0,34200.0
930,396,1,,2,838,1153,141,2,16500.0,660.0,32340.0
931,1425,2,3,1,434,3,2607,1,12000.0,600.0,11400.0
932,1147,2,3,1,587,3,,2,13200.0,1320.0,25080.0
933,1368,2,4,2,706,4,1978,1,15000.0,0.0,15000.0
934,601,1,,1,415,1876,617,3,12000.0,720.0,35280.0
935,767,1,,2,665,2462,1711,3,15000.0,900.0,44100.0
936,767,1,,2,665,2462,1711,1,16500.0,0.0,16500.0
937,949,2,2,2,985,2,798,3,13500.0,2025.0,38475.0
938,1242,1,,2,543,254,3037,3,15750.0,2362.5,44887.5
939,1110,1,,1,804,2389,507,1,12000.0,240.0,11760.0
940,164,2,1,2,898,1,1691,1,15000.0,0.0,15000.0
941,762,2,4,1,735,4,1597,1,12000.0,240.0,11760.0
942,1116,1,,1,546,1843,23,3,12000.0,720.0,35280.0
943,1116,1,,1,546,1843,23,3,12000.0,3600.0,32400.0
944,937,1,,2,411,1069,2693,3,15750.0,2362.5,44887.5
945,1052,2,3,1,654,3,924,3,10800.0,3240.0,29160.0
946,899,1,,2,972,2149,,1,15000.0,300.0,14700.0
947,1406,2,4,1,370,4,3132,1,12000.0,0.0,12000.0
948,586,1,,1,437,1641,963,2,12600.0,0.0,25200.0
949,1415,1,,1,413,2950,1957,1,12000.0,240.0,11760.0
950,1415,1,,2,413,2950,1957,2,15750.0,3150.0,28350.0
951,391,1,,2,504,350,2150,3,15000.0,2250.0,42750.0
952,391,1,,1,504,350,2150,2,12600.0,1260.0,23940.0
953,1041,2,2,1,600,2,973,2,13200.0,528.0,25872.0
954,458,1,,1,958,1777,2108,3,12000.0,3600.0,32400.0
955,458,1,,1,958,1777,2108,2,12000.0,2400.0,21600.0
956,604,1,,1,634,2537,715,3,12000.0,0.0,36000.0
957,624,1,,2,700,2936,2019,2,15000.0,1500.0,28500.0
958,1028,1,,1,470,2469,2353,2,10800.0,432.0,21168.0
959,504,1,,2,852,3003,2247,1,15000.0,1500.0,13500.0
960,193,2,4,1,882,4,204,1,13200.0,264.0,12936.0
961,121,1,,1,551,2394,2454,3,12000.0,3600.0,32400.0
962,1302,1,,1,900,173,2924,2,12000.0,480.0,23520.0
963,1495,1,,2,665,962,2148,2,15750.0,0.0,31500.0
964,1495,1,,2,665,962,2148,3,15750.0,945.0,46305.0
965,958,1,,2,582,2443,2218,2,15000.0,600.0,29400.0
966,958,1,,2,582,2443,2218,2,13500.0,1350.0,25650.0
967,1024,2,3,1,969,3,2912,3,12000.0,720.0,35280.0
968,1024,2,3,2,969,3,2912,1,15000.0,0.0,15000.0
969,814,2,3,1,786,3,1710,1,12000.0,1200.0,10800.0
970,1036,1,,1,374,3033,1357,3,12000.0,0.0,36000.0
971,640,1,,1,514,875,2704,2,10800.0,432.0,21168.0
972,915,1,,2,408,658,2972,2,15750.0,0.0,31500.0
973,544,2,1,2,885,1,2583,3,15000.0,900.0,44100.0
974,483,2,3,1,950,3,,1,12000.0,0.0,12000.0
975,878,2,2,1,795,2,422,3,12600.0,1890.0,35910.0
976,878,2,2,2,795,2,422,3,15000.0,2250.0,42750.0
977,820,1,,1,715,2055,1619,1,10800.0,540.0,10260.0
978,879,2,4,2,435,4,1612,1,13500.0,675.0,12825.0
979,1468,2,2,2,475,2,2392,2,15000.0,600.0,29400.0
980,1468,2,2,1,475,2,2392,3,12000.0,720.0,35280.0
981,440,1,,2,608,1333,1504,3,15000.0,900.0,44100.0
982,1295,1,,1,557,1539,2842,1,12000.0,1200.0,10800.0
983,1123,1,,2,587,1524,3126,1,15000.0,1500.0,13500.0
984,1006,1,,1,567,137,1495,3,10800.0,0.0,32400.0
985,1006,1,,1,567,137,1495,1,10800.0,540.0,10260.0
986,217,1,,1,747,212,3053,2,12000.0,2400.0,21600.0
987,258,1,,2,732,942,1521,1,13500.0,270.0,13230.0
988,258,1,,1,732,942,1521,3,12000.0,3600.0,32400.0
989,751,2,1,1,546,1,1921,2,12000.0,0.0,24000.0
990,955,2,2,1,786,2,719,1,12600.0,0.0,12600.0
991,867,1,,1,668,2179,13,2,13200.0,0.0,26400.0
992,584,1,,2,635,748,1235,3,15750.0,4725.0,42525.0
993,99,2,2,2,915,2,1279,3,15000.0,900.0,44100.0
994,593,1,,1,753,1822,472,3,12000.0,3600.0,32400.0
995,868,1,,1,939,2970,,3,12000.0,0.0,36000.0
996,903,2,3,1,985,3,274,3,12000.0,3600.0,32400.0
997,903,2,3,2,985,3,274,3,13500.0,0.0,40500.0
998,903,2,3,2,985,3,274,3,15000.0,0.0,45000.0
999,445,1,,2,968,1195,,2,16500.0,660.0,32340.0
1000,445,1,,2,968,1195,,2,15000.0,1500.0,28500.0
1001,857,1,,2,959,2776,1333,2,15000.0,600.0,29400.0
1002,857,1,,1,959,2776,1333,2,13200.0,528.0,25872.0
1003,633,2,4,1,731,4,581,3,12600.0,1890.0,35910.0
1004,1428,1,,2,595,2472,333,3,15000.0,900.0,44100.0
1005,196,1,,2,368,2340,1511,2,15000.0,3000.0,27000.0
1006,212,1,,1,716,612,3044,2,12000.0,480.0,23520.0
1007,925,1,,1,847,2469,871,1,13200.0,660.0,12540.0
1008,698,1,,1,820,2443,2322,2,10800.0,1080.0,20520.0
1009,1135,1,,1,493,2760,2826,3,12600.0,3780.0,34020.0
1010,165,1,,1,621,913,1851,3,12000.0,0.0,36000.0
1011,960,1,,2,686,3160,1052,3,15000.0,0.0,45000.0
1012,696,1,,1,615,525,785,3,10800.0,648.0,31752.0
1013,436,1,,1,664,123,914,1,10800.0,540.0,10260.0
1014,1393,1,,1,1002,2814,1158,1,12000.0,240.0,11760.0
1015,127,1,,1,727,882,2971,1,12000.0,0.0,12000.0
1016,127,1,,1,727,882,2971,1,12000.0,0.0,12000.0
1017,326,1,,2,725,2351,1987,1,16500.0,825.0,15675.0
1018,912,2,2,1,872,2,1039,2,12000.0,0.0,24000.0
1019,1041,1,,2,569,3193,334,3,15000.0,4500.0,40500.0
1020,130,1,,1,854,1995,3192,2,12600.0,1260.0,23940.0
1021,422,1,,1,691,2139,2742,3,13200.0,0.0,39600.0
1022,110,2,3,1,425,3,1641,1,12000.0,1200.0,10800.0
1023,110,2,3,1,425,3,1641,3,12000.0,3600.0,32400.0
1024,1043,1,,1,372,1710,951,3,12000.0,3600.0,32400.0
1025,841,2,1,2,761,1,,2,15750.0,3150.0,28350.0
1026,4,1,,1,582,2922,1329,1,12000.0,1200.0,10800.0
1027,1307,1,,1,693,2192,349,2,12000.0,1200.0,22800.0
1028,1113,2,3,1,954,3,369,3,12000.0,1800.0,34200.0
1029,1490,1,,1,756,2438,2310,3,12000.0,0.0,36000.0
1030,1490,1,,1,756,2438,2310,3,10800.0,648.0,31752.0
1031,1490,1,,1,756,2438,2310,1,12000.0,600.0,11400.0
1032,435,2,1,1,773,1,1623,1,10800.0,0.0,10800.0
1033,905,1,,2,768,2985,,2,15000.0,1500.0,28500.0
1034,905,1,,1,768,2985,,2,13200.0,1320.0,25080.0
1035,724,1,,1,842,2931,1634,2,10800.0,432.0,21168.0
1036,1436,1,,2,462,2109,1107,3,15000.0,2250.0,42750.0
1037,904,1,,2,559,1639,2438,3,13500.0,4050.0,36450.0
1038,904,1,,2,559,1639,2438,3,15000.0,0.0,45000.0
1039,1186,2,1,1,666,1,1624,2,12000.0,480.0,23520.0
1040,941,1,,2,625,2130,2605,3,15000.0,4500.0,40500.0
1041,941,1,,1,625,2130,2605,1,12600.0,0.0,12600.0
1042,941,1,,1,625,2130,2605,3,12000.0,1800.0,34200.0
1043,564,1,,1,910,1005,103,2,13200.0,2640.0,23760.0
1044,564,1,,2,910,1005,103,2,15000.0,0.0,30000.0
1045,965,1,,2,911,1593,,1,15000.0,750.0,14250.0
1046,595,1,,2,501,1572,2523,1,15000.0,0.0,15000.0
1047,445,1,,2,681,2670,,2,15000.0,0.0,30000.0
1048,445,1,,1,681,2670,,2,12000.0,2400.0,21600.0
1049,987,1,,2,592,1617,135,3,15000.0,2250.0,42750.0
1050,874,2,3,1,848,3,740,3,12000.0,3600.0,32400.0
1051,874,2,3,2,848,3,740,3,15000.0,4500.0,40500.0
1052,1493,2,4,1,976,4,1580,1,12000.0,600.0,11400.0
1053,677,1,,1,468,369,1609,3,12000.0,720.0,35280.0
1054,677,1,,1,468,369,1609,3,10800.0,648.0,31752.0
1055,677,1,,1,468,369,1609,1,12000.0,0.0,12000.0
1056,1247,2,3,2,376,3,1074,2,15000.0,1500.0,28500.0
1057,1247,2,3,1,376,3,1074,3,10800.0,648.0,31752.0
1058,616,2,3,2,801,3,3109,1,15000.0,1500.0,13500.0
1059,718,1,,1,401,3138,2155,2,12000.0,0.0,24000.0
1060,1366,1,,1,832,2183,834,3,12000.0,0.0,36000.0
1061,765,1,,1,785,1876,56,1,12600.0,1260.0,11340.0
1062,765,1,,1,785,1876,56,1,12000.0,1200.0,10800.0
1063,633,2,4,1,858,4,469,2,12000.0,1200.0,22800.0
1064,807,1,,2,992,928,2308,3,15750.0,0.0,47250.0
1065,175,1,,1,414,90,3023,1,12000.0,240.0,11760.0
1066,544,1,,1,657,2797,1821,1,10800.0,540.0,10260.0
1067,1226,2,2,2,577,2,1724,2,13500.0,0.0,27000.0
1068,268,2,2,1,869,2,147,3,12000.0,720.0,35280.0
1069,290,2,1,2,418,1,3115,1,15000.0,1500.0,13500.0
1070,642,2,1,1,567,1,3023,1,12000.0,600.0,11400.0
1071,642,2,1,1,567,1,3023,3,12000.0,720.0,35280.0
1072,884,2,3,2,794,3,2654,2,15000.0,600.0,29400.0
1073,1175,2,4,1,951,4,1362,2,12000.0,480.0,23520.0
1074,48,1,,2,741,2045,805,2,15000.0,600.0,29400.0
1075,62,1,,1,648,224,631,2,12600.0,0.0,25200.0
1076,671,1,,1,656,282,546,2,12000.0,2400.0,21600.0
1077,590,1,,1,901,2432,419,2,12000.0,480.0,23520.0
1078,590,1,,1,901,2432,419,1,10800.0,1080.0,9720.0
1079,1202,2,4,2,849,4,,3,15000.0,2250.0,42750.0
1080,958,2,4,1,779,4,128,1,12000.0,0.0,12000.0
1081,57,1,,2,838,473,2969,3,15000.0,0.0,45000.0
1082,917,2,3,2,917,3,1275,3,15000.0,900.0,44100.0
1083,917,2,3,2,917,3,1275,1,16500.0,330.0,16170.0
1084,907,2,2,2,429,2,2406,3,15000.0,900.0,44100.0
1085,907,2,2,1,429,2,2406,1,12600.0,252.0,12348.0
1086,599,1,,2,644,1307,3135,1,15000.0,0.0,15000.0
1087,599,1,,1,644,1307,3135,3,12600.0,0.0,37800.0
1088,1494,1,,1,560,642,1058,2,10800.0,1080.0,20520.0
1089,852,1,,2,377,1368,2548,1,13500.0,1350.0,12150.0
1090,16,1,,1,815,691,2367,2,12600.0,2520.0,22680.0
1091,112,1,,1,391,2781,635,1,12000.0,240.0,11760.0
1092,112,1,,2,391,2781,635,3,15750.0,945.0,46305.0
1093,858,2,1,1,674,1,1348,3,12600.0,0.0,37800.0
1094,761,1,,1,698,134,,1,13200.0,264.0,12936.0
1095,1163,1,,1,631,224,968,2,10800.0,2160.0,19440.0
1096,1163,1,,2,631,224,968,3,15000.0,2250.0,42750.0
1097,1413,2,4,2,713,4,2085,2,15000.0,600.0,29400.0
1098,1413,2,4,2,713,4,2085,2,15000.0,0.0,30000.0
1099,1475,2,3,1,543,3,101,1,12000.0,1200.0,10800.0
1100,168,1,,1,643,1343,513,3,12000.0,1800.0,34200.0
1101,1336,2,2,1,443,2,1926,2,12000.0,0.0,24000.0
1102,1092,2,3,2,993,3,1226,3,13500.0,810.0,39690.0
1103,685,1,,1,541,1450,3096,1,10800.0,216.0,10584.0
1104,685,1,,1,541,1450,3096,2,12000.0,480.0,23520.0
1105,685,1,,1,541,1450,3096,3,12000.0,720.0,35280.0
1106,689,1,,2,715,3119,1287,1,15750.0,787.5,14962.5
1107,239,1,,1,679,3191,3143,2,12000.0,480.0,23520.0
1108,239,1,,1,679,3191,3143,3,12000.0,1800.0,34200.0
1109,1437,1,,1,713,1683,,2,12000.0,2400.0,21600.0
1110,303,2,2,1,790,2,2936,3,10800.0,0.0,32400.0
1111,591,1,,2,836,372,1969,3,15000.0,0.0,45000.0
1112,291,1,,2,930,397,535,2,16500.0,660.0,32340.0
1113,1224,1,,2,419,1511,3063,2,15750.0,1575.0,29925.0
1114,313,1,,1,886,2723,3110,3,12000.0,0.0,36000.0
1115,1411,1,,1,438,2796,551,3,13200.0,3960.0,35640.0
1116,30,1,,1,947,1367,232,1,12600.0,252.0,12348.0
1117,1371,1,,1,606,3107,85,1,12600.0,630.0,11970.0
1118,1371,1,,1,606,3107,85,2,12600.0,2520.0,22680.0
1119,167,1,,1,969,2485,1804,2,10800.0,432.0,21168.0
1120,281,1,,1,487,554,1809,2,12600.0,1260.0,23940.0
1121,64,1,,1,937,2127,2875,2,12600.0,2520.0,22680.0
1122,172,2,3,2,785,3,189,1,13500.0,270.0,13230.0
1123,637,1,,2,702,1098,3128,3,15000.0,0.0,45000.0
1124,1006,1,,2,587,243,2272,2,15000.0,1500.0,28500.0
1125,539,2,2,2,452,2,2737,1,16500.0,0.0,16500.0
1126,590,1,,2,940,1077,577,3,16500.0,4950.0,44550.0
1127,1294,2,2,1,957,2,2704,1,10800.0,540.0,10260.0
1128,1294,2,2,1,957,2,2704,1,12600.0,630.0,11970.0
1129,60,2,2,2,459,2,909,3,15000.0,0.0,45000.0
1130,136,1,,2,864,622,1625,2,13500.0,0.0,27000.0
1131,1356,1,,2,949,180,,2,15000.0,3000.0,27000.0
1132,371,1,,1,453,2009,1105,1,12000.0,1200.0,10800.0
1133,1406,2,2,2,959,2,2623,3,15750.0,945.0,46305.0
1134,1104,1,,1,774,1822,710,2,10800.0,1080.0,20520.0
1135,817,1,,1,723,2404,3033,1,12600.0,630.0,11970.0
1136,240,1,,2,888,3002,2786,3,15000.0,4500.0,40500.0
1137,476,1,,1,663,2373,378,2,12000.0,480.0,23520.0
1138,476,1,,1,663,2373,378,2,10800.0,1080.0,20520.0
1139,1115,1,,2,481,2820,2131,3,13500.0,810.0,39690.0
1140,1115,1,,1,481,2820,2131,3,13200.0,792.0,38808.0
1141,1115,1,,1,481,2820,2131,3,12000.0,720.0,35280.0
1142,412,1,,2,777,370,333,3,15000.0,0.0,45000.0
1143,671,2,4,1,900,4,2983,3,12000.0,3600.0,32400.0
1144,328,2,1,1,504,1,2337,3,12000.0,1800.0,34200.0
1145,371,1,,2,614,2871,1869,2,15000.0,600.0,29400.0
1146,1048,1,,2,480,2913,1048,1,13500.0,675.0,12825.0
1147,1259,1,,2,785,504,,2,15000.0,0.0,30000.0
1148,1259,1,,1,785,504,,1,10800.0,216.0,10584.0
1149,397,2,3,2,884,3,346,2,15000.0,3000.0,27000.0
1150,397,2,3,2,884,3,346,1,15750.0,1575.0,14175.0
1151,470,1,,2,844,791,1344,2,15000.0,600.0,29400.0
1152,555,2,4,1,770,4,2465,2,10800.0,432.0,21168.0
1153,1257,2,2,1,468,2,1245,1,12600.0,630.0,11970.0
1154,757,1,,2,811,527,886,3,15000.0,4500.0,40500.0
1155,216,1,,1,463,1604,3172,2,12600.0,2520.0,22680.0
1156,216,1,,1,463,1604,3172,2,12000.0,2400.0,21600.0
1157,1176,2,1,2,666,1,1297,2,15000.0,3000.0,27000.0
1158,2,2,1,1,511,1,2760,1,12000.0,0.0,12000.0
1159,1295,2,4,1,822,4,2318,1,10800.0,1080.0,9720.0
1160,1335,2,3,1,599,3,2539,2,10800.0,2160.0,19440.0
1161,1445,2,3,1,440,3,998,2,12000.0,480.0,23520.0
1162,1445,2,3,1,440,3,998,2,10800.0,1080.0,20520.0
1163,691,1,,1,578,2976,2273,1,10800.0,540.0,10260.0
1164,780,1,,1,602,87,1258,3,12000.0,720.0,35280.0
1165,780,1,,2,602,87,1258,1,15750.0,787.5,14962.5
1166,338,1,,1,921,30,1016,1,13200.0,0.0,13200.0
1167,380,1,,1,402,309,2570,2,12000.0,2400.0,21600.0
1168,582,1,,2,725,378,3138,2,15000.0,600.0,29400.0
1169,582,1,,2,725,378,3138,1,15000.0,750.0,14250.0
1170,711,1,,2,721,2339,1243,3,15000.0,2250.0,42750.0
1171,991,1,,2,961,1903,2720,1,15750.0,787.5,14962.5
1172,500,2,4,2,654,4,2463,3,15000.0,900.0,44100.0
1173,99,2,2,1,591,2,2066,2,12600.0,0.0,25200.0
1174,1002,1,,2,657,2361,1274,2,16500.0,0.0,33000.0
1175,1310,1,,1,957,1326,2539,3,12000.0,0.0,36000.0
1176,1276,2,2,2,891,2,1107,3,15000.0,2250.0,42750.0
1177,307,1,,1,388,2100,874,2,12000.0,0.0,24000.0
1178,307,1,,2,388,2100,874,3,15000.0,4500.0,40500.0
1179,1133,2,4,1,519,4,1253,2,12000.0,480.0,23520.0
1180,1234,2,3,2,970,3,2958,2,15000.0,600.0,29400.0
1181,1234,2,3,2,970,3,2958,2,15000.0,600.0,29400.0
1182,1234,2,3,1,970,3,2958,2,10800.0,0.0,21600.0
1183,573,2,3,1,1003,3,2048,3,10800.0,648.0,31752.0
1184,1008,1,,1,527,449,2146,1,12000.0,0.0,12000.0
1185,1008,1,,2,527,449,2146,1,13500.0,270.0,13230.0
1186,1124,1,,1,494,2073,3189,2,12000.0,480.0,23520.0
1187,139,1,,1,500,2578,1772,3,13200.0,0.0,39600.0
1188,139,1,,2,500,2578,1772,3,15750.0,0.0,47250.0
1189,771,2,1,1,787,1,42,1,12600.0,1260.0,11340.0
1190,960,2,3,2,378,3,1383,2,15000.0,0.0,30000.0
1191,960,2,3,2,378,3,1383,2,15750.0,630.0,30870.0
1192,210,2,2,1,989,2,1722,1,13200.0,264.0,12936.0
1193,210,2,2,1,989,2,1722,3,12000.0,0.0,36000.0
1194,498,2,1,2,832,1,2747,1,16500.0,1650.0,14850.0
1195,1058,1,,2,558,3179,3118,3,16500.0,2475.0,47025.0
1196,1058,1,,1,558,3179,3118,2,12000.0,2400.0,21600.0
1197,350,1,,1,740,1430,1308,3,12000.0,0.0,36000.0
1198,4,2,2,2,833,2,214,3,15000.0,0.0,45000.0
1199,4,2,2,2,833,2,214,1,15000.0,750.0,14250.0
1200,200,2,4,1,491,4,1347,1,10800.0,0.0,10800.0
1201,474,1,,1,740,413,2595,2,12600.0,504.0,24696.0
1202,1073,2,1,1,512,1,2494,1,12600.0,252.0,12348.0
1203,679,1,,1,647,1250,321,1,12000.0,0.0,12000.0
1204,564,1,,1,466,2308,1235,3,13200.0,792.0,38808.0
1205,564,1,,1,466,2308,1235,3,12000.0,720.0,35280.0
1206,981,2,1,2,455,1,1596,2,15000.0,3000.0,27000.0
1207,981,2,1,1,455,1,1596,2,12600.0,504.0,24696.0
1208,560,1,,2,929,2450,1790,2,16500.0,0.0,33000.0
1209,403,2,3,1,574,3,2658,1,12000.0,0.0,12000.0
1210,228,2,2,1,727,2,610,2,12000.0,2400.0,21600.0
1211,228,2,2,1,727,2,610,1,12600.0,630.0,11970.0
1212,331,1,,2,534,215,2053,3,13500.0,0.0,40500.0
1213,555,2,4,2,892,4,,3,13500.0,4050.0,36450.0
1214,641,1,,2,774,765,1748,1,15000.0,0.0,15000.0
1215,641,1,,2,774,765,1748,1,15000.0,750.0,14250.0
1216,1450,1,,1,941,1387,3066,2,12000.0,480.0,23520.0
1217,591,2,1,1,826,1,2591,3,12000.0,0.0,36000.0
1218,934,2,2,1,960,2,965,1,12600.0,1260.0,11340.0
1219,316,2,1,1,868,1,1974,1,12000.0,1200.0,10800.0
1220,774,1,,2,609,1594,,2,15000.0,0.0,30000.0
1221,774,1,,1,609,1594,,2,10800.0,0.0,21600.0
1222,1049,1,,1,931,2468,2164,2,10800.0,0.0,21600.0
1223,592,1,,1,407,3157,2930,3,12000.0,720.0,35280.0
1224,592,1,,2,407,3157,2930,2,15750.0,0.0,31500.0
1225,797,1,,2,834,525,3050,2,15000.0,0.0,30000.0
1226,797,1,,2,834,525,3050,2,16500.0,660.0,32340.0
1227,1287,1,,1,397,2758,,2,12000.0,2400.0,21600.0
1228,405,1,,1,705,1693,709,3,12000.0,720.0,35280.0
1229,1023,1,,1,712,2064,1749,3,12000.0,720.0,35280.0
1230,1023,1,,2,712,2064,1749,3,16500.0,990.0,48510.0
1231,649,1,,1,826,623,1442,3,10800.0,3240.0,29160.0
1232,772,2,4,1,891,4,,2,10800.0,2160.0,19440.0
1233,1290,2,1,1,565,1,1530,1,10800.0,540.0,10260.0
1234,1001,1,,2,710,2499,,2,15000.0,3000.0,27000.0
1235,611,1,,1,595,359,1488,1,10800.0,540.0,10260.0
1236,1414,1,,2,548,1653,1574,1,15000.0,1500.0,13500.0
1237,888,1,,1,808,2162,1895,1,13200.0,1320.0,11880.0
1238,40,1,,1,715,3169,2179,1,13200.0,660.0,12540.0
1239,186,1,,1,778,1908,1939,2,12000.0,0.0,24000.0
1240,58,2,3,1,374,3,1805,1,12000.0,1200.0,10800.0
1241,58,2,3,2,374,3,1805,1,15750.0,315.0,15435.0
1242,1072,1,,2,881,3165,674,3,15000.0,0.0,45000.0
1243,818,1,,1,380,253,539,3,12000.0,0.0,36000.0
1244,1267,2,4,1,822,4,540,3,12000.0,3600.0,32400.0
1245,1101,2,1,1,523,1,1929,1,12000.0,240.0,11760.0
1246,1466,2,2,1,506,2,2667,1,12000.0,240.0,11760.0
1247,1471,2,2,2,369,2,1389,3,13500.0,810.0,39690.0
1248,1471,2,2,2,369,2,1389,1,15000.0,300.0,14700.0
1249,4,2,4,2,479,4,2568,3,15000.0,2250.0,42750.0
1250,4,2,4,2,479,4,2568,3,16500.0,990.0,48510.0
1251,142,2,4,2,396,4,3127,3,15000.0,4500.0,40500.0
1252,1018,2,3,1,480,3,623,3,12600.0,0.0,37800.0
1253,1305,1,,2,749,33,257,3,15000.0,0.0,45000.0
1254,174,2,4,1,704,4,,1,12000.0,0.0,12000.0
1255,371,2,4,1,935,4,1470,3,10800.0,0.0,32400.0
1256,1174,1,,1,481,2791,1832,2,12600.0,504.0,24696.0
1257,1174,1,,2,481,2791,1832,1,15750.0,787.5,14962.5
1258,640,2,4,1,1003,4,964,1,12000.0,600.0,11400.0
1259,640,2,4,2,1003,4,964,2,15000.0,0.0,30000.0
1260,58,2,1,2,982,1,2349,3,15000.0,2250.0,42750.0
1261,494,1,,2,527,705,,3,15000.0,4500.0,40500.0
1262,1416,1,,1,588,2120,80,2,12000.0,1200.0,22800.0
1263,680,1,,1,824,2790,,2,10800.0,432.0,21168.0
1264,693,1,,1,670,418,1955,3,10800.0,648.0,31752.0
1265,728,2,2,1,904,2,1980,2,12000.0,0.0,24000.0
1266,1011,1,,1,457,3053,607,2,12000.0,1200.0,22800.0
1267,787,2,1,1,958,1,997,3,10800.0,1620.0,30780.0
1268,787,2,1,1,958,1,997,3,13200.0,3960.0,35640.0
1269,564,1,,1,849,1659,3165,1,12000.0,1200.0,10800.0
1270,509,1,,2,983,1383,466,1,15750.0,315.0,15435.0
1271,1280,2,3,1,943,3,2399,1,12000.0,240.0,11760.0
1272,1119,2,1,2,681,1,786,3,15750.0,945.0,46305.0
1273,1393,1,,1,922,3185,779,3,12600.0,756.0,37044.0
1274,1392,1,,1,606,1509,804,2,12600.0,0.0,25200.0
1275,331,2,3,2,456,3,3048,2,15750.0,3150.0,28350.0
1276,331,2,3,2,456,3,3048,2,16500.0,1650.0,31350.0
1277,16,1,,1,472,281,2304,1,12600.0,252.0,12348.0
1278,16,1,,2,472,281,2304,3,15000.0,0.0,45000.0
1279,655,1,,2,994,2719,1116,2,15000.0,600.0,29400.0
1280,1220,1,,2,468,992,3197,1,13500.0,1350.0,12150.0
1281,833,1,,1,794,2340,314,2,12000.0,0.0,24000.0
1282,1418,1,,2,988,1232,,1,15750.0,315.0,15435.0
1283,671,2,2,2,570,2,2852,3,15000.0,900.0,44100.0
1284,727,2,3,1,387,3,183,3,12000.0,0.0,36000.0
1285,734,1,,1,886,862,1492,2,10800.0,0.0,21600.0
1286,734,1,,1,886,862,1492,3,12000.0,1800.0,34200.0
1287,1158,1,,2,622,38,,2,15750.0,3150.0,28350.0
1288,635,2,1,2,975,1,2890,1,15000.0,750.0,14250.0
1289,635,2,1,2,975,1,2890,1,15750.0,0.0,15750.0
1290,549,1,,2,865,2954,1364,1,15750.0,787.5,14962.5
1291,863,2,4,1,864,4,1212,2,12600.0,1260.0,23940.0
1292,863,2,4,1,864,4,1212,3,12000.0,720.0,35280.0
1293,917,2,1,1,549,1,,1,12600.0,1260.0,11340.0
1294,884,1,,1,571,1227,2988,3,12600.0,0.0,37800.0
1295,783,1,,1,670,1609,384,3,12000.0,1800.0,34200.0
1296,1080,2,4,2,759,4,563,3,15750.0,2362.5,44887.5
1297,1080,2,4,2,759,4,563,1,15000.0,750.0,14250.0
1298,195,1,,2,464,1922,1465,3,15750.0,945.0,46305.0
1299,81,2,1,1,469,1,1213,2,12600.0,0.0,25200.0
1300,81,2,1,2,469,1,1213,3,15750.0,945.0,46305.0
1301,299,2,4,1,724,4,2818,2,13200.0,1320.0,25080.0
1302,299,2,4,1,724,4,2818,2,12600.0,504.0,24696.0
1303,293,1,,1,451,1738,373,2,10800.0,0.0,21600.0
1304,293,1,,1,451,1738,373,2,10800.0,432.0,21168.0
1305,293,1,,1,451,1738,373,3,12000.0,720.0,35280.0
1306,1318,2,2,1,946,2,2010,2,12000.0,0.0,24000.0
1307,1318,2,2,2,946,2,2010,2,15000.0,1500.0,28500.0
1308,1176,1,,1,481,1800,916,2,12600.0,2520.0,22680.0
1309,435,2,2,1,979,2,504,2,10800.0,1080.0,20520.0
1310,1209,2,1,1,793,1,173,1,13200.0,1320.0,11880.0
1311,664,2,2,2,656,2,842,1,15000.0,1500.0,13500.0
1312,664,2,2,2,656,2,842,1,15000.0,750.0,14250.0
1313,1375,1,,1,462,436,2287,2,12000.0,0.0,24000.0
1314,866,1,,2,996,382,2776,3,15000.0,900.0,44100.0
1315,582,1,,2,583,1336,2913,3,15000.0,900.0,44100.0
1316,582,1,,1,583,1336,2913,2,10800.0,1080.0,20520.0
1317,505,2,3,1,407,3,2709,2,13200.0,2640.0,23760.0
1318,353,2,2,1,872,2,,3,12000.0,0.0,36000.0
1319,990,1,,1,404,2404,2031,1,12000.0,600.0,11400.0
1320,648,1,,2,707,1815,43,2,15000.0,0.0,30000.0
1321,596,1,,2,999,1470,,2,15000.0,600.0,29400.0
1322,596,1,,2,999,1470,,3,16500.0,2475.0,47025.0
1323,276,1,,1,591,3051,1369,3,12000.0,1800.0,34200.0
1324,478,1,,2,701,1115,2795,3,15000.0,2250.0,42750.0
1325,1207,2,4,2,556,4,1324,1,15000.0,0.0,15000.0
1326,533,1,,1,629,446,1624,1,10800.0,0.0,10800.0
1327,1393,2,4,2,937,4,,1,15000.0,750.0,14250.0
1328,1393,2,4,2,937,4,,3,15000.0,0.0,45000.0
1329,843,1,,1,615,2729,3179,3,13200.0,3960.0,35640.0
1330,843,1,,1,615,2729,3179,2,12000.0,480.0,23520.0
1331,252,2,1,2,978,1,654,1,15000.0,750.0,14250.0
1332,252,2,1,1,978,1,654,2,12600.0,504.0,24696.0
1333,787,2,1,1,622,1,2373,2,12000.0,1200.0,22800.0
1334,787,2,1,1,622,1,2373,3,10800.0,1620.0,30780.0
1335,16,1,,2,502,492,723,2,15000.0,0.0,30000.0
1336,324,1,,2,940,637,1968,3,15000.0,4500.0,40500.0
1337,601,2,1,2,986,1,,1,15000.0,1500.0,13500.0
1338,601,2,1,2,986,1,,1,15000.0,300.0,14700.0
1339,1368,2,1,1,426,1,721,2,12000.0,1200.0,22800.0
1340,1368,2,1,2,426,1,721,2,15000.0,3000.0,27000.0
1341,1306,2,2,2,405,2,2389,2,15000.0,0.0,30000.0
1342,339,1,,1,869,257,733,3,12000.0,720.0,35280.0
1343,1108,2,2,2,631,2,2569,2,13500.0,2700.0,24300.0
1344,1154,1,,1,676,924,341,2,12000.0,2400.0,21600.0
1345,527,1,,2,731,2997,2584,2,16500.0,3300.0,29700.0
1346,527,1,,2,731,2997,2584,3,15000.0,4500.0,40500.0
1347,319,1,,2,595,2991,,2,15000.0,0.0,30000.0
1348,319,1,,2,595,2991,,3,15750.0,4725.0,42525.0
1349,756,2,4,1,652,4,1283,1,10800.0,1080.0,9720.0
1350,756,2,4,2,652,4,1283,1,15000.0,0.0,15000.0
1351,299,1,,2,846,2420,1498,1,15000.0,300.0,14700.0
1352,317,1,,2,681,2464,3120,3,16500.0,0.0,49500.0
1353,917,2,3,2,710,3,2078,1,15000.0,300.0,14700.0
1354,1378,2,1,1,698,1,1855,2,12000.0,0.0,24000.0
1355,416,1,,2,657,3142,879,2,15000.0,600.0,29400.0
1356,962,1,,1,904,582,1609,2,10800.0,1080.0,20520.0
1357,453,1,,2,375,3087,1763,2,13500.0,1350.0,25650.0
1358,113,1,,1,566,577,3040,2,12000.0,0.0,24000.0
1359,645,1,,2,370,890,1370,3,15000.0,900.0,44100.0
1360,1212,1,,2,462,1233,715,3,15000.0,900.0,44100.0
1361,468,2,4,1,695,4,1533,3,13200.0,792.0,38808.0
1362,183,1,,1,543,1866,1222,3,12600.0,756.0,37044.0
1363,183,1,,2,543,1866,1222,1,15000.0,1500.0,13500.0
1364,1096,1,,2,863,2982,109,1,15750.0,315.0,15435.0
1365,1436,2,1,1,681,1,2622,3,12000.0,720.0,35280.0
1366,1436,2,1,1,681,1,2622,2,10800.0,0.0,21600.0
1367,1404,1,,1,554,2672,2798,2,12000.0,480.0,23520.0
1368,134,1,,1,422,194,400,2,12000.0,1200.0,22800.0
1369,691,1,,1,572,574,748,3,12000.0,720.0,35280.0
1370,92,1,,2,788,2309,561,3,15000.0,4500.0,40500.0
1371,92,1,,2,788,2309,561,3,15000.0,0.0,45000.0
1372,1288,1,,2,774,476,,1,15750.0,0.0,15750.0
1373,918,1,,1,799,1391,2026,1,10800.0,0.0,10800.0
1374,370,1,,2,390,2206,2027,2,15000.0,600.0,29400.0
1375,370,1,,1,390,2206,2027,1,12000.0,240.0,11760.0
1376,1206,1,,1,780,1561,832,1,12000.0,240.0,11760.0
1377,1206,1,,1,780,1561,832,1,12000.0,0.0,12000.0
1378,104,2,2,2,772,2,1670,2,15000.0,600.0,29400.0
1379,1356,2,2,2,624,2,2731,2,15000.0,1500.0,28500.0
1380,1356,2,2,1,624,2,2731,2,10800.0,2160.0,19440.0
1381,1059,1,,1,801,1792,,3,12600.0,3780.0,34020.0
1382,1059,1,,2,801,1792,,1,15000.0,750.0,14250.0
1383,1059,1,,1,801,1792,,1,12600.0,252.0,12348.0
1384,642,1,,1,979,2949,1768,3,10800.0,1620.0,30780.0
1385,138,1,,2,402,644,561,2,16500.0,3300.0,29700.0
1386,138,1,,1,402,644,561,2,12000.0,1200.0,22800.0
1387,484,2,4,1,473,4,2730,3,12000.0,0.0,36000.0
1388,888,1,,1,621,2938,1642,2,13200.0,528.0,25872.0
1389,264,2,2,2,850,2,2254,2,13500.0,0.0,27000.0
1390,1409,1,,1,669,2655,1431,3,12000.0,1800.0,34200.0
1391,1072,2,4,1,773,4,1414,2,12000.0,0.0,24000.0
1392,417,1,,1,969,2694,1904,2,10800.0,2160.0,19440.0
1393,642,1,,1,580,1470,287,2,12600.0,1260.0,23940.0
1394,1047,1,,1,992,983,1266,3,12000.0,0.0,36000.0
1395,1047,1,,1,992,983,1266,3,12000.0,720.0,35280.0
1396,1412,1,,2,395,924,2087,2,15750.0,1575.0,29925.0
1397,1394,1,,1,974,411,2262,3,10800.0,3240.0,29160.0
1398,1394,1,,1,974,411,2262,1,12000.0,600.0,11400.0
1399,1215,2,1,2,397,1,322,3,15000.0,2250.0,42750.0
1400,1215,2,1,2,397,1,322,3,15750.0,945.0,46305.0
1401,649,2,1,2,660,1,2847,1,15750.0,0.0,15750.0
1402,1031,2,1,1,507,1,2078,2,12000.0,0.0,24000.0
1403,315,1,,1,874,35,210,1,12000.0,600.0,11400.0
1404,1076,2,4,2,531,4,1370,1,16500.0,0.0,16500.0
1405,1076,2,4,2,531,4,1370,1,13500.0,1350.0,12150.0
1406,1245,2,1,1,417,1,2233,1,12000.0,1200.0,10800.0
1407,679,1,,2,969,2705,1484,1,15000.0,300.0,14700.0
1408,248,1,,1,982,726,2157,2,12000.0,2400.0,21600.0
1409,958,1,,1,489,1505,794,2,12000.0,0.0,24000.0
1410,740,2,4,1,716,4,1742,1,13200.0,264.0,12936.0
1411,740,2,4,1,716,4,1742,3,12000.0,0.0,36000.0
1412,740,2,4,1,716,4,1742,1,12000.0,240.0,11760.0
1413,800,1,,2,802,944,2012,2,15000.0,0.0,30000.0
1414,1427,2,1,1,820,1,3,1,12000.0,1200.0,10800.0
1415,1427,2,1,2,820,1,3,2,16500.0,1650.0,31350.0
1416,1379,1,,2,554,1257,2859,2,15000.0,600.0,29400.0
1417,54,1,,2,806,2169,923,3,15000.0,900.0,44100.0
1418,54,1,,1,806,2169,923,3,12000.0,0.0,36000.0
1419,66,1,,2,543,362,2350,1,15750.0,0.0,15750.0
1420,66,1,,2,543,362,2350,1,15000.0,300.0,14700.0
1421,447,2,3,2,406,3,619,3,16500.0,0.0,49500.0
1422,1351,1,,2,741,2665,238,3,15750.0,4725.0,42525.0
1423,161,1,,2,519,2380,1501,1,15000.0,750.0,14250.0
1424,545,1,,1,691,278,978,3,12000.0,1800.0,34200.0
1425,545,1,,1,691,278,978,1,12600.0,1260.0,11340.0
1426,545,1,,2,691,278,978,2,15000.0,0.0,30000.0
1427,1248,1,,2,773,2074,2803,2,13500.0,1350.0,25650.0
1428,513,2,3,2,786,3,2402,3,13500.0,0.0,40500.0
1429,397,1,,1,716,280,1817,1,12000.0,1200.0,10800.0
1430,1015,1,,1,378,1227,680,2,10800.0,1080.0,20520.0
1431,1015,1,,1,378,1227,680,2,12000.0,2400.0,21600.0
1432,1200,1,,1,665,2460,859,3,13200.0,1980.0,37620.0
1433,23,1,,1,397,1022,924,2,13200.0,2640.0,23760.0
1434,1029,1,,2,647,888,,3,15000.0,2250.0,42750.0
1435,819,1,,1,416,505,2449,3,13200.0,0.0,39600.0
1436,494,1,,2,485,2750,3054,2,15000.0,0.0,30000.0
1437,494,1,,1,485,2750,3054,2,12000.0,1200.0,22800.0
1438,1406,2,1,1,966,1,26,2,12000.0,0.0,24000.0
1439,1177,1,,2,943,1758,,3,13500.0,0.0,40500.0
1440,1234,1,,1,995,86,883,1,10800.0,540.0,10260.0
1441,520,1,,1,988,2296,1056,3,12000.0,1800.0,34200.0
1442,810,2,2,2,650,2,1427,2,13500.0,1350.0,25650.0
1443,468,1,,1,719,1806,2855,2,12600.0,0.0,25200.0
1444,1331,2,3,1,817,3,2831,3,12000.0,720.0,35280.0
1445,1331,2,3,1,817,3,2831,1,12000.0,240.0,11760.0
1446,145,2,4,1,839,4,319,2,12600.0,0.0,25200.0
1447,39,1,,1,820,2730,1857,1,12000.0,0.0,12000.0
1448,175,1,,1,391,1323,,3,12000.0,1800.0,34200.0
1449,175,1,,2,391,1323,,1,13500.0,0.0,13500.0
1450,276,2,3,2,474,3,,1,15000.0,0.0,15000.0
1451,1054,1,,2,567,715,866,3,16500.0,2475.0,47025.0
1452,1054,1,,2,567,715,866,1,15750.0,0.0,15750.0
1453,690,2,2,1,892,2,2645,1,12000.0,600.0,11400.0
1454,828,1,,1,931,202,1471,2,12000.0,1200.0,22800.0
1455,302,2,4,2,454,4,2012,2,16500.0,3300.0,29700.0
1456,302,2,4,2,454,4,2012,3,15000.0,900.0,44100.0
1457,302,2,4,1,454,4,2012,2,12000.0,480.0,23520.0
1458,604,1,,1,554,2495,401,1,10800.0,216.0,10584.0
1459,298,1,,1,402,1875,242,1,13200.0,264.0,12936.0
1460,887,2,3,2,914,3,3173,1,15000.0,300.0,14700.0
1461,1083,1,,2,706,2257,1934,2,15000.0,3000.0,27000.0
1462,859,1,,2,673,2620,1730,3,15000.0,0.0,45000.0
1463,220,2,4,1,602,4,2993,3,13200.0,0.0,39600.0
1464,774,2,2,2,558,2,1900,3,13500.0,2025.0,38475.0
1465,547,1,,1,581,1603,1666,2,12000.0,0.0,24000.0
1466,1127,2,2,1,572,2,1542,2,10800.0,432.0,21168.0
1467,1127,2,2,1,572,2,1542,3,12000.0,3600.0,32400.0
1468,839,1,,1,798,1119,1340,2,12000.0,1200.0,22800.0
1469,771,2,3,2,935,3,1256,1,15750.0,787.5,14962.5
1470,1296,2,4,2,857,4,2895,3,15000.0,2250.0,42750.0
1471,447,1,,2,843,2974,1698,1,13500.0,1350.0,12150.0
1472,447,1,,1,843,2974,1698,3,12000.0,0.0,36000.0
1473,158,2,3,2,522,3,368,2,16500.0,660.0,32340.0
1474,1169,1,,1,949,830,1797,3,13200.0,0.0,39600.0
1475,1010,2,4,1,896,4,1191,2,12000.0,1200.0,22800.0
1476,758,2,1,1,759,1,1366,1,12600.0,1260.0,11340.0
1477,974,2,2,2,412,2,564,2,15000.0,600.0,29400.0
1478,978,2,2,1,869,2,2329,3,12600.0,0.0,37800.0
1479,447,2,4,1,438,4,846,2,13200.0,0.0,26400.0
1480,660,1,,1,600,1541,3184,1,12000.0,240.0,11760.0
1481,660,1,,1,600,1541,3184,1,12600.0,0.0,12600.0
1482,918,2,3,1,649,3,2552,1,13200.0,264.0,12936.0
1483,1015,1,,1,839,2597,2125,3,12600.0,756.0,37044.0
1484,641,1,,2,946,221,2014,1,15000.0,0.0,15000.0
1485,1184,1,,1,687,83,288,3,12600.0,756.0,37044.0
1486,1355,1,,1,650,2876,2883,3,12000.0,0.0,36000.0
1487,1399,2,3,1,665,3,,2,10800.0,0.0,21600.0
1488,333,2,1,1,644,1,1456,3,13200.0,792.0,38808.0
1489,333,2,1,1,644,1,1456,1,12000.0,1200.0,10800.0
1490,214,2,1,1,987,1,103,2,12000.0,480.0,23520.0
1491,1010,2,3,2,816,3,1167,1,16500.0,825.0,15675.0
1492,531,2,2,1,796,2,778,1,12600.0,1260.0,11340.0
1493,232,1,,1,871,1836,1078,2,12600.0,504.0,24696.0
1494,545,1,,2,1002,374,1374,3,15750.0,0.0,47250.0
1495,414,1,,2,469,1637,2389,1,15000.0,300.0,14700.0
1496,14,1,,2,684,3109,8,1,15000.0,0.0,15000.0
1497,1059,1,,2,900,321,2460,2,15000.0,600.0,29400.0
1498,1008,1,,2,623,1760,1793,3,15000.0,4500.0,40500.0
1499,1470,1,,1,581,2090,1342,3,10800.0,3240.0,29160.0
1500,146,1,,1,734,1644,1553,3,10800.0,0.0,32400.0
1501,365,1,,1,907,519,2707,2,12600.0,0.0,25200.0
1502,1098,2,2,1,771,2,1523,3,10800.0,0.0,32400.0
1503,1146,1,,1,961,34,367,3,12000.0,1800.0,34200.0
1504,1109,2,1,1,917,1,3009,3,13200.0,1980.0,37620.0
1505,308,2,1,2,986,1,,3,15750.0,0.0,47250.0
1506,578,2,1,2,938,1,1887,3,15750.0,0.0,47250.0
1507,697,1,,2,905,2469,1856,1,15000.0,0.0,15000.0
1508,110,1,,1,760,519,729,3,12000.0,720.0,35280.0
1509,110,1,,1,760,519,729,1,12000.0,1200.0,10800.0
1510,427,1,,2,699,2616,2337,3,16500.0,990.0,48510.0
1511,695,1,,2,475,1220,,1,13500.0,675.0,12825.0
1512,695,1,,2,475,1220,,1,15000.0,0.0,15000.0
1513,493,1,,1,384,427,1606,2,12000.0,2400.0,21600.0
1514,776,1,,2,642,435,1736,2,13500.0,540.0,26460.0
1515,1278,1,,1,423,22,2251,3,10800.0,648.0,31752.0
1516,297,1,,2,731,2639,981,3,15750.0,945.0,46305.0
1517,1455,2,3,1,508,3,2119,3,12000.0,3600.0,32400.0
1518,728,1,,2,648,494,992,3,16500.0,0.0,49500.0
1519,728,1,,1,648,494,992,2,12000.0,2400.0,21600.0
1520,728,1,,1,648,494,992,3,12000.0,3600.0,32400.0
1521,62,2,1,2,862,1,755,3,15750.0,2362.5,44887.5
1522,1071,2,3,1,564,3,140,3,12600.0,0.0,37800.0
1523,880,1,,1,966,2296,2798,2,12000.0,1200.0,22800.0
1524,77,1,,1,471,2516,2567,3,12000.0,1800.0,34200.0
1525,1138,1,,1,475,709,1689,3,13200.0,3960.0,35640.0
1526,1500,2,3,1,808,3,2393,2,12000.0,0.0,24000.0
1527,688,1,,2,466,1721,1392,2,15000.0,3000.0,27000.0
1528,688,1,,1,466,1721,1392,1,12600.0,630.0,11970.0
1529,688,1,,1,466,1721,1392,3,12000.0,720.0,35280.0
1530,598,2,4,1,383,4,1945,1,12000.0,0.0,12000.0
1531,477,2,3,2,421,3,12,1,15000.0,300.0,14700.0
1532,936,1,,1,716,1671,1238,2,13200.0,1320.0,25080.0
1533,244,1,,1,563,2524,,2,12000.0,2400.0,21600.0
1534,244,1,,1,563,2524,,3,10800.0,0.0,32400.0
1535,244,1,,1,563,2524,,3,12600.0,0.0,37800.0
1536,1360,1,,1,781,1257,529,1,12000.0,0.0,12000.0
1537,449,1,,1,468,1348,2598,3,12000.0,0.0,36000.0
1538,659,2,4,1,585,4,2848,3,12000.0,0.0,36000.0
1539,457,2,2,1,851,2,1312,2,13200.0,528.0,25872.0
1540,457,2,2,2,851,2,1312,3,15000.0,4500.0,40500.0
1541,136,1,,1,904,1128,2931,3,12600.0,1890.0,35910.0
1542,136,1,,1,904,1128,2931,2,13200.0,2640.0,23760.0
1543,1171,2,2,1,929,2,7,2,12600.0,504.0,24696.0
1544,171,1,,1,744,2280,462,3,12000.0,3600.0,32400.0
1545,425,1,,2,961,2385,2848,2,15000.0,1500.0,28500.0
1546,333,1,,2,878,2468,,3,15000.0,900.0,44100.0
1547,333,1,,2,878,2468,,1,15000.0,750.0,14250.0
1548,333,1,,1,878,2468,,2,12000.0,1200.0,22800.0
1549,1466,1,,2,622,964,1262,3,15000.0,0.0,45000.0
1550,336,1,,2,427,520,1764,3,13500.0,0.0,40500.0
1551,336,1,,1,427,520,1764,3,10800.0,0.0,32400.0
1552,1296,1,,2,903,1490,484,3,13500.0,2025.0,38475.0
1553,514,1,,1,598,2014,,3,10800.0,648.0,31752.0
1554,951,1,,2,777,2522,1335,1,15000.0,0.0,15000.0
1555,1126,2,1,2,619,1,967,3,15000.0,4500.0,40500.0
1556,802,1,,1,552,1242,749,2,12600.0,0.0,25200.0
1557,802,1,,2,552,1242,749,3,15000.0,0.0,45000.0
1558,1382,1,,2,816,2705,2005,2,15000.0,1500.0,28500.0
1559,1142,2,1,2,685,1,2055,2,15000.0,1500.0,28500.0
1560,1408,2,2,1,398,2,2953,3,12000.0,1800.0,34200.0
1561,1408,2,2,1,398,2,2953,2,12000.0,1200.0,22800.0
1562,61,1,,1,793,1777,,1,12000.0,240.0,11760.0
1563,239,1,,2,949,1942,2573,3,15000.0,900.0,44100.0
1564,239,1,,1,949,1942,2573,2,12000.0,0.0,24000.0
1565,304,2,3,2,490,3,1245,2,15000.0,3000.0,27000.0
1566,133,1,,1,478,1624,1369,3,12000.0,1800.0,34200.0
1567,1280,1,,1,756,3053,2842,2,12000.0,2400.0,21600.0
1568,687,1,,1,754,2000,834,3,12000.0,3600.0,32400.0
1569,577,2,1,2,632,1,875,3,15000.0,4500.0,40500.0
1570,577,2,1,2,632,1,875,2,15000.0,1500.0,28500.0
1571,1414,1,,1,468,644,225,1,10800.0,540.0,10260.0
1572,1414,1,,1,468,644,225,3,12000.0,0.0,36000.0
1573,286,1,,1,512,425,1683,1,13200.0,1320.0,11880.0
1574,675,2,3,2,613,3,3128,3,15000.0,0.0,45000.0
1575,675,2,3,2,613,3,3128,2,16500.0,0.0,33000.0
1576,775,2,2,1,802,2,242,3,10800.0,648.0,31752.0
1577,1224,1,,2,769,2673,372,1,13500.0,0.0,13500.0
1578,822,1,,2,711,1421,,2,15000.0,600.0,29400.0
1579,839,1,,2,487,2634,,1,15000.0,0.0,15000.0
1580,353,1,,1,395,1668,425,2,12000.0,1200.0,22800.0
1581,779,2,4,2,941,4,2093,3,15000.0,2250.0,42750.0
1582,1317,2,1,1,673,1,1186,3,13200.0,0.0,39600.0
1583,1247,1,,1,730,2010,821,3,10800.0,648.0,31752.0
1584,1315,1,,1,963,591,,2,12000.0,2400.0,21600.0
1585,820,2,3,1,706,3,1966,2,12000.0,2400.0,21600.0
1586,633,1,,1,575,254,2343,3,12000.0,0.0,36000.0
1587,633,1,,1,575,254,2343,1,10800.0,540.0,10260.0
1588,187,1,,1,393,2675,2609,3,12000.0,720.0,35280.0
1589,1443,1,,2,688,1128,789,1,15000.0,750.0,14250.0
1590,1225,1,,1,900,2762,2979,2,12600.0,1260.0,23940.0
1591,1092,2,1,2,906,1,2350,3,16500.0,2475.0,47025.0
1592,193,2,4,2,442,4,3137,1,15000.0,1500.0,13500.0
1593,193,2,4,2,442,4,3137,3,13500.0,810.0,39690.0
1594,184,1,,2,420,2098,559,1,15000.0,300.0,14700.0
1595,184,1,,1,420,2098,559,1,12000.0,0.0,12000.0
1596,1356,1,,2,468,805,2436,1,15000.0,0.0,15000.0
1597,167,2,3,1,1002,3,1350,1,12600.0,1260.0,11340.0
1598,215,1,,2,551,3150,,3,13500.0,0.0,40500.0
1599,416,2,1,1,872,1,262,3,12600.0,756.0,37044.0
1600,1312,1,,2,628,3131,72,3,13500.0,810.0,39690.0
1601,352,2,2,1,644,2,2038,1,12000.0,0.0,12000.0
1602,700,1,,2,849,1684,2922,1,15000.0,300.0,14700.0
1603,700,1,,1,849,1684,2922,1,12000.0,240.0,11760.0
1604,608,1,,2,779,2207,1136,1,15750.0,0.0,15750.0
1605,529,1,,2,823,3048,,3,15000.0,900.0,44100.0
1606,980,2,1,1,787,1,2654,2,12000.0,0.0,24000.0
1607,980,2,1,2,787,1,2654,2,15750.0,3150.0,28350.0
1608,825,1,,1,694,828,2131,1,12600.0,630.0,11970.0
1609,825,1,,2,694,828,2131,3,16500.0,4950.0,44550.0
1610,470,2,2,1,423,2,3200,3,12000.0,720.0,35280.0
1611,470,2,2,2,423,2,3200,2,15750.0,0.0,31500.0
1612,590,1,,2,695,2100,1772,3,16500.0,4950.0,44550.0
1613,449,1,,2,450,2429,2414,1,15000.0,750.0,14250.0
1614,814,1,,1,452,1873,2702,3,12600.0,1890.0,35910.0
1615,638,2,4,1,470,4,1052,3,12000.0,720.0,35280.0
1616,747,1,,1,453,183,245,3,12600.0,3780.0,34020.0
1617,932,2,3,1,976,3,1432,3,12000.0,720.0,35280.0
1618,541,1,,1,976,2798,310,3,12000.0,1800.0,34200.0
1619,541,1,,2,976,2798,310,1,15000.0,300.0,14700.0
1620,517,1,,2,748,608,1578,1,16500.0,330.0,16170.0
1621,1119,1,,1,623,86,2281,1,12000.0,1200.0,10800.0
1622,549,1,,1,805,1341,1756,2,13200.0,1320.0,25080.0
1623,774,2,2,2,642,2,686,1,16500.0,825.0,15675.0
1624,1293,1,,1,893,2748,451,3,12600.0,1890.0,35910.0
1625,1301,1,,2,873,3015,1048,3,13500.0,4050.0,36450.0
1626,460,2,4,1,974,4,1554,2,12000.0,480.0,23520.0
1627,658,1,,2,443,402,307,2,15000.0,0.0,30000.0
1628,1370,2,3,1,726,3,1750,3,12600.0,3780.0,34020.0
1629,299,1,,2,433,2632,,2,15000.0,600.0,29400.0
1630,299,1,,1,433,2632,,1,12600.0,1260.0,11340.0
1631,122,1,,1,779,2691,36,1,12600.0,1260.0,11340.0
1632,122,1,,2,779,2691,36,1,15000.0,0.0,15000.0
1633,1413,2,4,2,523,4,2652,3,16500.0,4950.0,44550.0
1634,1413,2,4,1,523,4,2652,2,12600.0,1260.0,23940.0
1635,235,2,3,1,889,3,2611,3,12000.0,0.0,36000.0
1636,235,2,3,1,889,3,2611,2,10800.0,2160.0,19440.0
1637,880,1,,1,538,2213,1456,3,12000.0,720.0,35280.0
1638,1116,1,,2,545,404,,2,15750.0,0.0,31500.0
1639,920,1,,2,652,664,1269,3,15750.0,0.0,47250.0
1640,920,1,,1,652,664,1269,3,13200.0,792.0,38808.0
1641,920,1,,1,652,664,1269,3,12600.0,3780.0,34020.0
1642,934,1,,2,794,1724,252,1,15000.0,750.0,14250.0
1643,184,1,,2,392,1983,,1,15000.0,300.0,14700.0
1644,1401,1,,1,694,770,2563,1,12000.0,240.0,11760.0
1645,1257,1,,1,878,593,808,1,12000.0,240.0,11760.0
1646,1360,1,,1,634,2745,2728,1,12000.0,600.0,11400.0
1647,63,1,,2,459,1156,1101,3,15750.0,945.0,46305.0
1648,767,1,,1,926,996,,3,12000.0,720.0,35280.0
1649,767,1,,2,926,996,,2,16500.0,3300.0,29700.0
1650,677,1,,1,745,2278,404,1,12000.0,1200.0,10800.0
1651,446,1,,1,524,251,743,1,12600.0,0.0,12600.0
1652,446,1,,1,524,251,743,1,12000.0,240.0,11760.0
1653,15,1,,1,556,1016,,2,12000.0,0.0,24000.0
1654,1207,1,,1,548,1827,1258,3,12000.0,1800.0,34200.0
1655,721,2,1,1,651,1,2428,2,12600.0,1260.0,23940.0
1656,142,1,,1,471,2538,1786,1,12000.0,240.0,11760.0
1657,570,1,,1,572,2768,585,2,12000.0,2400.0,21600.0
1658,1111,2,1,1,414,1,1222,3,12000.0,3600.0,32400.0
1659,1111,2,1,1,414,1,1222,2,12000.0,0.0,24000.0
1660,1226,1,,2,478,705,,1,15750.0,787.5,14962.5
1661,165,1,,1,998,2244,2621,3,12000.0,0.0,36000.0
1662,60,2,2,2,919,2,130,2,15000.0,600.0,29400.0
1663,293,1,,2,557,1906,3136,1,15000.0,0.0,15000.0
1664,293,1,,1,557,1906,3136,3,10800.0,1620.0,30780.0
1665,385,1,,1,788,746,1693,1,12000.0,240.0,11760.0
1666,748,1,,1,393,1509,2478,1,10800.0,216.0,10584.0
1667,559,1,,2,675,1809,2760,2,15750.0,630.0,30870.0
1668,151,2,4,2,425,4,2037,1,15000.0,1500.0,13500.0
1669,189,1,,1,457,2899,3009,3,12600.0,3780.0,34020.0
1670,1438,1,,2,389,1455,2612,1,15000.0,0.0,15000.0
1671,503,1,,2,525,348,1853,2,15000.0,0.0,30000.0
1672,503,1,,1,525,348,1853,1,12000.0,0.0,12000.0
1673,889,1,,2,878,2357,1714,1,15000.0,0.0,15000.0
1674,889,1,,1,878,2357,1714,1,10800.0,0.0,10800.0
1675,430,2,2,1,896,2,2955,2,12000.0,2400.0,21600.0
1676,430,2,2,1,896,2,2955,2,13200.0,528.0,25872.0
1677,998,1,,2,681,1197,2955,3,15000.0,2250.0,42750.0
1678,612,1,,1,925,809,2343,1,12000.0,600.0,11400.0
1679,612,1,,1,925,809,2343,1,10800.0,1080.0,9720.0
1680,658,1,,1,786,732,2645,2,10800.0,0.0,21600.0
1681,658,1,,2,786,732,2645,2,16500.0,3300.0,29700.0
1682,44,1,,1,817,2973,1266,3,13200.0,3960.0,35640.0
1683,892,1,,1,404,2925,618,3,10800.0,648.0,31752.0
1684,892,1,,1,404,2925,618,3,10800.0,1620.0,30780.0
1685,1360,1,,2,471,339,1248,3,13500.0,2025.0,38475.0
1686,252,1,,2,438,2850,1195,1,15000.0,0.0,15000.0
1687,197,2,1,2,989,1,460,3,15000.0,4500.0,40500.0
1688,197,2,1,2,989,1,460,3,15000.0,0.0,45000.0
1689,197,2,1,2,989,1,460,3,15000.0,900.0,44100.0
1690,342,2,2,2,500,2,1784,1,15000.0,1500.0,13500.0
1691,925,2,1,1,425,1,1130,3,12000.0,0.0,36000.0
1692,779,1,,2,845,3121,1753,3,15000.0,0.0,45000.0
1693,285,1,,1,400,2080,3117,1,13200.0,0.0,13200.0
1694,1121,1,,2,690,1476,160,3,15000.0,2250.0,42750.0
1695,916,1,,2,1002,992,2540,1,15000.0,0.0,15000.0
1696,916,1,,2,1002,992,2540,1,15000.0,0.0,15000.0
1697,818,2,2,2,451,2,1217,2,15000.0,3000.0,27000.0
1698,826,1,,1,698,836,972,2,12600.0,0.0,25200.0
1699,1082,1,,1,720,2877,517,2,12000.0,480.0,23520.0
1700,999,1,,1,444,336,740,1,10800.0,216.0,10584.0
1701,488,1,,1,502,867,38,1,12600.0,252.0,12348.0
1702,1155,1,,1,418,1250,3139,3,12000.0,720.0,35280.0
1703,1092,2,2,1,593,2,2514,1,12000.0,0.0,12000.0
1704,221,1,,1,519,1463,1221,2,10800.0,2160.0,19440.0
1705,221,1,,1,519,1463,1221,2,12000.0,1200.0,22800.0
1706,865,1,,1,503,639,3073,3,12000.0,720.0,35280.0
1707,715,2,1,2,831,1,2178,1,15000.0,750.0,14250.0
1708,180,1,,1,533,601,1900,2,10800.0,2160.0,19440.0
1709,650,2,4,1,793,4,2872,3,13200.0,3960.0,35640.0
1710,208,1,,2,448,149,2913,3,15000.0,900.0,44100.0
1711,1406,2,3,1,417,3,257,2,12000.0,2400.0,21600.0
1712,1406,2,3,2,417,3,257,2,15000.0,1500.0,28500.0
1713,1406,2,3,1,417,3,257,1,13200.0,264.0,12936.0
1714,353,1,,2,652,1922,3184,1,16500.0,0.0,16500.0
1715,1263,1,,1,645,505,796,1,12000.0,1200.0,10800.0
1716,1094,2,2,1,620,2,,1,10800.0,1080.0,9720.0
1717,318,2,4,2,566,4,1304,2,13500.0,1350.0,25650.0
1718,1257,1,,2,486,1990,854,3,13500.0,2025.0,38475.0
1719,1257,1,,1,486,1990,854,2,12000.0,2400.0,21600.0
1720,551,2,3,2,509,3,742,2,15000.0,1500.0,28500.0
1721,918,1,,1,437,1837,2728,2,12000.0,2400.0,21600.0
1722,918,1,,1,437,1837,2728,3,12600.0,756.0,37044.0
1723,800,2,2,1,454,2,1117,1,10800.0,0.0,10800.0
1724,1152,1,,2,558,2073,,3,15000.0,900.0,44100.0
1725,1471,1,,2,608,1941,1715,2,15000.0,1500.0,28500.0
1726,696,1,,2,983,2076,2001,2,15000.0,3000.0,27000.0
1727,945,2,1,2,553,1,1885,2,15000.0,600.0,29400.0
1728,214,1,,1,772,1015,1122,1,12000.0,1200.0,10800.0
1729,214,1,,1,772,1015,1122,3,10800.0,3240.0,29160.0
1730,465,1,,1,658,575,2404,2,12000.0,0.0,24000.0
1731,998,1,,1,442,3046,,2,12000.0,0.0,24000.0
1732,998,1,,1,442,3046,,3,12600.0,3780.0,34020.0
1733,144,1,,2,587,198,1728,1,15000.0,0.0,15000.0
1734,683,1,,2,729,20,,3,15000.0,2250.0,42750.0
1735,937,1,,1,831,384,1216,2,12000.0,2400.0,21600.0
1736,937,1,,1,831,384,1216,3,13200.0,792.0,38808.0
1737,500,1,,2,542,2087,44,2,15000.0,1500.0,28500.0
1738,237,2,4,1,466,4,84,3,10800.0,1620.0,30780.0
1739,237,2,4,2,466,4,84,3,15000.0,0.0,45000.0
1740,1371,1,,2,592,867,1971,2,15000.0,3000.0,27000.0
1741,479,1,,1,827,3151,1443,3,12600.0,756.0,37044.0
1742,479,1,,2,827,3151,1443,1,13500.0,270.0,13230.0
1743,786,2,2,1,860,2,130,1,12000.0,600.0,11400.0
1744,1148,2,1,1,535,1,839,3,12000.0,1800.0,34200.0
1745,1148,2,1,2,535,1,839,1,15000.0,1500.0,13500.0
1746,756,2,3,1,682,3,964,3,12000.0,1800.0,34200.0
1747,1266,2,2,1,1001,2,3123,1,12000.0,1200.0,10800.0
1748,276,2,3,2,600,3,,2,15000.0,1500.0,28500.0
1749,174,2,2,2,928,2,153,1,15000.0,300.0,14700.0
1750,174,2,2,2,928,2,153,3,13500.0,810.0,39690.0
1751,9,2,2,2,989,2,1089,3,15000.0,0.0,45000.0
1752,326,1,,1,544,1585,2861,1,10800.0,1080.0,9720.0
1753,1213,2,2,1,879,2,1056,2,10800.0,432.0,21168.0
1754,550,2,4,1,986,4,1214,2,12600.0,504.0,24696.0
1755,837,2,2,1,763,2,2361,2,12000.0,0.0,24000.0
1756,1303,2,1,1,368,1,1855,1,10800.0,540.0,10260.0
1757,1303,2,1,2,368,1,1855,2,15000.0,1500.0,28500.0
1758,327,1,,2,883,2109,1318,3,16500.0,4950.0,44550.0
1759,1206,2,1,1,829,1,989,1,12000.0,0.0,12000.0
1760,942,1,,1,389,74,920,1,12000.0,1200.0,10800.0
1761,942,1,,1,389,74,920,2,12000.0,2400.0,21600.0
1762,379,2,2,2,891,2,1310,3,15000.0,2250.0,42750.0
1763,379,2,2,2,891,2,1310,3,15000.0,900.0,44100.0
1764,186,1,,1,785,2778,2370,1,12000.0,0.0,12000.0
1765,1264,1,,1,888,1252,2655,3,12000.0,720.0,35280.0
1766,1327,2,1,1,867,1,2686,1,13200.0,0.0,13200.0
1767,498,1,,1,778,1862,1694,1,12000.0,600.0,11400.0
1768,1439,1,,1,679,2315,1789,1,12600.0,0.0,12600.0
1769,545,2,2,2,866,2,1409,1,15750.0,1575.0,14175.0
1770,545,2,2,2,866,2,1409,2,15000.0,3000.0,27000.0
1771,833,1,,1,864,1408,425,3,12000.0,3600.0,32400.0
1772,646,1,,2,603,1627,2986,1,15000.0,1500.0,13500.0
1773,732,1,,1,577,783,138,2,12000.0,2400.0,21600.0
1774,213,1,,2,546,1845,1844,2,15750.0,0.0,31500.0
1775,213,1,,1,546,1845,1844,2,12000.0,1200.0,22800.0
1776,1365,2,3,1,735,3,2998,3,12000.0,720.0,35280.0
1777,545,2,1,1,674,1,3047,3,10800.0,648.0,31752.0
1778,821,2,3,1,745,3,2641,1,12000.0,1200.0,10800.0
1779,641,2,1,2,847,1,1661,2,15750.0,0.0,31500.0
1780,468,1,,1,782,466,3,2,12000.0,480.0,23520.0
1781,468,1,,1,782,466,3,3,12000.0,720.0,35280.0
1782,609,2,2,2,718,2,1684,1,13500.0,675.0,12825.0
1783,609,2,2,2,718,2,1684,2,15000.0,600.0,29400.0
1784,609,2,2,1,718,2,1684,3,12600.0,756.0,37044.0
1785,880,1,,1,949,1838,181,3,12000.0,0.0,36000.0
1786,237,1,,1,969,1237,1644,2,12000.0,1200.0,22800.0
1787,506,1,,1,704,3017,,3,12000.0,3600.0,32400.0
1788,716,1,,1,593,134,,1,12000.0,0.0,12000.0
1789,1141,1,,1,953,26,2076,3,10800.0,648.0,31752.0
1790,1492,1,,1,826,1176,289,2,12000.0,1200.0,22800.0
1791,1492,1,,2,826,1176,289,1,15000.0,0.0,15000.0
1792,1465,1,,2,863,3102,378,3,13500.0,2025.0,38475.0
1793,1133,1,,1,700,1774,2359,1,10800.0,216.0,10584.0
1794,1133,1,,2,700,1774,2359,2,15000.0,0.0,30000.0
1795,1120,1,,1,924,3095,1930,3,12000.0,3600.0,32400.0
1796,692,1,,2,382,639,1950,3,15750.0,0.0,47250.0
1797,1176,1,,1,791,630,,3,12000.0,1800.0,34200.0
1798,188,1,,1,841,3012,,3,12000.0,3600.0,32400.0
1799,700,1,,1,830,2819,2075,3,10800.0,1620.0,30780.0
1800,194,2,2,2,822,2,2110,1,15000.0,1500.0,13500.0
1801,1054,1,,1,728,2363,2619,1,12600.0,1260.0,11340.0
1802,1054,1,,2,728,2363,2619,1,15000.0,0.0,15000.0
1803,993,2,1,1,770,1,,1,10800.0,540.0,10260.0
1804,993,2,1,1,770,1,,3,12000.0,0.0,36000.0
1805,337,1,,1,811,1493,614,2,10800.0,0.0,21600.0
1806,337,1,,1,811,1493,614,3,12000.0,720.0,35280.0
1807,218,2,2,1,583,2,1406,1,10800.0,540.0,10260.0
1808,1456,1,,1,438,3134,2237,3,12000.0,720.0,35280.0
1809,259,2,1,2,636,1,,2,15000.0,3000.0,27000.0
1810,279,2,4,1,555,4,2523,1,12000.0,1200.0,10800.0
1811,279,2,4,1,555,4,2523,1,10800.0,216.0,10584.0
1812,132,1,,2,866,2981,785,1,16500.0,825.0,15675.0
1813,1250,2,2,2,415,2,1400,3,15000.0,4500.0,40500.0
1814,1354,2,1,1,902,1,1829,3,12000.0,720.0,35280.0
1815,1354,2,1,1,902,1,1829,3,12000.0,3600.0,32400.0
1816,1354,2,1,2,902,1,1829,2,15750.0,630.0,30870.0
1817,1447,1,,1,962,313,2423,1,12600.0,1260.0,11340.0
1818,995,2,2,1,645,2,583,2,13200.0,2640.0,23760.0
1819,995,2,2,1,645,2,583,2,12000.0,1200.0,22800.0
1820,755,1,,1,661,719,1931,1,12000.0,0.0,12000.0
1821,964,1,,2,578,2943,94,1,15000.0,0.0,15000.0
1822,147,1,,1,571,2771,,1,12000.0,600.0,11400.0
1823,1340,2,1,2,776,1,1871,1,13500.0,0.0,13500.0
1824,1340,2,1,1,776,1,1871,3,10800.0,648.0,31752.0
1825,544,1,,1,851,1615,330,1,12000.0,600.0,11400.0
1826,667,1,,1,909,2602,746,3,12000.0,3600.0,32400.0
1827,1200,2,4,1,625,4,,3,12000.0,0.0,36000.0
1828,1251,1,,1,529,1332,1588,2,10800.0,2160.0,19440.0
1829,1187,1,,1,604,1951,2293,1,12000.0,240.0,11760.0
1830,1187,1,,2,604,1951,2293,1,15000.0,1500.0,13500.0
1831,1158,2,3,1,389,3,280,3,12000.0,720.0,35280.0
1832,250,1,,2,642,3048,3141,3,15750.0,2362.5,44887.5
1833,618,1,,1,722,2635,1233,1,13200.0,264.0,12936.0
1834,1319,2,3,2,925,3,2417,1,15750.0,0.0,15750.0
1835,5,2,2,2,678,2,1007,3,15750.0,4725.0,42525.0
1836,1390,1,,2,762,1814,2855,3,16500.0,4950.0,44550.0
1837,1390,1,,2,762,1814,2855,1,15750.0,1575.0,14175.0
1838,761,1,,2,732,2331,2592,3,13500.0,2025.0,38475.0
1839,16,2,4,1,699,4,,2,12000.0,1200.0,22800.0
1840,16,2,4,2,699,4,,2,13500.0,540.0,26460.0
1841,261,1,,1,574,749,89,1,12000.0,240.0,11760.0
1842,18,1,,1,945,616,1533,2,12600.0,2520.0,22680.0
1843,18,1,,1,945,616,1533,1,13200.0,0.0,13200.0
1844,18,1,,2,945,616,1533,3,15000.0,0.0,45000.0
1845,1320,1,,2,924,2590,1011,3,15000.0,4500.0,40500.0
1846,1010,1,,2,465,1340,2611,1,15000.0,300.0,14700.0
1847,614,2,1,2,454,1,3142,3,15750.0,945.0,46305.0
1848,614,2,1,2,454,1,3142,3,13500.0,2025.0,38475.0
1849,1264,1,,1,846,1974,1993,1,12000.0,1200.0,10800.0
1850,1134,1,,2,603,930,1819,2,13500.0,1350.0,25650.0
1851,385,1,,1,771,690,2909,1,13200.0,264.0,12936.0
1852,385,1,,2,771,690,2909,2,15000.0,0.0,30000.0
1853,235,1,,2,566,1712,2038,1,15000.0,1500.0,13500.0
1854,1388,1,,1,676,69,16,1,12600.0,252.0,12348.0
1855,398,1,,1,903,2715,34,3,12000.0,720.0,35280.0
1856,774,1,,1,925,2703,2010,1,13200.0,0.0,13200.0
1857,833,1,,2,886,2930,1733,1,15000.0,300.0,14700.0
1858,195,2,2,2,383,2,2698,2,15000.0,1500.0,28500.0
1859,355,2,2,1,729,2,,2,12000.0,0.0,24000.0
1860,1095,2,2,1,852,2,2577,1,12000.0,600.0,11400.0
1861,1374,2,2,1,554,2,82,3,12000.0,720.0,35280.0
1862,1374,2,2,2,554,2,82,3,15750.0,4725.0,42525.0
1863,1374,2,2,2,554,2,82,2,15750.0,0.0,31500.0
1864,1426,1,,2,758,676,,2,15750.0,630.0,30870.0
1865,1226,1,,1,558,304,3040,1,12000.0,600.0,11400.0
1866,561,1,,2,715,2514,,3,16500.0,2475.0,47025.0
1867,756,1,,2,486,2050,2847,2,13500.0,2700.0,24300.0
1868,756,1,,2,486,2050,2847,1,15000.0,0.0,15000.0
1869,418,2,1,1,484,1,2513,1,12000.0,0.0,12000.0
1870,1213,1,,2,497,835,1381,3,15000.0,4500.0,40500.0
1871,600,2,3,1,689,3,2364,2,13200.0,1320.0,25080.0
1872,242,2,3,1,577,3,739,2,13200.0,0.0,26400.0
1873,242,2,3,1,577,3,739,2,12000.0,0.0,24000.0
1874,341,2,1,1,641,1,2034,3,12000.0,0.0,36000.0
1875,325,2,1,2,914,1,3053,3,16500.0,990.0,48510.0
1876,325,2,1,2,914,1,3053,1,15000.0,0.0,15000.0
1877,104,1,,1,404,336,1602,1,12000.0,240.0,11760.0
1878,1125,2,1,2,645,1,1871,1,15000.0,1500.0,13500.0
1879,1125,2,1,2,645,1,1871,2,15000.0,3000.0,27000.0
1880,598,1,,2,945,2883,,2,15000.0,600.0,29400.0
1881,598,1,,2,945,2883,,3,15000.0,0.0,45000.0
1882,598,1,,1,945,2883,,1,10800.0,1080.0,9720.0
1883,20,1,,2,812,1081,3130,3,15000.0,4500.0,40500.0
1884,20,1,,2,812,1081,3130,2,15750.0,1575.0,29925.0
1885,656,1,,1,931,2400,2147,3,12000.0,0.0,36000.0
1886,319,2,3,1,1002,3,2443,2,12000.0,480.0,23520.0
1887,319,2,3,2,1002,3,2443,2,15000.0,3000.0,27000.0
1888,922,2,3,2,424,3,690,3,15750.0,945.0,46305.0
1889,922,2,3,1,424,3,690,3,13200.0,1980.0,37620.0
1890,868,2,1,1,459,1,2109,2,12000.0,1200.0,22800.0
1891,31,2,1,1,517,1,3127,1,10800.0,1080.0,9720.0
1892,890,2,4,2,373,4,525,3,15000.0,0.0,45000.0
1893,643,1,,2,903,2090,1310,1,15000.0,300.0,14700.0
1894,1110,1,,2,682,2188,665,1,13500.0,0.0,13500.0
1895,1210,1,,1,626,2023,1094,2,12000.0,1200.0,22800.0
1896,1210,1,,2,626,2023,1094,1,15000.0,750.0,14250.0
1897,1210,1,,1,626,2023,1094,2,12000.0,1200.0,22800.0
1898,1041,2,1,1,558,1,1248,2,12000.0,0.0,24000.0
1899,561,1,,2,515,412,2600,2,13500.0,1350.0,25650.0
1900,561,1,,1,515,412,2600,3,12600.0,3780.0,34020.0
1901,812,1,,1,734,168,750,1,12600.0,1260.0,11340.0
1902,1219,2,3,1,684,3,3095,3,13200.0,1980.0,37620.0
1903,1246,2,3,1,434,3,2928,2,12000.0,0.0,24000.0
1904,1246,2,3,1,434,3,2928,1,12600.0,0.0,12600.0
1905,116,1,,1,705,334,2356,3,12600.0,1890.0,35910.0
1906,204,2,2,1,718,2,1630,2,12000.0,480.0,23520.0
1907,116,2,3,1,850,3,2438,1,12600.0,0.0,12600.0
1908,491,1,,1,555,3151,1420,1,12600.0,0.0,12600.0
1909,1281,1,,2,966,1391,1012,3,15000.0,900.0,44100.0
1910,1281,1,,1,966,1391,1012,3,12600.0,756.0,37044.0
1911,384,2,2,1,849,2,1588,2,12000.0,2400.0,21600.0
1912,384,2,2,1,849,2,1588,3,12000.0,3600.0,32400.0
1913,384,2,2,2,849,2,1588,2,15000.0,600.0,29400.0
1914,595,2,3,1,945,3,2635,1,12000.0,600.0,11400.0
1915,185,1,,2,786,32,1616,1,15000.0,300.0,14700.0
1916,185,1,,1,786,32,1616,1,10800.0,1080.0,9720.0
1917,1329,1,,2,931,2560,1914,3,15000.0,4500.0,40500.0
1918,458,2,4,1,385,4,1145,3,12000.0,3600.0,32400.0
1919,458,2,4,1,385,4,1145,2,10800.0,432.0,21168.0
1920,711,1,,1,447,1015,845,1,12000.0,1200.0,10800.0
1921,1169,1,,2,407,667,23,3,15000.0,0.0,45000.0
1922,1185,1,,1,529,1428,472,1,12000.0,1200.0,10800.0
1923,1185,1,,2,529,1428,472,3,15000.0,900.0,44100.0
1924,1042,2,1,1,486,1,1539,1,12000.0,1200.0,10800.0
1925,1042,2,1,2,486,1,1539,1,15750.0,0.0,15750.0
1926,1042,2,1,1,486,1,1539,3,12000.0,1800.0,34200.0
1927,941,2,1,1,413,1,1277,2,12600.0,504.0,24696.0
1928,963,2,3,1,556,3,229,2,12000.0,480.0,23520.0
1929,963,2,3,2,556,3,229,3,13500.0,810.0,39690.0
1930,642,1,,1,769,1058,3154,2,12600.0,0.0,25200.0
1931,642,1,,1,769,1058,3154,2,12000.0,480.0,23520.0
1932,948,2,1,2,470,1,873,2,15000.0,600.0,29400.0
1933,948,2,1,2,470,1,873,1,15000.0,1500.0,13500.0
1934,948,2,1,1,470,1,873,2,12600.0,504.0,24696.0
1935,1356,1,,1,496,2266,2311,3,10800.0,1620.0,30780.0
1936,708,1,,2,399,2855,356,1,16500.0,825.0,15675.0
1937,708,1,,2,399,2855,356,1,15000.0,300.0,14700.0
1938,841,2,1,2,412,1,1931,2,13500.0,1350.0,25650.0
1939,1325,2,2,1,957,2,2800,1,12000.0,0.0,12000.0
1940,1325,2,2,2,957,2,2800,1,15000.0,300.0,14700.0
1941,703,1,,1,369,946,1020,1,12000.0,1200.0,10800.0
1942,748,1,,1,638,1489,161,3,12600.0,3780.0,34020.0
1943,1219,2,4,2,489,4,,1,15000.0,300.0,14700.0
1944,1358,2,1,2,448,1,769,1,13500.0,675.0,12825.0
1945,1358,2,1,1,448,1,769,3,12000.0,3600.0,32400.0
1946,395,1,,1,563,3102,2463,2,12000.0,0.0,24000.0
1947,395,1,,1,563,3102,2463,1,12000.0,1200.0,10800.0
1948,536,1,,1,698,1602,,3,12000.0,1800.0,34200.0
1949,536,1,,1,698,1602,,2,10800.0,0.0,21600.0
1950,31,2,1,2,896,1,,3,15000.0,4500.0,40500.0
1951,31,2,1,2,896,1,,3,16500.0,0.0,49500.0
1952,1414,1,,2,366,3051,1766,3,15000.0,4500.0,40500.0
1953,963,1,,1,447,267,,2,12000.0,480.0,23520.0
1954,780,1,,1,947,2735,2458,1,13200.0,1320.0,11880.0
1955,780,1,,1,947,2735,2458,2,10800.0,432.0,21168.0
1956,489,1,,1,368,2403,2316,3,12600.0,0.0,37800.0
1957,42,2,3,2,841,3,97,2,13500.0,2700.0,24300.0
1958,42,2,3,2,841,3,97,1,13500.0,675.0,12825.0
1959,228,2,1,2,467,1,2357,2,16500.0,660.0,32340.0
1960,228,2,1,1,467,1,2357,2,13200.0,2640.0,23760.0
1961,670,1,,1,775,2491,1043,2,12000.0,0.0,24000.0
1962,652,2,2,2,569,2,2811,3,13500.0,810.0,39690.0
1963,308,2,1,1,623,1,,3,10800.0,3240.0,29160.0
1964,308,2,1,1,623,1,,3,12000.0,0.0,36000.0
1965,1094,1,,1,728,943,2085,2,12000.0,0.0,24000.0
1966,1094,1,,2,728,943,2085,3,15000.0,900.0,44100.0
1967,76,2,3,2,556,3,804,1,15000.0,300.0,14700.0
1968,76,2,3,2,556,3,804,2,15000.0,1500.0,28500.0
1969,1435,1,,1,594,1156,95,1,12000.0,1200.0,10800.0
1970,703,1,,1,642,1943,2743,1,13200.0,264.0,12936.0
1971,792,2,1,1,942,1,491,1,13200.0,0.0,13200.0
1972,332,1,,1,503,3103,2284,1,10800.0,540.0,10260.0
1973,69,1,,2,761,2102,1391,1,15000.0,750.0,14250.0
1974,69,1,,2,761,2102,1391,3,13500.0,4050.0,36450.0
1975,69,1,,1,761,2102,1391,2,12600.0,504.0,24696.0
1976,311,2,4,2,548,4,413,1,15000.0,750.0,14250.0
1977,724,1,,2,871,1774,,2,15750.0,3150.0,28350.0
1978,1238,1,,1,929,2746,339,2,12600.0,1260.0,23940.0
1979,488,2,3,2,448,3,,3,15750.0,945.0,46305.0
1980,1435,2,3,1,676,3,2939,3,12000.0,1800.0,34200.0
1981,612,2,3,2,851,3,979,1,15000.0,1500.0,13500.0
1982,1116,2,3,2,418,3,2196,2,16500.0,0.0,33000.0
1983,1496,1,,2,600,1740,,1,15000.0,0.0,15000.0
1984,1496,1,,2,600,1740,,1,15000.0,300.0,14700.0
1985,559,2,2,1,392,2,2428,1,12600.0,630.0,11970.0
1986,745,2,3,1,731,3,850,3,12000.0,1800.0,34200.0
1987,745,2,3,2,731,3,850,3,16500.0,0.0,49500.0
1988,790,1,,2,710,105,2312,2,15750.0,630.0,30870.0
1989,790,1,,1,710,105,2312,2,12000.0,0.0,24000.0
1990,67,2,4,1,466,4,1105,1,12000.0,0.0,12000.0
1991,1029,1,,1,786,402,1247,3,10800.0,0.0,32400.0
1992,1360,2,1,2,964,1,80,3,15000.0,4500.0,40500.0
1993,1366,1,,1,905,135,1652,2,12000.0,0.0,24000.0
1994,404,1,,1,781,2213,2336,3,12600.0,756.0,37044.0
1995,102,2,2,1,715,2,,1,12000.0,1200.0,10800.0
1996,1386,1,,2,1004,3034,1502,2,16500.0,3300.0,29700.0
1997,1026,1,,2,496,2197,1906,1,15000.0,750.0,14250.0
1998,1026,1,,1,496,2197,1906,2,12600.0,0.0,25200.0
1999,1026,1,,1,496,2197,1906,3,12600.0,1890.0,35910.0
2000,185,1,,2,577,3105,,2,13500.0,2700.0,24300.0
2001,875,1,,1,452,465,803,3,12000.0,0.0,36000.0
2002,1054,2,4,1,883,4,1976,1,12000.0,240.0,11760.0
2003,1054,2,4,1,883,4,1976,1,12600.0,1260.0,11340.0
2004,351,1,,2,942,1451,1002,1,15000.0,750.0,14250.0
2005,1162,1,,1,974,1432,1691,3,12000.0,0.0,36000.0
2006,1237,1,,2,731,969,1895,3,15000.0,0.0,45000.0
2007,633,2,1,2,979,1,1653,3,15750.0,4725.0,42525.0
2008,405,1,,2,615,481,2089,3,15000.0,4500.0,40500.0
2009,244,1,,1,696,2600,,1,12000.0,0.0,12000.0
2010,244,1,,1,696,2600,,2,12600.0,0.0,25200.0
2011,1048,2,1,1,887,1,2525,2,13200.0,1320.0,25080.0
2012,1048,2,1,2,887,1,2525,1,13500.0,675.0,12825.0
2013,324,2,1,1,523,1,1929,1,12000.0,1200.0,10800.0
2014,324,2,1,1,523,1,1929,3,12000.0,0.0,36000.0
2015,179,1,,1,690,1164,982,3,12600.0,1890.0,35910.0
2016,518,2,4,2,722,4,3026,1,15000.0,750.0,14250.0
2017,518,2,4,1,722,4,3026,2,12000.0,480.0,23520.0
2018,222,1,,2,837,2935,140,2,15000.0,600.0,29400.0
2019,1301,1,,2,801,773,2286,1,15750.0,1575.0,14175.0
2020,884,1,,1,551,664,619,2,12000.0,2400.0,21600.0
2021,865,2,3,1,584,3,2863,3,12000.0,1800.0,34200.0
2022,576,1,,2,366,118,736,3,15000.0,2250.0,42750.0
2023,576,1,,1,366,118,736,2,12000.0,1200.0,22800.0
2024,642,2,1,1,610,1,2602,1,12000.0,600.0,11400.0
2025,1318,1,,1,758,2692,1634,3,12600.0,3780.0,34020.0
2026,1392,1,,1,828,1447,2702,2,10800.0,2160.0,19440.0
2027,1392,1,,1,828,1447,2702,2,10800.0,0.0,21600.0
2028,22,2,3,2,453,3,942,2,15750.0,1575.0,29925.0
2029,1086,2,1,1,870,1,2131,3,12000.0,1800.0,34200.0
2030,995,1,,2,680,2422,547,1,15750.0,1575.0,14175.0
2031,995,1,,1,680,2422,547,2,12600.0,504.0,24696.0
2032,1362,1,,2,682,1871,678,2,15000.0,3000.0,27000.0
2033,1362,1,,2,682,1871,678,2,15000.0,1500.0,28500.0
2034,1362,1,,2,682,1871,678,1,15000.0,1500.0,13500.0
2035,1176,2,3,2,466,3,313,1,15000.0,300.0,14700.0
2036,991,2,3,1,604,3,268,1,12000.0,1200.0,10800.0
2037,461,2,4,2,457,4,2910,1,15000.0,1500.0,13500.0
2038,461,2,4,1,457,4,2910,1,12000.0,600.0,11400.0
2039,656,2,4,2,778,4,2714,2,16500.0,660.0,32340.0
2040,1327,1,,1,463,2590,2853,1,12000.0,1200.0,10800.0
2041,1327,1,,2,463,2590,2853,3,15000.0,900.0,44100.0
2042,974,2,3,1,516,3,61,3,12000.0,0.0,36000.0
2043,305,1,,2,791,171,1168,3,15000.0,2250.0,42750.0
2044,858,1,,2,914,877,1449,3,13500.0,0.0,40500.0
2045,1078,1,,2,898,1790,341,3,15000.0,2250.0,42750.0
2046,1078,1,,1,898,1790,341,1,12000.0,0.0,12000.0
2047,1382,1,,2,528,2375,1505,1,15000.0,750.0,14250.0
2048,739,2,3,1,374,3,2501,2,12000.0,2400.0,21600.0
2049,878,1,,2,897,1397,2454,1,15000.0,750.0,14250.0
2050,878,1,,1,897,1397,2454,2,12000.0,480.0,23520.0
2051,863,1,,2,830,2514,1026,3,15000.0,4500.0,40500.0
2052,504,2,3,2,447,3,876,1,15000.0,750.0,14250.0
2053,810,1,,2,737,802,493,2,15000.0,3000.0,27000.0
2054,1339,1,,1,763,88,2550,3,12000.0,720.0,35280.0
2055,769,1,,1,752,1227,665,3,12000.0,0.0,36000.0
2056,952,1,,2,598,437,3038,1,15750.0,0.0,15750.0
2057,389,1,,1,503,834,,2,13200.0,0.0,26400.0
2058,389,1,,2,503,834,,3,15000.0,0.0,45000.0
2059,1039,1,,2,964,1461,707,1,15750.0,0.0,15750.0
2060,91,1,,1,549,1545,2751,3,12000.0,3600.0,32400.0
2061,1190,1,,1,538,292,2598,3,12000.0,720.0,35280.0
2062,762,2,1,1,939,1,1518,2,12000.0,1200.0,22800.0
2063,762,2,1,1,939,1,1518,2,12600.0,504.0,24696.0
2064,520,2,1,1,449,1,2118,3,12000.0,1800.0,34200.0
2065,520,2,1,1,449,1,2118,3,12000.0,3600.0,32400.0
2066,604,2,2,1,837,2,670,3,10800.0,1620.0,30780.0
2067,604,2,2,1,837,2,670,2,12000.0,480.0,23520.0
2068,1133,1,,2,726,2426,1413,3,15000.0,900.0,44100.0
2069,1401,1,,1,701,65,983,2,10800.0,432.0,21168.0
2070,1401,1,,2,701,65,983,2,15750.0,0.0,31500.0
2071,298,2,1,1,501,1,,2,12000.0,0.0,24000.0
2072,1104,1,,2,788,1087,923,1,13500.0,270.0,13230.0
2073,1309,1,,1,673,1913,,2,12000.0,1200.0,22800.0
2074,483,2,4,1,864,4,1160,3,12000.0,720.0,35280.0
2075,208,1,,1,537,2342,2835,1,12000.0,1200.0,10800.0
2076,1493,2,4,1,984,4,408,3,12000.0,720.0,35280.0
2077,746,1,,1,506,2683,1208,1,12000.0,0.0,12000.0
2078,1263,1,,2,770,2101,2900,2,15000.0,3000.0,27000.0
2079,878,1,,1,835,2027,1253,2,12000.0,480.0,23520.0
2080,878,1,,2,835,2027,1253,1,15000.0,750.0,14250.0
2081,625,2,4,2,947,4,2315,1,15750.0,787.5,14962.5
2082,1236,1,,2,838,789,508,1,15000.0,750.0,14250.0
2083,1236,1,,2,838,789,508,1,15750.0,1575.0,14175.0
2084,700,1,,1,860,2287,1183,2,12000.0,1200.0,22800.0
2085,777,1,,2,830,677,334,1,15750.0,787.5,14962.5
2086,1341,1,,1,408,942,2622,2,12000.0,0.0,24000.0
2087,1168,1,,1,660,3050,1193,2,10800.0,1080.0,20520.0
2088,715,2,2,1,438,2,1545,2,12000.0,1200.0,22800.0
2089,26,2,4,1,815,4,2977,3,12000.0,1800.0,34200.0
2090,1469,1,,1,559,1185,1812,3,12000.0,720.0,35280.0
2091,1469,1,,2,559,1185,1812,2,15750.0,0.0,31500.0
2092,783,1,,2,719,1574,2539,1,15000.0,0.0,15000.0
2093,1323,2,1,2,613,1,1308,1,13500.0,270.0,13230.0
2094,8,2,4,2,911,4,,3,13500.0,0.0,40500.0
2095,8,2,4,2,911,4,,2,16500.0,3300.0,29700.0
2096,336,2,2,2,728,2,748,3,13500.0,0.0,40500.0
2097,336,2,2,1,728,2,748,3,12000.0,720.0,35280.0
2098,386,1,,2,516,1240,2851,3,15000.0,0.0,45000.0
2099,1375,2,4,1,995,4,716,3,12000.0,3600.0,32400.0
2100,162,1,,1,895,2625,273,3,12000.0,720.0,35280.0
2101,1203,2,3,1,429,3,1531,3,12000.0,720.0,35280.0
2102,835,1,,1,620,1743,707,3,13200.0,3960.0,35640.0
2103,566,2,1,1,440,1,1495,3,13200.0,3960.0,35640.0
2104,566,2,1,2,440,1,1495,1,13500.0,0.0,13500.0
2105,383,1,,2,771,1389,1606,2,13500.0,0.0,27000.0
2106,746,1,,1,529,603,,2,10800.0,2160.0,19440.0
2107,746,1,,1,529,603,,1,12000.0,0.0,12000.0
2108,383,2,1,1,461,1,573,1,12000.0,0.0,12000.0
2109,383,2,1,1,461,1,573,1,12000.0,1200.0,10800.0
2110,1419,1,,1,998,2989,2663,2,12000.0,0.0,24000.0
2111,1419,1,,1,998,2989,2663,2,10800.0,0.0,21600.0
2112,1419,1,,1,998,2989,2663,2,12000.0,0.0,24000.0
2113,1037,2,3,2,691,3,678,1,15000.0,750.0,14250.0
2114,775,2,3,1,390,3,832,1,12000.0,1200.0,10800.0
2115,1015,1,,2,797,1490,,3,15750.0,2362.5,44887.5
2116,1197,2,1,2,890,1,,1,13500.0,0.0,13500.0
2117,1197,2,1,1,890,1,,2,12000.0,1200.0,22800.0
2118,773,2,3,1,819,3,676,3,12000.0,0.0,36000.0
2119,773,2,3,2,819,3,676,2,15000.0,0.0,30000.0
2120,413,1,,2,921,1088,1163,2,16500.0,660.0,32340.0
2121,681,1,,2,969,2009,3013,1,15000.0,750.0,14250.0
2122,681,1,,2,969,2009,3013,3,15000.0,4500.0,40500.0
2123,1425,2,4,1,889,4,3001,1,12600.0,252.0,12348.0
2124,394,1,,2,955,1803,1158,3,15000.0,2250.0,42750.0
2125,942,2,2,2,898,2,1767,1,15000.0,300.0,14700.0
2126,942,2,2,1,898,2,1767,2,12000.0,480.0,23520.0
2127,942,2,2,2,898,2,1767,2,15750.0,1575.0,29925.0
2128,1238,2,2,2,886,2,450,3,15000.0,4500.0,40500.0
2129,1238,2,2,2,886,2,450,2,15000.0,0.0,30000.0
2130,1045,1,,1,804,168,2995,3,12000.0,3600.0,32400.0
2131,594,2,4,1,870,4,1361,3,12000.0,720.0,35280.0
2132,594,2,4,1,870,4,1361,3,12000.0,720.0,35280.0
2133,58,1,,2,869,1138,1104,1,15750.0,1575.0,14175.0
2134,1008,2,4,2,757,4,776,3,16500.0,4950.0,44550.0
2135,1008,2,4,1,757,4,776,2,10800.0,1080.0,20520.0
2136,1008,2,4,2,757,4,776,2,13500.0,1350.0,25650.0
2137,1028,2,3,1,501,3,884,2,12600.0,504.0,24696.0
2138,1028,2,3,1,501,3,884,1,13200.0,264.0,12936.0
2139,1024,2,4,1,854,4,2312,3,12000.0,0.0,36000.0
2140,426,1,,1,714,3148,2136,2,12600.0,0.0,25200.0
2141,90,1,,2,883,1434,1766,2,15750.0,630.0,30870.0
2142,728,1,,2,986,23,2604,3,13500.0,2025.0,38475.0
2143,294,1,,2,459,1904,2182,3,15000.0,2250.0,42750.0
2144,200,1,,2,808,2590,566,1,13500.0,270.0,13230.0
2145,676,2,2,2,427,2,448,3,13500.0,0.0,40500.0
2146,694,1,,2,789,2779,3106,3,16500.0,0.0,49500.0
2147,800,2,4,2,841,4,310,2,15750.0,3150.0,28350.0
2148,1418,1,,1,862,3079,1243,1,12000.0,1200.0,10800.0
2149,245,1,,1,466,2574,2528,3,12600.0,3780.0,34020.0
2150,441,1,,1,869,1272,1563,3,12000.0,3600.0,32400.0
2151,393,1,,2,802,1021,186,3,15000.0,4500.0,40500.0
2152,393,1,,2,802,1021,186,3,15000.0,2250.0,42750.0
2153,1428,1,,2,992,3186,1201,3,15000.0,2250.0,42750.0
2154,852,1,,2,549,864,1942,3,15000.0,900.0,44100.0
2155,379,1,,1,403,2267,47,2,12000.0,1200.0,22800.0
2156,653,1,,1,627,3155,2828,2,12000.0,480.0,23520.0
2157,230,1,,1,924,1206,3050,3,12600.0,0.0,37800.0
2158,310,1,,1,963,1714,56,3,12000.0,0.0,36000.0
2159,689,1,,2,941,1251,1954,1,15000.0,1500.0,13500.0
2160,715,2,2,1,552,2,1547,2,12000.0,1200.0,22800.0
2161,520,1,,1,957,1353,342,1,12000.0,600.0,11400.0
2162,520,1,,2,957,1353,342,2,15000.0,0.0,30000.0
2163,896,1,,2,940,89,971,3,15000.0,2250.0,42750.0
2164,703,1,,2,926,444,3080,3,15000.0,0.0,45000.0
2165,1365,2,3,1,688,3,1739,1,12600.0,0.0,12600.0
2166,746,2,2,2,728,2,,1,15000.0,0.0,15000.0
2167,789,2,2,1,804,2,1178,3,13200.0,1980.0,37620.0
2168,77,1,,1,914,61,2207,2,12000.0,1200.0,22800.0
2169,953,1,,2,529,2731,1520,3,15000.0,4500.0,40500.0
2170,953,1,,2,529,2731,1520,2,15000.0,3000.0,27000.0
2171,515,1,,1,636,2994,548,1,12000.0,0.0,12000.0
2172,1066,1,,1,605,272,2218,2,12000.0,0.0,24000.0
2173,1081,1,,1,485,627,1087,2,13200.0,2640.0,23760.0
2174,1081,1,,1,485,627,1087,1,12000.0,0.0,12000.0
2175,1081,1,,2,485,627,1087,3,13500.0,0.0,40500.0
2176,1232,1,,1,670,3038,868,3,12600.0,1890.0,35910.0
2177,585,2,4,2,561,4,2349,2,15000.0,1500.0,28500.0
2178,624,2,1,1,816,1,2020,2,12000.0,2400.0,21600.0
2179,624,2,1,1,816,1,2020,1,12000.0,600.0,11400.0
2180,931,2,1,2,442,1,2911,2,15000.0,0.0,30000.0
2181,932,1,,2,569,48,859,1,15000.0,300.0,14700.0
2182,932,1,,2,569,48,859,1,15000.0,0.0,15000.0
2183,930,1,,1,405,2954,1166,1,12000.0,600.0,11400.0
2184,1114,2,3,1,801,3,407,1,12000.0,240.0,11760.0
2185,746,1,,1,377,1384,2635,3,13200.0,1980.0,37620.0
2186,1306,1,,1,961,283,2976,2,12000.0,1200.0,22800.0
2187,741,1,,1,374,228,498,2,12000.0,2400.0,21600.0
2188,1305,2,4,2,851,4,2707,3,13500.0,810.0,39690.0
2189,435,1,,1,799,2630,1683,2,12000.0,480.0,23520.0
2190,435,1,,1,799,2630,1683,1,10800.0,0.0,10800.0
2191,217,2,2,2,729,2,,1,15000.0,0.0,15000.0
2192,217,2,2,2,729,2,,1,15000.0,300.0,14700.0
2193,944,2,3,1,878,3,2224,3,12000.0,1800.0,34200.0
2194,944,2,3,1,878,3,2224,2,12000.0,0.0,24000.0
2195,595,2,1,1,703,1,412,1,12000.0,0.0,12000.0
2196,595,2,1,1,703,1,412,1,12000.0,600.0,11400.0
2197,156,2,2,1,374,2,2981,2,10800.0,0.0,21600.0
2198,1323,2,2,2,898,2,2183,2,15000.0,3000.0,27000.0
2199,1323,2,2,1,898,2,2183,3,12000.0,0.0,36000.0
2200,1345,1,,2,517,2182,261,1,15000.0,300.0,14700.0
2201,860,1,,1,391,2180,2629,2,12000.0,2400.0,21600.0
2202,136,2,1,1,570,1,5,2,12000.0,2400.0,21600.0
2203,1460,2,1,1,642,1,405,2,10800.0,2160.0,19440.0
2204,1460,2,1,1,642,1,405,3,10800.0,3240.0,29160.0
2205,23,1,,1,685,2468,2925,1,12000.0,1200.0,10800.0
2206,258,1,,1,463,728,1226,1,12000.0,600.0,11400.0
2207,1343,2,4,1,412,4,1159,1,13200.0,0.0,13200.0
2208,1343,2,4,1,412,4,1159,3,10800.0,1620.0,30780.0
2209,311,1,,1,468,1646,40,3,13200.0,1980.0,37620.0
2210,311,1,,1,468,1646,40,2,12000.0,1200.0,22800.0
2211,662,1,,1,640,500,1776,1,12000.0,1200.0,10800.0
2212,538,2,1,1,500,1,173,1,12000.0,1200.0,10800.0
2213,1212,1,,1,649,2204,2220,1,13200.0,264.0,12936.0
2214,282,2,1,2,793,1,197,2,15000.0,600.0,29400.0
2215,1248,1,,2,409,1055,3064,3,15000.0,4500.0,40500.0
2216,294,2,3,1,675,3,,2,13200.0,1320.0,25080.0
2217,1148,1,,2,451,980,825,3,15000.0,0.0,45000.0
2218,475,1,,2,801,372,1422,3,15000.0,2250.0,42750.0
2219,1492,1,,1,973,2033,1614,1,12000.0,1200.0,10800.0
2220,1492,1,,2,973,2033,1614,2,15000.0,0.0,30000.0
2221,1004,1,,1,684,2863,704,1,12600.0,252.0,12348.0
2222,1004,1,,1,684,2863,704,2,12000.0,0.0,24000.0
2223,427,1,,2,872,682,,2,16500.0,1650.0,31350.0
2224,427,1,,2,872,682,,2,15000.0,3000.0,27000.0
2225,1490,1,,2,760,2382,26,3,13500.0,4050.0,36450.0
2226,1403,1,,1,694,1818,,2,12600.0,1260.0,23940.0
2227,142,1,,1,468,2176,3146,2,12000.0,0.0,24000.0
2228,890,2,3,1,929,3,,3,12600.0,1890.0,35910.0
2229,1265,1,,1,718,2865,2925,2,13200.0,0.0,26400.0
2230,612,1,,2,428,2296,2153,3,15750.0,945.0,46305.0
2231,166,1,,2,373,2835,2332,1,13500.0,675.0,12825.0
2232,330,2,2,2,518,2,2141,3,16500.0,990.0,48510.0
2233,330,2,2,2,518,2,2141,1,15000.0,300.0,14700.0
2234,1467,2,3,2,541,3,987,1,16500.0,0.0,16500.0
2235,899,1,,1,771,186,1987,2,12600.0,504.0,24696.0
2236,899,1,,1,771,186,1987,3,10800.0,648.0,31752.0
2237,728,1,,1,623,1573,1922,2,12000.0,480.0,23520.0
2238,1097,2,3,2,512,3,1262,3,13500.0,810.0,39690.0
2239,1097,2,3,2,512,3,1262,1,15000.0,750.0,14250.0
2240,1003,1,,2,788,67,1493,1,15750.0,1575.0,14175.0
2241,1147,2,3,1,562,3,2541,1,12600.0,0.0,12600.0
2242,747,2,4,2,614,4,85,3,15750.0,945.0,46305.0
2243,747,2,4,2,614,4,85,3,15000.0,900.0,44100.0
2244,747,2,4,1,614,4,85,1,12000.0,240.0,11760.0
2245,956,2,4,2,740,4,1785,1,15750.0,787.5,14962.5
2246,379,2,4,2,394,4,2297,2,15750.0,3150.0,28350.0
2247,115,1,,2,714,2751,3058,2,15750.0,630.0,30870.0
2248,293,1,,2,803,2587,1450,2,15750.0,630.0,30870.0
2249,1002,2,2,1,822,2,1190,2,13200.0,1320.0,25080.0
2250,1002,2,2,2,822,2,1190,3,15750.0,945.0,46305.0
2251,1002,2,2,2,822,2,1190,3,13500.0,2025.0,38475.0
2252,1015,2,1,2,954,1,1208,2,16500.0,1650.0,31350.0
2253,126,1,,1,755,2182,,1,12000.0,0.0,12000.0
2254,126,1,,2,755,2182,,3,15000.0,2250.0,42750.0
2255,946,1,,1,596,1853,595,1,12000.0,600.0,11400.0
2256,1005,1,,2,941,1275,2314,1,15000.0,1500.0,13500.0
2257,1018,1,,1,672,3188,74,2,10800.0,0.0,21600.0
2258,333,2,4,1,540,4,352,2,12000.0,480.0,23520.0
2259,77,2,3,2,774,3,1573,1,16500.0,330.0,16170.0
2260,493,1,,2,823,272,1814,3,15750.0,945.0,46305.0
2261,793,2,4,2,593,4,,3,16500.0,2475.0,47025.0
2262,793,2,4,1,593,4,,2,12000.0,480.0,23520.0
2263,864,2,3,1,598,3,,1,12000.0,600.0,11400.0
2264,982,2,3,2,541,3,2663,3,15000.0,4500.0,40500.0
2265,146,1,,1,645,1034,1700,3,12000.0,0.0,36000.0
2266,10,2,4,1,538,4,2204,2,12000.0,0.0,24000.0
2267,10,2,4,1,538,4,2204,3,12000.0,1800.0,34200.0
2268,174,1,,1,646,2817,1879,2,13200.0,1320.0,25080.0
2269,210,1,,2,978,3055,3019,2,15000.0,600.0,29400.0
2270,1326,2,3,1,894,3,891,1,12000.0,240.0,11760.0
2271,1032,2,3,1,742,3,997,3,13200.0,3960.0,35640.0
2272,1032,2,3,1,742,3,997,2,12000.0,480.0,23520.0
2273,708,1,,1,707,2103,794,3,12000.0,3600.0,32400.0
2274,956,1,,1,625,1478,825,1,12000.0,0.0,12000.0
2275,1468,1,,2,430,2103,1988,3,15000.0,4500.0,40500.0
2276,1468,1,,2,430,2103,1988,2,16500.0,3300.0,29700.0
2277,182,1,,1,642,280,3055,3,12000.0,720.0,35280.0
2278,295,2,2,2,647,2,1930,1,16500.0,1650.0,14850.0
2279,295,2,2,2,647,2,1930,2,15000.0,600.0,29400.0
2280,1388,2,4,2,858,4,1695,3,15000.0,2250.0,42750.0
2281,1388,2,4,1,858,4,1695,1,12600.0,0.0,12600.0
2282,282,1,,1,943,2129,2640,2,12600.0,2520.0,22680.0
2283,1365,1,,1,955,2419,1646,3,12000.0,1800.0,34200.0
2284,505,2,2,1,934,2,820,2,13200.0,528.0,25872.0
2285,774,1,,1,838,2413,616,1,12000.0,0.0,12000.0
2286,774,1,,1,838,2413,616,3,12000.0,1800.0,34200.0
2287,504,1,,1,875,80,2686,2,12000.0,480.0,23520.0
2288,748,1,,1,469,1555,,3,12000.0,1800.0,34200.0
2289,479,2,1,1,877,1,3199,2,12000.0,480.0,23520.0
2290,975,1,,2,981,2769,2828,2,13500.0,540.0,26460.0
2291,975,1,,1,981,2769,2828,2,12000.0,480.0,23520.0
2292,975,1,,2,981,2769,2828,2,15000.0,0.0,30000.0
2293,156,1,,1,913,96,2220,1,12000.0,240.0,11760.0
2294,380,2,4,2,925,4,,2,15000.0,1500.0,28500.0
2295,823,1,,1,936,2567,2941,1,12000.0,240.0,11760.0
2296,561,2,1,2,565,1,1220,3,15000.0,900.0,44100.0
2297,561,2,1,1,565,1,1220,2,12600.0,0.0,25200.0
2298,40,1,,2,416,3031,2572,1,15000.0,1500.0,13500.0
2299,40,1,,1,416,3031,2572,3,13200.0,792.0,38808.0
2300,40,1,,2,416,3031,2572,2,15000.0,1500.0,28500.0
2301,270,2,1,1,864,1,,1,12600.0,630.0,11970.0
2302,557,1,,1,571,209,,1,12600.0,0.0,12600.0
2303,303,2,1,1,531,1,2483,3,10800.0,3240.0,29160.0
2304,303,2,1,2,531,1,2483,1,13500.0,1350.0,12150.0
2305,345,1,,1,611,2640,481,1,12000.0,240.0,11760.0
2306,676,2,2,1,475,2,2793,2,12600.0,0.0,25200.0
2307,1373,2,3,2,709,3,653,2,15000.0,600.0,29400.0
2308,564,2,3,1,482,3,2954,1,12000.0,1200.0,10800.0
2309,564,2,3,2,482,3,2954,2,16500.0,1650.0,31350.0
2310,182,2,3,2,510,3,94,3,15000.0,900.0,44100.0
2311,216,2,4,2,493,4,429,3,15000.0,0.0,45000.0
2312,752,1,,1,963,488,885,3,12000.0,720.0,35280.0
2313,413,1,,1,734,2253,,1,12600.0,630.0,11970.0
2314,413,1,,1,734,2253,,1,12000.0,1200.0,10800.0
2315,1384,1,,1,640,490,3034,2,12000.0,1200.0,22800.0
2316,478,2,4,1,378,4,1393,1,12000.0,240.0,11760.0
2317,1049,1,,1,428,1712,598,2,12000.0,0.0,24000.0
2318,1049,1,,1,428,1712,598,3,12000.0,0.0,36000.0
2319,1271,1,,1,488,2938,1739,3,10800.0,0.0,32400.0
2320,471,2,1,1,585,1,1852,3,12600.0,3780.0,34020.0
2321,471,2,1,2,585,1,1852,3,15000.0,2250.0,42750.0
2322,471,2,1,1,585,1,1852,2,12000.0,480.0,23520.0
2323,650,2,4,1,780,4,,2,10800.0,432.0,21168.0
2324,685,2,4,2,575,4,169,2,15000.0,600.0,29400.0
2325,685,2,4,2,575,4,169,3,15000.0,900.0,44100.0
2326,936,1,,1,880,195,1844,2,12000.0,1200.0,22800.0
2327,1189,1,,2,948,555,2320,1,15000.0,0.0,15000.0
2328,1130,1,,1,642,2832,2341,3,13200.0,0.0,39600.0
2329,1130,1,,1,642,2832,2341,3,12000.0,1800.0,34200.0
2330,233,1,,1,864,470,,2,10800.0,2160.0,19440.0
2331,626,1,,1,788,835,622,1,12600.0,1260.0,11340.0
2332,545,2,4,1,370,4,2645,3,12000.0,1800.0,34200.0
2333,545,2,4,2,370,4,2645,2,15000.0,1500.0,28500.0
2334,147,2,4,1,551,4,,3,12000.0,0.0,36000.0
2335,946,1,,1,719,3181,2400,2,12600.0,1260.0,23940.0
2336,267,2,1,1,915,1,,2,13200.0,0.0,26400.0
2337,1200,2,1,2,701,1,97,1,15000.0,1500.0,13500.0
2338,1200,2,1,1,701,1,97,1,12000.0,1200.0,10800.0
2339,106,2,2,2,999,2,2314,3,13500.0,810.0,39690.0
2340,106,2,2,2,999,2,2314,2,15750.0,630.0,30870.0
2341,656,1,,1,765,1567,2216,3,12000.0,0.0,36000.0
2342,1324,2,4,1,782,4,974,1,12000.0,240.0,11760.0
2343,1133,2,2,2,583,2,820,2,15000.0,1500.0,28500.0
2344,921,2,4,1,546,4,,3,12600.0,1890.0,35910.0
2345,16,1,,1,511,2044,2350,3,12000.0,720.0,35280.0
2346,1099,1,,1,596,3119,,1,12000.0,600.0,11400.0
2347,920,2,3,2,422,3,983,3,13500.0,0.0,40500.0
2348,503,1,,2,633,2634,,2,15000.0,0.0,30000.0
2349,1057,2,4,2,896,4,851,1,15000.0,0.0,15000.0
2350,1044,1,,2,902,214,2063,2,15000.0,600.0,29400.0
2351,1012,1,,2,737,1589,1965,2,15000.0,1500.0,28500.0
2352,163,2,1,1,876,1,1002,2,12000.0,0.0,24000.0
2353,347,2,4,2,582,4,238,2,15000.0,1500.0,28500.0
2354,634,1,,1,1002,1339,912,2,13200.0,0.0,26400.0
2355,1463,1,,1,493,238,1147,2,12000.0,0.0,24000.0
2356,1463,1,,2,493,238,1147,3,15750.0,0.0,47250.0
2357,123,1,,1,660,1055,2739,2,13200.0,1320.0,25080.0
2358,123,1,,1,660,1055,2739,1,10800.0,1080.0,9720.0
2359,638,1,,1,999,830,2406,3,12000.0,3600.0,32400.0
2360,638,1,,2,999,830,2406,2,15000.0,3000.0,27000.0
2361,1230,1,,1,951,1786,2603,1,12000.0,0.0,12000.0
2362,689,2,1,1,673,1,2951,1,12000.0,0.0,12000.0
2363,1069,1,,1,584,1402,319,3,10800.0,0.0,32400.0
2364,1069,1,,2,584,1402,319,2,15000.0,1500.0,28500.0
2365,1335,1,,1,483,2824,1418,2,10800.0,1080.0,20520.0
2366,1312,2,4,2,691,4,2228,1,13500.0,270.0,13230.0
2367,992,2,4,2,390,4,1244,2,15000.0,3000.0,27000.0
2368,713,2,4,2,672,4,548,2,15000.0,600.0,29400.0
2369,713,2,4,1,672,4,548,1,12000.0,240.0,11760.0
2370,1477,2,2,1,929,2,1752,1,12000.0,1200.0,10800.0
2371,1333,1,,1,850,1686,,2,12000.0,0.0,24000.0
2372,980,1,,1,745,2506,,1,12000.0,1200.0,10800.0
2373,980,1,,1,745,2506,,2,12000.0,1200.0,22800.0
2374,980,1,,2,745,2506,,2,13500.0,1350.0,25650.0
2375,977,2,4,2,837,4,2954,3,15000.0,900.0,44100.0
2376,1254,1,,1,558,2620,500,1,10800.0,540.0,10260.0
2377,1126,1,,2,569,1252,534,3,15000.0,4500.0,40500.0
2378,1126,1,,1,569,1252,534,2,12000.0,1200.0,22800.0
2379,436,1,,1,671,2932,1637,1,12000.0,0.0,12000.0
2380,1117,1,,2,554,907,3131,2,15000.0,3000.0,27000.0
2381,276,2,1,2,653,1,170,2,15000.0,1500.0,28500.0
2382,551,1,,1,764,2831,1164,1,12000.0,1200.0,10800.0
2383,551,1,,1,764,2831,1164,2,12000.0,2400.0,21600.0
2384,1479,2,1,1,812,1,2538,3,12000.0,3600.0,32400.0
2385,274,2,2,2,378,2,2243,1,15000.0,1500.0,13500.0
2386,361,2,3,1,546,3,285,2,12600.0,0.0,25200.0
2387,17,1,,1,620,1969,2086,3,12000.0,3600.0,32400.0
2388,713,1,,2,400,2164,102,2,16500.0,660.0,32340.0
2389,1142,2,4,1,947,4,1481,1,12000.0,600.0,11400.0
2390,1094,1,,2,627,2589,4,2,13500.0,0.0,27000.0
2391,637,1,,2,971,2460,113,1,13500.0,270.0,13230.0
2392,1416,1,,1,652,48,,3,12000.0,0.0,36000.0
2393,949,1,,1,634,2716,2519,3,12000.0,720.0,35280.0
2394,949,1,,1,634,2716,2519,3,12000.0,1800.0,34200.0
2395,1146,1,,2,425,2287,1708,2,16500.0,660.0,32340.0
2396,1146,1,,1,425,2287,1708,2,12000.0,2400.0,21600.0
2397,1146,1,,1,425,2287,1708,1,12000.0,0.0,12000.0
2398,1482,1,,1,437,279,2122,1,12600.0,0.0,12600.0
2399,496,1,,1,622,1441,1992,3,12000.0,720.0,35280.0
2400,991,1,,1,948,2385,2899,2,12600.0,504.0,24696.0
2401,991,1,,1,948,2385,2899,2,12000.0,1200.0,22800.0
2402,915,2,2,1,570,2,1459,3,10800.0,0.0,32400.0
2403,970,2,3,1,819,3,2420,2,12000.0,2400.0,21600.0
2404,1166,2,3,2,690,3,,1,15000.0,300.0,14700.0
2405,1038,2,3,2,703,3,1733,2,15000.0,3000.0,27000.0
2406,1038,2,3,1,703,3,1733,1,10800.0,216.0,10584.0
2407,1103,2,4,1,953,4,1210,1,12600.0,630.0,11970.0
2408,1103,2,4,1,953,4,1210,3,12000.0,720.0,35280.0
2409,1103,2,4,1,953,4,1210,1,12600.0,1260.0,11340.0
2410,1326,1,,1,652,3092,2405,2,10800.0,2160.0,19440.0
2411,1326,1,,1,652,3092,2405,2,12000.0,2400.0,21600.0
2412,1066,2,4,2,738,4,492,2,16500.0,3300.0,29700.0
2413,1067,1,,1,519,2118,353,3,12000.0,1800.0,34200.0
2414,202,2,1,2,961,1,1059,1,15000.0,0.0,15000.0
2415,202,2,1,2,961,1,1059,2,13500.0,540.0,26460.0
2416,1456,1,,2,637,383,882,2,15000.0,3000.0,27000.0
2417,101,2,4,2,873,4,1853,1,15000.0,0.0,15000.0
2418,312,2,1,1,571,1,738,1,12000.0,600.0,11400.0
2419,982,2,2,2,723,2,,3,15750.0,4725.0,42525.0
2420,650,2,3,2,493,3,2105,2,15000.0,600.0,29400.0
2421,645,2,2,2,574,2,2289,3,15000.0,900.0,44100.0
2422,852,2,3,1,375,3,2978,2,12600.0,2520.0,22680.0
2423,1291,1,,2,655,878,579,2,15750.0,630.0,30870.0
2424,916,1,,1,798,1108,,1,10800.0,216.0,10584.0
2425,680,1,,1,692,781,466,1,12600.0,630.0,11970.0
2426,1001,2,3,1,592,3,1446,3,10800.0,0.0,32400.0
2427,1301,2,3,1,915,3,1647,3,12000.0,0.0,36000.0
2428,1065,1,,1,976,3115,2237,2,10800.0,1080.0,20520.0
2429,1065,1,,2,976,3115,2237,2,15750.0,3150.0,28350.0
2430,1045,1,,1,595,2822,1584,3,12000.0,0.0,36000.0
2431,1045,1,,1,595,2822,1584,2,10800.0,1080.0,20520.0
2432,849,2,2,1,762,2,579,3,12000.0,1800.0,34200.0
2433,1307,2,1,1,412,1,1501,2,12000.0,0.0,24000.0
2434,1307,2,1,1,412,1,1501,1,12600.0,1260.0,11340.0
2435,731,1,,1,898,688,2558,1,12000.0,1200.0,10800.0
2436,221,1,,2,577,1679,3099,2,15000.0,1500.0,28500.0
2437,1115,2,1,2,384,1,2987,2,15000.0,0.0,30000.0
2438,388,1,,1,769,1491,1985,1,13200.0,264.0,12936.0
2439,789,1,,1,399,1386,1951,2,12000.0,0.0,24000.0
2440,789,1,,1,399,1386,1951,2,12000.0,0.0,24000.0
2441,1390,1,,1,896,133,2985,3,12000.0,0.0,36000.0
2442,93,2,1,2,440,1,3180,3,15000.0,0.0,45000.0
2443,93,2,1,2,440,1,3180,2,15000.0,3000.0,27000.0
2444,93,2,1,1,440,1,3180,2,12000.0,0.0,24000.0
2445,452,1,,2,528,1041,2996,3,15000.0,2250.0,42750.0
2446,103,1,,2,744,1122,874,2,13500.0,540.0,26460.0
2447,103,1,,2,744,1122,874,1,15000.0,300.0,14700.0
2448,204,1,,1,811,934,2335,2,12600.0,1260.0,23940.0
2449,1126,1,,2,892,724,1360,3,15750.0,0.0,47250.0
2450,1496,2,4,2,764,4,3037,2,15000.0,1500.0,28500.0
2451,1192,1,,2,718,2135,1545,3,15000.0,4500.0,40500.0
2452,797,1,,1,403,2351,2338,2,12000.0,0.0,24000.0
2453,391,2,4,2,519,4,3103,1,15000.0,1500.0,13500.0
2454,391,2,4,1,519,4,3103,2,12000.0,0.0,24000.0
2455,1336,2,2,1,639,2,3076,2,12600.0,1260.0,23940.0
2456,1336,2,2,1,639,2,3076,1,12000.0,1200.0,10800.0
2457,434,2,3,2,574,3,1137,3,16500.0,0.0,49500.0
2458,724,1,,1,800,128,,1,12000.0,240.0,11760.0
2459,1157,1,,2,886,1565,480,1,15000.0,0.0,15000.0
2460,1157,1,,2,886,1565,480,3,15000.0,2250.0,42750.0
2461,450,2,2,2,574,2,301,2,15000.0,1500.0,28500.0
2462,655,1,,2,891,1007,,2,15000.0,0.0,30000.0
2463,688,1,,1,647,1524,1275,3,12000.0,3600.0,32400.0
2464,274,2,2,2,632,2,1958,2,15750.0,630.0,30870.0
2465,815,1,,1,727,933,1726,1,12000.0,600.0,11400.0
2466,815,1,,2,727,933,1726,3,15000.0,900.0,44100.0
2467,1202,2,1,2,635,1,1541,2,15000.0,1500.0,28500.0
2468,208,1,,1,492,924,2742,3,12000.0,0.0,36000.0
2469,1119,1,,2,804,149,1268,3,13500.0,2025.0,38475.0
2470,871,2,4,1,706,4,430,2,12000.0,1200.0,22800.0
2471,1089,1,,2,766,1987,2984,1,15000.0,1500.0,13500.0
2472,1089,1,,1,766,1987,2984,2,10800.0,0.0,21600.0
2473,1313,1,,1,609,3145,888,3,12600.0,3780.0,34020.0
2474,1169,2,1,1,595,1,2416,3,12000.0,720.0,35280.0
2475,497,2,1,1,745,1,330,1,12000.0,1200.0,10800.0
2476,497,2,1,1,745,1,330,3,13200.0,0.0,39600.0
2477,274,1,,2,554,2332,2811,1,15750.0,787.5,14962.5
2478,1391,1,,2,517,1596,2121,3,15000.0,2250.0,42750.0
2479,682,1,,2,806,886,2393,2,15000.0,0.0,30000.0
2480,1063,2,2,2,910,2,44,2,15000.0,600.0,29400.0
2481,535,1,,2,584,2920,2714,1,16500.0,330.0,16170.0
2482,1140,2,3,2,830,3,1148,2,15000.0,3000.0,27000.0
2483,1140,2,3,1,830,3,1148,1,12600.0,630.0,11970.0
2484,1140,2,3,1,830,3,1148,2,12600.0,1260.0,23940.0
2485,712,1,,1,487,318,1851,1,10800.0,216.0,10584.0
2486,771,2,3,1,462,3,2960,3,12000.0,720.0,35280.0
2487,1234,2,3,1,932,3,3145,3,12000.0,720.0,35280.0
2488,1234,2,3,2,932,3,3145,2,16500.0,660.0,32340.0
2489,193,1,,2,922,551,1165,1,15000.0,750.0,14250.0
2490,1481,2,3,2,506,3,3054,2,15000.0,3000.0,27000.0
2491,1420,1,,2,620,261,2038,1,13500.0,270.0,13230.0
2492,866,1,,1,671,871,2063,1,12000.0,600.0,11400.0
2493,866,1,,1,671,871,2063,3,12000.0,1800.0,34200.0
2494,1360,1,,1,582,1388,1646,1,12000.0,240.0,11760.0
2495,1360,1,,2,582,1388,1646,1,13500.0,675.0,12825.0
2496,26,2,2,1,459,2,2084,3,10800.0,1620.0,30780.0
2497,890,2,1,1,680,1,260,2,12000.0,480.0,23520.0
2498,1466,2,2,1,797,2,1510,3,10800.0,648.0,31752.0
2499,1114,1,,1,387,2424,449,1,12000.0,1200.0,10800.0
2500,1114,1,,2,387,2424,449,1,15000.0,1500.0,13500.0
2501,952,2,2,1,430,2,,2,13200.0,1320.0,25080.0
2502,235,1,,2,673,1733,2523,1,15000.0,750.0,14250.0
2503,264,1,,1,881,1150,1657,1,12000.0,240.0,11760.0
2504,649,1,,1,563,1939,,2,12600.0,0.0,25200.0
2505,1220,1,,2,726,1474,1725,3,16500.0,2475.0,47025.0
2506,868,1,,1,625,1664,1861,1,10800.0,1080.0,9720.0
2507,298,1,,1,863,987,,1,12000.0,0.0,12000.0
2508,447,1,,1,764,248,2748,2,12000.0,1200.0,22800.0
2509,464,2,3,1,718,3,2478,3,12000.0,0.0,36000.0
2510,49,1,,1,466,2798,,3,10800.0,648.0,31752.0
2511,454,1,,1,574,94,1466,1,12000.0,0.0,12000.0
2512,1185,2,4,1,928,4,2140,3,12000.0,3600.0,32400.0
2513,226,1,,2,767,2109,1091,3,16500.0,2475.0,47025.0
2514,147,2,2,2,478,2,2376,2,15000.0,600.0,29400.0
2515,899,1,,2,623,294,1461,2,15750.0,1575.0,29925.0
2516,1306,2,3,1,894,3,400,2,10800.0,2160.0,19440.0
2517,768,2,1,1,516,1,1818,3,12000.0,720.0,35280.0
2518,59,2,3,2,949,3,1025,2,15000.0,3000.0,27000.0
2519,772,2,4,1,575,4,2316,3,10800.0,648.0,31752.0
2520,656,1,,2,989,2568,1805,2,13500.0,0.0,27000.0
2521,903,2,4,2,380,4,768,3,15000.0,2250.0,42750.0
2522,30,2,1,1,891,1,2620,2,12600.0,2520.0,22680.0
2523,301,2,1,1,982,1,2374,1,12600.0,1260.0,11340.0
2524,301,2,1,1,982,1,2374,1,12000.0,240.0,11760.0
2525,779,2,4,2,898,4,2484,1,15000.0,0.0,15000.0
2526,779,2,4,1,898,4,2484,2,13200.0,528.0,25872.0
2527,779,2,4,2,898,4,2484,2,15000.0,0.0,30000.0
2528,883,1,,2,778,380,789,2,15000.0,1500.0,28500.0
2529,737,1,,1,385,2811,,1,12000.0,1200.0,10800.0
2530,1160,1,,1,995,67,2371,2,12000.0,1200.0,22800.0
2531,140,1,,1,701,1522,760,3,12000.0,1800.0,34200.0
2532,218,1,,2,858,1244,1270,3,15000.0,4500.0,40500.0
2533,562,2,3,2,552,3,,3,15000.0,0.0,45000.0
2534,294,1,,1,883,83,2922,1,10800.0,1080.0,9720.0
2535,1053,2,1,2,814,1,280,1,16500.0,825.0,15675.0
2536,733,2,1,1,504,1,361,3,12000.0,0.0,36000.0
2537,733,2,1,2,504,1,361,3,15000.0,0.0,45000.0
2538,733,2,1,2,504,1,361,3,15000.0,0.0,45000.0
2539,548,2,1,2,814,1,1600,1,15000.0,0.0,15000.0
2540,370,2,1,2,681,1,3070,1,15750.0,787.5,14962.5
2541,1293,2,2,1,457,2,617,2,12000.0,480.0,23520.0
2542,1458,1,,2,737,2120,1828,2,15000.0,1500.0,28500.0
2543,1458,1,,1,737,2120,1828,2,12000.0,2400.0,21600.0
2544,233,2,2,2,748,2,2972,1,13500.0,270.0,13230.0
2545,233,2,2,1,748,2,2972,2,13200.0,528.0,25872.0
2546,820,1,,1,698,347,421,1,12000.0,240.0,11760.0
2547,1300,1,,2,407,1598,1153,1,15000.0,750.0,14250.0
2548,1468,2,1,1,803,1,987,2,12000.0,1200.0,22800.0
2549,1468,2,1,2,803,1,987,2,15000.0,3000.0,27000.0
2550,503,1,,1,800,3024,802,2,12000.0,480.0,23520.0
2551,734,1,,1,880,445,558,1,10800.0,216.0,10584.0
2552,1479,1,,1,503,553,840,2,12000.0,480.0,23520.0
2553,1479,1,,1,503,553,840,1,12000.0,240.0,11760.0
2554,1479,1,,2,503,553,840,1,15000.0,750.0,14250.0
2555,494,2,4,1,645,4,,2,12000.0,480.0,23520.0
2556,296,2,2,1,662,2,1962,1,12000.0,600.0,11400.0
2557,957,2,4,2,874,4,935,2,15000.0,3000.0,27000.0
2558,851,2,3,1,950,3,3018,2,10800.0,2160.0,19440.0
2559,1068,1,,2,952,2697,312,2,13500.0,540.0,26460.0
2560,387,2,3,1,637,3,737,2,12000.0,2400.0,21600.0
2561,387,2,3,2,637,3,737,3,15000.0,2250.0,42750.0
2562,634,1,,1,729,2444,3200,3,12600.0,756.0,37044.0
2563,634,1,,2,729,2444,3200,1,15000.0,1500.0,13500.0
2564,533,1,,1,621,2040,344,3,10800.0,1620.0,30780.0
2565,851,2,2,1,671,2,2031,2,10800.0,0.0,21600.0
2566,851,2,2,2,671,2,2031,2,15000.0,600.0,29400.0
2567,1393,1,,2,760,1513,1009,1,15000.0,1500.0,13500.0
2568,27,2,1,2,838,1,1735,2,15750.0,1575.0,29925.0
2569,27,2,1,2,838,1,1735,2,16500.0,660.0,32340.0
2570,782,2,2,2,542,2,1578,1,15750.0,787.5,14962.5
2571,195,1,,1,751,1738,467,1,10800.0,1080.0,9720.0
2572,195,1,,2,751,1738,467,2,15000.0,3000.0,27000.0
2573,278,2,1,1,433,1,1207,3,12000.0,1800.0,34200.0
2574,904,2,2,1,821,2,2322,1,13200.0,0.0,13200.0
2575,555,1,,1,827,1319,433,3,12000.0,0.0,36000.0
2576,131,1,,2,534,2756,948,3,15000.0,900.0,44100.0
2577,131,1,,1,534,2756,948,3,12000.0,720.0,35280.0
2578,1309,1,,1,447,639,69,1,13200.0,660.0,12540.0
2579,1496,1,,2,954,1173,1326,1,15000.0,300.0,14700.0
2580,1260,1,,1,656,2144,1119,2,12000.0,2400.0,21600.0
2581,9,1,,2,416,2675,1043,2,15000.0,600.0,29400.0
2582,129,1,,1,612,1951,2807,1,12600.0,630.0,11970.0
2583,349,1,,1,558,2734,2151,3,12000.0,3600.0,32400.0
2584,1399,2,2,1,843,2,99,2,12000.0,480.0,23520.0
2585,197,2,4,2,804,4,,1,15750.0,0.0,15750.0
2586,729,2,1,1,984,1,659,1,12600.0,252.0,12348.0
2587,414,1,,1,578,1792,2714,3,10800.0,0.0,32400.0
2588,1394,1,,2,395,1636,2187,2,16500.0,1650.0,31350.0
2589,1380,1,,1,836,126,2900,3,10800.0,648.0,31752.0
2590,1087,2,4,1,791,4,,1,13200.0,264.0,12936.0
2591,1087,2,4,2,791,4,,3,15000.0,0.0,45000.0
2592,1218,1,,2,827,2453,749,3,15000.0,4500.0,40500.0
2593,1218,1,,1,827,2453,749,3,12000.0,720.0,35280.0
2594,650,2,4,1,424,4,2051,1,12000.0,1200.0,10800.0
2595,650,2,4,2,424,4,2051,2,13500.0,0.0,27000.0
2596,114,1,,1,837,2155,1491,2,13200.0,2640.0,23760.0
2597,1004,1,,2,610,1799,296,3,13500.0,4050.0,36450.0
2598,567,1,,2,668,608,1581,1,15750.0,315.0,15435.0
2599,567,1,,2,668,608,1581,3,15750.0,0.0,47250.0
2600,967,1,,2,613,1217,2688,3,15000.0,4500.0,40500.0
2601,944,1,,1,858,2780,440,2,12600.0,504.0,24696.0
2602,1150,1,,1,632,1793,3040,1,12000.0,1200.0,10800.0
2603,1150,1,,1,632,1793,3040,2,12000.0,2400.0,21600.0
2604,1301,1,,2,664,2132,848,2,13500.0,2700.0,24300.0
2605,1301,1,,2,664,2132,848,1,15000.0,1500.0,13500.0
2606,1301,1,,2,664,2132,848,2,15000.0,3000.0,27000.0
2607,415,2,3,2,881,3,1687,3,15000.0,4500.0,40500.0
2608,197,2,2,2,606,2,674,1,15000.0,1500.0,13500.0
2609,1280,2,3,1,897,3,900,1,12000.0,240.0,11760.0
2610,1280,2,3,1,897,3,900,2,12000.0,2400.0,21600.0
2611,1280,2,3,1,897,3,900,3,12600.0,3780.0,34020.0
2612,707,1,,1,506,774,526,3,12000.0,1800.0,34200.0
2613,707,1,,2,506,774,526,2,15000.0,600.0,29400.0
2614,750,1,,1,631,2875,1061,3,12000.0,3600.0,32400.0
2615,420,1,,1,512,171,329,1,13200.0,660.0,12540.0
2616,264,1,,1,462,1776,2315,1,12000.0,240.0,11760.0
2617,451,2,3,2,553,3,795,3,15750.0,0.0,47250.0
2618,554,2,2,2,447,2,1472,2,15000.0,600.0,29400.0
2619,554,2,2,2,447,2,1472,1,13500.0,1350.0,12150.0
2620,863,2,2,2,528,2,902,3,15000.0,4500.0,40500.0
2621,863,2,2,1,528,2,902,2,12000.0,2400.0,21600.0
2622,1469,1,,1,548,2733,1244,1,12000.0,240.0,11760.0
2623,530,2,4,1,939,4,230,3,12000.0,0.0,36000.0
2624,1191,2,2,2,951,2,358,3,15000.0,900.0,44100.0
2625,258,2,3,1,456,3,2052,1,12000.0,1200.0,10800.0
2626,258,2,3,2,456,3,2052,1,15000.0,1500.0,13500.0
2627,258,2,3,1,456,3,2052,1,12000.0,1200.0,10800.0
2628,82,1,,2,794,2349,2,2,13500.0,540.0,26460.0
2629,18,1,,1,713,838,441,1,12000.0,1200.0,10800.0
2630,282,2,2,2,439,2,654,2,15000.0,1500.0,28500.0
2631,1322,1,,1,491,1050,3093,3,13200.0,792.0,38808.0
2632,1459,2,4,1,685,4,717,1,12600.0,252.0,12348.0
2633,186,2,2,2,943,2,705,2,15000.0,3000.0,27000.0
2634,405,1,,2,734,284,3067,1,15750.0,1575.0,14175.0
2635,1056,1,,1,500,2906,2732,1,12000.0,240.0,11760.0
2636,1134,1,,1,909,708,645,1,13200.0,264.0,12936.0
2637,407,1,,1,728,97,2925,2,12000.0,480.0,23520.0
2638,280,1,,1,452,1961,2330,1,10800.0,540.0,10260.0
2639,1401,2,4,2,1004,4,2047,3,13500.0,810.0,39690.0
2640,586,1,,1,699,84,230,3,10800.0,1620.0,30780.0
2641,359,1,,1,682,2592,,2,12000.0,0.0,24000.0
2642,498,1,,2,677,155,1434,2,13500.0,540.0,26460.0
2643,952,2,4,2,982,4,1301,3,15750.0,945.0,46305.0
2644,952,2,4,1,982,4,1301,3,12000.0,1800.0,34200.0
2645,763,1,,1,852,241,817,2,12000.0,480.0,23520.0
2646,1454,2,2,2,587,2,607,2,15000.0,600.0,29400.0
2647,388,1,,1,843,1403,5,3,12000.0,1800.0,34200.0
2648,1047,1,,2,916,2595,85,1,15000.0,0.0,15000.0
2649,574,2,4,1,520,4,1092,2,12000.0,480.0,23520.0
2650,1108,2,2,1,935,2,450,3,12000.0,3600.0,32400.0
2651,1108,2,2,1,935,2,450,3,10800.0,3240.0,29160.0
2652,1108,2,2,2,935,2,450,1,13500.0,675.0,12825.0
2653,791,2,2,1,671,2,3120,2,12000.0,2400.0,21600.0
2654,353,1,,1,629,556,298,3,12000.0,720.0,35280.0
2655,1162,1,,1,906,1437,1922,2,10800.0,2160.0,19440.0
2656,1062,1,,1,601,2067,802,3,13200.0,1980.0,37620.0
2657,895,2,2,1,757,2,2625,2,10800.0,1080.0,20520.0
2658,731,1,,2,964,3117,493,1,15000.0,1500.0,13500.0
2659,731,1,,2,964,3117,493,1,15000.0,750.0,14250.0
2660,16,1,,2,680,1802,182,1,15000.0,750.0,14250.0
2661,16,1,,2,680,1802,182,2,15000.0,600.0,29400.0
2662,1390,2,2,1,702,2,2205,1,12000.0,0.0,12000.0
2663,1166,1,,1,854,2622,449,2,12000.0,2400.0,21600.0
2664,884,2,4,1,618,4,879,2,13200.0,2640.0,23760.0
2665,884,2,4,2,618,4,879,3,15000.0,900.0,44100.0
2666,322,1,,2,581,2091,,3,15000.0,2250.0,42750.0
2667,177,1,,1,381,2265,1858,1,12000.0,0.0,12000.0
2668,283,2,1,1,642,1,1146,3,10800.0,1620.0,30780.0
2669,346,1,,2,741,538,3198,1,15000.0,0.0,15000.0
2670,1170,1,,2,533,2112,923,2,15000.0,3000.0,27000.0
2671,471,1,,2,506,2960,2320,2,16500.0,0.0,33000.0
2672,1493,1,,1,595,1373,1580,1,12000.0,240.0,11760.0
2673,825,2,3,1,644,3,508,1,12000.0,1200.0,10800.0
2674,324,1,,2,487,2944,432,2,16500.0,1650.0,31350.0
2675,1393,1,,1,611,2026,3014,2,13200.0,2640.0,23760.0
2676,645,2,1,2,965,1,2916,1,15750.0,0.0,15750.0
2677,107,1,,1,832,894,2663,1,12600.0,1260.0,11340.0
2678,107,1,,2,832,894,2663,3,15000.0,2250.0,42750.0
2679,1335,1,,1,798,2784,975,3,12000.0,720.0,35280.0
2680,549,1,,1,870,233,2681,2,12000.0,1200.0,22800.0
2681,1235,1,,2,814,2114,,2,13500.0,1350.0,25650.0
2682,1235,1,,1,814,2114,,2,10800.0,2160.0,19440.0
2683,1281,1,,2,452,2846,2153,3,15000.0,0.0,45000.0
2684,307,1,,2,479,519,2564,2,15750.0,1575.0,29925.0
2685,619,1,,1,463,1383,379,2,12000.0,1200.0,22800.0
2686,828,1,,1,636,736,23,2,12000.0,2400.0,21600.0
2687,477,2,1,1,543,1,703,1,13200.0,264.0,12936.0
2688,516,1,,1,705,104,192,2,13200.0,2640.0,23760.0
2689,516,1,,1,705,104,192,1,10800.0,0.0,10800.0
2690,516,1,,2,705,104,192,3,15000.0,2250.0,42750.0
2691,1324,1,,1,506,3118,2840,1,12000.0,600.0,11400.0
2692,321,1,,2,383,916,1512,3,16500.0,2475.0,47025.0
2693,902,2,4,2,818,4,1852,2,15000.0,0.0,30000.0
2694,82,1,,2,845,2217,2956,2,15000.0,3000.0,27000.0
2695,809,1,,1,908,758,3199,2,12000.0,1200.0,22800.0
2696,246,1,,2,473,1215,1989,3,15000.0,0.0,45000.0
2697,1235,1,,2,427,2263,78,1,15750.0,0.0,15750.0
2698,196,1,,1,557,3203,2238,1,12000.0,600.0,11400.0
2699,1163,1,,1,517,339,1246,3,12000.0,3600.0,32400.0
2700,709,2,1,2,869,1,72,2,15000.0,0.0,30000.0
2701,382,1,,1,669,3137,,2,12600.0,1260.0,23940.0
2702,382,1,,2,669,3137,,3,15750.0,2362.5,44887.5
2703,202,1,,2,554,1464,,1,15000.0,300.0,14700.0
2704,202,1,,1,554,1464,,2,10800.0,432.0,21168.0
2705,202,1,,1,554,1464,,3,13200.0,1980.0,37620.0
2706,304,1,,2,388,2474,3026,2,16500.0,660.0,32340.0
2707,560,1,,1,376,1813,2995,1,12600.0,0.0,12600.0
2708,571,2,1,1,716,1,1460,1,13200.0,1320.0,11880.0
2709,131,2,1,1,730,1,474,3,12000.0,1800.0,34200.0
2710,1484,2,4,1,411,4,,2,12000.0,2400.0,21600.0
2711,241,1,,1,710,582,1188,2,10800.0,0.0,21600.0
2712,1098,2,2,1,605,2,671,3,10800.0,0.0,32400.0
2713,1098,2,2,2,605,2,671,2,15750.0,630.0,30870.0
2714,835,2,1,2,455,1,1044,2,16500.0,3300.0,29700.0
2715,1246,2,4,1,510,4,913,2,12000.0,2400.0,21600.0
2716,1499,1,,1,415,1037,1145,2,12600.0,504.0,24696.0
2717,919,1,,1,923,751,2173,1,12000.0,240.0,11760.0
2718,1120,2,2,1,575,2,868,3,12600.0,3780.0,34020.0
2719,1120,2,2,2,575,2,868,1,15750.0,315.0,15435.0
2720,1364,1,,1,427,2269,576,3,12000.0,720.0,35280.0
2721,85,1,,2,816,2890,1240,2,15000.0,1500.0,28500.0
2722,971,2,1,2,508,1,2946,3,16500.0,4950.0,44550.0
2723,971,2,1,1,508,1,2946,1,12000.0,600.0,11400.0
2724,431,2,4,1,482,4,59,3,12000.0,1800.0,34200.0
2725,431,2,4,1,482,4,59,2,10800.0,1080.0,20520.0
2726,927,2,4,2,411,4,2137,1,13500.0,0.0,13500.0
2727,27,1,,2,785,182,192,3,16500.0,4950.0,44550.0
2728,120,1,,1,991,1975,2460,2,12000.0,480.0,23520.0
2729,917,1,,2,818,16,2238,2,15000.0,600.0,29400.0
2730,1138,1,,1,451,1453,2698,2,12000.0,480.0,23520.0
2731,1139,1,,1,511,1763,,3,12600.0,1890.0,35910.0
2732,588,1,,2,840,2752,2223,2,15000.0,600.0,29400.0
2733,588,1,,1,840,2752,2223,1,12000.0,0.0,12000.0
2734,1336,1,,1,728,2591,2025,1,12000.0,240.0,11760.0
2735,702,1,,2,507,2239,2712,1,15000.0,1500.0,13500.0
2736,779,2,2,1,639,2,3196,3,12000.0,0.0,36000.0
2737,483,1,,1,727,2158,1019,3,13200.0,792.0,38808.0
2738,483,1,,1,727,2158,1019,2,12000.0,0.0,24000.0
2739,757,2,4,1,843,4,1885,3,12000.0,1800.0,34200.0
2740,927,2,4,2,834,4,1369,3,15750.0,2362.5,44887.5
2741,560,1,,1,681,2796,175,2,12600.0,0.0,25200.0
2742,832,1,,2,671,2478,3161,2,15000.0,1500.0,28500.0
2743,832,1,,1,671,2478,3161,3,12000.0,0.0,36000.0
2744,301,1,,1,483,1776,334,1,10800.0,540.0,10260.0
2745,425,1,,1,490,2564,156,2,12600.0,1260.0,23940.0
2746,1453,1,,1,648,2492,2641,1,13200.0,264.0,12936.0
2747,1135,1,,1,819,31,873,1,10800.0,540.0,10260.0
2748,149,1,,1,948,1032,2164,2,12600.0,1260.0,23940.0
2749,12,1,,2,475,1607,1774,2,15000.0,3000.0,27000.0
2750,12,1,,1,475,1607,1774,1,12000.0,240.0,11760.0
2751,12,1,,2,475,1607,1774,3,13500.0,0.0,40500.0
2752,1328,1,,2,803,2281,1575,1,15000.0,0.0,15000.0
2753,492,2,2,2,522,2,2127,2,15000.0,0.0,30000.0
2754,343,1,,1,870,2958,866,1,12000.0,0.0,12000.0
2755,343,1,,1,870,2958,866,3,12000.0,3600.0,32400.0
2756,729,2,1,1,568,1,1792,2,12000.0,0.0,24000.0
2757,1261,2,3,1,373,3,1856,3,12000.0,3600.0,32400.0
2758,1261,2,3,2,373,3,1856,3,15000.0,900.0,44100.0
2759,829,2,4,1,897,4,2535,1,12600.0,0.0,12600.0
2760,342,1,,2,402,1167,2985,2,15000.0,1500.0,28500.0
2761,944,2,4,1,539,4,1318,3,13200.0,3960.0,35640.0
2762,944,2,4,2,539,4,1318,3,13500.0,2025.0,38475.0
2763,1499,2,4,1,579,4,2148,3,12000.0,720.0,35280.0
2764,1499,2,4,1,579,4,2148,3,12000.0,0.0,36000.0
2765,852,2,4,1,928,4,,1,12000.0,600.0,11400.0
2766,852,2,4,1,928,4,,3,10800.0,1620.0,30780.0
2767,852,2,4,1,928,4,,3,10800.0,3240.0,29160.0
2768,52,2,1,2,676,1,,1,13500.0,675.0,12825.0
2769,397,1,,2,450,1285,2511,2,16500.0,3300.0,29700.0
2770,397,1,,1,450,1285,2511,1,12000.0,0.0,12000.0
2771,397,1,,1,450,1285,2511,3,12000.0,1800.0,34200.0
2772,1111,1,,2,409,525,340,3,13500.0,810.0,39690.0
2773,1380,1,,2,869,1302,2491,2,15000.0,3000.0,27000.0
2774,1380,1,,1,869,1302,2491,3,12000.0,720.0,35280.0
2775,1380,1,,1,869,1302,2491,2,12000.0,1200.0,22800.0
2776,1359,1,,2,390,811,371,2,15000.0,1500.0,28500.0
2777,1359,1,,1,390,811,371,2,12000.0,480.0,23520.0
2778,1359,1,,1,390,811,371,3,12600.0,1890.0,35910.0
2779,332,1,,1,500,2096,1599,1,12600.0,0.0,12600.0
2780,631,1,,2,369,2677,2779,1,15000.0,750.0,14250.0
2781,631,1,,1,369,2677,2779,1,12000.0,600.0,11400.0
2782,1055,2,1,1,823,1,2044,2,12600.0,0.0,25200.0
2783,1055,2,1,2,823,1,2044,2,13500.0,540.0,26460.0
2784,1478,1,,1,866,1718,370,1,12000.0,0.0,12000.0
2785,831,2,2,2,379,2,1252,3,15000.0,900.0,44100.0
2786,1108,2,2,1,961,2,,3,12000.0,3600.0,32400.0
2787,1108,2,2,1,961,2,,2,12000.0,480.0,23520.0
2788,1227,2,3,2,891,3,2630,3,16500.0,4950.0,44550.0
2789,1227,2,3,2,891,3,2630,1,15000.0,300.0,14700.0
2790,1049,2,4,2,930,4,1668,2,15000.0,0.0,30000.0
2791,1049,2,4,2,930,4,1668,3,13500.0,2025.0,38475.0
2792,582,2,3,1,504,3,2276,3,12000.0,0.0,36000.0
2793,582,2,3,2,504,3,2276,1,15750.0,0.0,15750.0
2794,119,1,,2,846,106,2288,3,15000.0,4500.0,40500.0
2795,6,1,,2,467,2113,1204,1,16500.0,330.0,16170.0
2796,736,2,2,2,857,2,3008,3,15750.0,4725.0,42525.0
2797,611,2,2,2,784,2,1352,2,15000.0,600.0,29400.0
2798,921,2,1,1,602,1,2589,3,12000.0,0.0,36000.0
2799,921,2,1,1,602,1,2589,1,12000.0,1200.0,10800.0
2800,259,1,,2,474,621,1446,1,15000.0,300.0,14700.0
2801,795,1,,2,443,1186,1977,1,13500.0,675.0,12825.0
2802,5,1,,1,550,2845,2992,1,12000.0,240.0,11760.0
2803,178,2,2,1,804,2,2542,2,12000.0,480.0,23520.0
2804,178,2,2,1,804,2,2542,3,12000.0,720.0,35280.0
2805,708,1,,1,797,2212,2039,3,12000.0,720.0,35280.0
2806,1062,1,,1,550,3128,2640,1,10800.0,216.0,10584.0
2807,463,1,,1,777,597,2068,3,13200.0,1980.0,37620.0
2808,819,2,1,1,885,1,2943,3,12000.0,1800.0,34200.0
2809,106,1,,1,951,961,1010,3,12000.0,1800.0,34200.0
2810,106,1,,1,951,961,1010,3,12600.0,3780.0,34020.0
2811,353,1,,2,544,2896,169,2,16500.0,1650.0,31350.0
2812,1270,1,,2,819,962,1549,3,16500.0,0.0,49500.0
2813,320,1,,2,845,1940,295,3,15000.0,0.0,45000.0
2814,1053,2,3,1,700,3,1497,1,10800.0,540.0,10260.0
2815,474,1,,2,902,225,,2,15000.0,0.0,30000.0
2816,474,1,,1,902,225,,2,12000.0,1200.0,22800.0
2817,474,1,,1,902,225,,3,12000.0,3600.0,32400.0
2818,991,2,3,1,833,3,1537,1,12000.0,1200.0,10800.0
2819,161,1,,1,790,823,702,1,12600.0,1260.0,11340.0
2820,1395,1,,2,907,1503,1280,3,16500.0,990.0,48510.0
2821,1395,1,,2,907,1503,1280,3,15000.0,0.0,45000.0
2822,937,2,4,1,775,4,,2,12000.0,480.0,23520.0
2823,373,1,,2,373,1378,2607,2,15000.0,3000.0,27000.0
2824,1001,2,2,1,955,2,1206,2,10800.0,1080.0,20520.0
2825,399,2,4,2,521,4,35,2,13500.0,2700.0,24300.0
2826,399,2,4,1,521,4,35,3,12000.0,3600.0,32400.0
2827,663,1,,1,550,2533,1330,2,12000.0,480.0,23520.0
2828,663,1,,1,550,2533,1330,1,12600.0,252.0,12348.0
2829,240,1,,1,485,928,1166,3,12000.0,3600.0,32400.0
2830,255,1,,2,740,1861,325,3,13500.0,810.0,39690.0
2831,1061,2,1,2,615,1,811,3,13500.0,4050.0,36450.0
2832,1061,2,1,1,615,1,811,3,12600.0,1890.0,35910.0
2833,1061,2,1,2,615,1,811,3,15000.0,4500.0,40500.0
2834,216,1,,1,675,3046,1026,2,12600.0,2520.0,22680.0
2835,526,1,,1,772,2110,2111,3,12000.0,1800.0,34200.0
2836,1030,2,1,1,479,1,2234,3,10800.0,0.0,32400.0
2837,1030,2,1,1,479,1,2234,3,12600.0,1890.0,35910.0
2838,802,1,,2,692,694,3098,1,15000.0,750.0,14250.0
2839,1337,1,,2,800,1204,3201,1,15000.0,750.0,14250.0
2840,1337,1,,1,800,1204,3201,2,12600.0,504.0,24696.0
2841,690,1,,2,957,1458,397,3,15750.0,4725.0,42525.0
2842,690,1,,1,957,1458,397,2,12000.0,1200.0,22800.0
2843,1323,2,3,1,592,3,2194,2,12000.0,480.0,23520.0
2844,204,1,,2,865,543,156,1,15000.0,0.0,15000.0
2845,155,1,,1,636,1891,2287,3,12000.0,0.0,36000.0
2846,559,2,2,1,710,2,2127,3,12000.0,3600.0,32400.0
2847,1137,1,,1,675,2709,724,2,12000.0,480.0,23520.0
2848,132,1,,1,506,14,1962,2,12000.0,480.0,23520.0
2849,674,2,3,1,969,3,1748,2,10800.0,2160.0,19440.0
2850,747,1,,1,550,1822,230,1,13200.0,264.0,12936.0
2851,503,2,2,2,672,2,,3,15000.0,900.0,44100.0
2852,55,1,,1,460,3081,2249,2,10800.0,0.0,21600.0
2853,55,1,,2,460,3081,2249,2,15000.0,600.0,29400.0
2854,55,1,,1,460,3081,2249,2,10800.0,1080.0,20520.0
2855,146,1,,1,983,1682,2709,3,12000.0,1800.0,34200.0
2856,146,1,,2,983,1682,2709,2,15000.0,0.0,30000.0
2857,978,2,3,2,962,3,671,2,13500.0,2700.0,24300.0
2858,978,2,3,1,962,3,671,2,12000.0,480.0,23520.0
2859,978,2,3,1,962,3,671,1,12000.0,600.0,11400.0
2860,1414,1,,2,832,788,3009,3,15000.0,900.0,44100.0
2861,1414,1,,1,832,788,3009,3,12000.0,0.0,36000.0
2862,1406,2,1,1,467,1,2037,2,12600.0,0.0,25200.0
2863,1188,1,,1,787,1088,2689,2,12600.0,0.0,25200.0
2864,212,1,,2,693,1393,2341,3,15000.0,2250.0,42750.0
2865,212,1,,1,693,1393,2341,2,12600.0,0.0,25200.0
2866,1075,2,1,2,404,1,,2,16500.0,0.0,33000.0
2867,974,1,,1,974,1117,3177,2,12000.0,1200.0,22800.0
2868,1476,2,2,1,537,2,,3,12600.0,1890.0,35910.0
2869,1438,1,,2,757,873,2754,1,15000.0,300.0,14700.0
2870,1012,2,4,2,398,4,3087,1,15000.0,750.0,14250.0
2871,27,2,1,1,855,1,939,1,12600.0,0.0,12600.0
2872,723,2,4,2,753,4,640,2,15000.0,3000.0,27000.0
2873,247,1,,1,987,439,2677,3,12000.0,720.0,35280.0
2874,304,1,,2,822,2420,,3,15000.0,0.0,45000.0
2875,394,1,,2,422,68,1088,1,15750.0,787.5,14962.5
2876,394,1,,1,422,68,1088,2,12000.0,2400.0,21600.0
2877,1485,2,2,2,740,2,780,1,15000.0,1500.0,13500.0
2878,1210,1,,2,474,505,364,2,15000.0,0.0,30000.0
2879,381,1,,1,372,2176,1913,1,12000.0,240.0,11760.0
2880,1108,2,3,2,435,3,3014,1,13500.0,675.0,12825.0
2881,1171,2,2,1,929,2,2440,1,12600.0,630.0,11970.0
2882,834,2,1,1,400,1,2163,2,12000.0,0.0,24000.0
2883,834,2,1,2,400,1,2163,3,15000.0,0.0,45000.0
2884,746,1,,2,821,1674,1885,1,13500.0,0.0,13500.0
2885,796,1,,1,537,2232,2870,2,12000.0,480.0,23520.0
2886,814,2,2,1,942,2,,3,12600.0,1890.0,35910.0
2887,843,1,,2,963,227,2946,3,15000.0,0.0,45000.0
2888,218,1,,2,904,2392,377,1,15750.0,1575.0,14175.0
2889,209,2,4,1,412,4,2685,2,12000.0,1200.0,22800.0
2890,367,2,1,1,900,1,893,1,12000.0,600.0,11400.0
2891,902,1,,2,480,2861,3110,1,16500.0,1650.0,14850.0
2892,1484,2,4,1,514,4,2621,1,13200.0,0.0,13200.0
2893,1484,2,4,1,514,4,2621,1,12000.0,240.0,11760.0
2894,1094,1,,2,754,521,227,3,13500.0,2025.0,38475.0
2895,1113,2,3,1,384,3,1815,2,12600.0,2520.0,22680.0
2896,930,1,,2,489,2970,1738,2,13500.0,2700.0,24300.0
2897,930,1,,1,489,2970,1738,2,12000.0,480.0,23520.0
2898,930,1,,1,489,2970,1738,1,12000.0,1200.0,10800.0
2899,1135,2,1,1,833,1,767,1,12000.0,600.0,11400.0
2900,476,1,,1,930,3124,848,2,12000.0,0.0,24000.0
2901,476,1,,2,930,3124,848,1,15000.0,750.0,14250.0
2902,972,2,2,1,642,2,1458,1,12000.0,0.0,12000.0
2903,972,2,2,1,642,2,1458,1,12000.0,600.0,11400.0
2904,872,2,4,1,511,4,1896,3,12600.0,3780.0,34020.0
2905,1396,2,2,1,634,2,960,1,12000.0,240.0,11760.0
2906,1396,2,2,2,634,2,960,3,15000.0,900.0,44100.0
2907,998,2,2,2,557,2,2695,3,15750.0,0.0,47250.0
2908,69,1,,2,883,2930,964,3,15000.0,4500.0,40500.0
2909,873,1,,2,989,123,3085,3,15000.0,4500.0,40500.0
2910,862,2,3,2,704,3,1276,1,15000.0,750.0,14250.0
2911,862,2,3,2,704,3,1276,2,15750.0,1575.0,29925.0
2912,1029,1,,2,822,2977,1589,2,15750.0,630.0,30870.0
2913,721,2,3,1,865,3,221,3,12000.0,0.0,36000.0
2914,150,2,4,1,810,4,578,2,12600.0,1260.0,23940.0
2915,150,2,4,1,810,4,578,2,12000.0,480.0,23520.0
2916,1004,1,,2,755,1367,1999,2,15000.0,1500.0,28500.0
2917,450,2,1,1,846,1,1404,2,10800.0,0.0,21600.0
2918,450,2,1,1,846,1,1404,2,12000.0,1200.0,22800.0
2919,450,2,1,1,846,1,1404,2,10800.0,432.0,21168.0
2920,172,2,1,2,453,1,959,2,15750.0,1575.0,29925.0
2921,1376,2,3,2,782,3,814,2,15000.0,1500.0,28500.0
2922,234,2,4,1,1002,4,535,1,12600.0,1260.0,11340.0
2923,234,1,,1,876,1558,1107,1,12600.0,1260.0,11340.0
2924,117,1,,2,790,2908,1545,1,15000.0,0.0,15000.0
2925,117,1,,2,790,2908,1545,2,13500.0,1350.0,25650.0
2926,37,1,,1,370,2866,70,1,12000.0,0.0,12000.0
2927,1116,2,4,2,394,4,,1,15000.0,0.0,15000.0
2928,235,1,,1,835,854,1248,3,10800.0,1620.0,30780.0
2929,285,1,,1,865,2316,512,1,12000.0,0.0,12000.0
2930,1188,1,,1,426,880,3055,1,12000.0,1200.0,10800.0
2931,230,2,1,2,1003,1,2244,3,15000.0,900.0,44100.0
2932,230,2,1,2,1003,1,2244,3,15000.0,0.0,45000.0
2933,1399,2,4,2,864,4,1513,1,16500.0,330.0,16170.0
2934,1363,1,,2,746,2159,,1,15000.0,0.0,15000.0
2935,855,2,3,1,672,3,1596,3,10800.0,648.0,31752.0
2936,855,2,3,1,672,3,1596,3,10800.0,1620.0,30780.0
2937,498,1,,1,666,2309,1305,1,12000.0,1200.0,10800.0
2938,140,1,,1,523,3053,1860,1,12000.0,600.0,11400.0
2939,956,2,1,1,731,1,2450,1,12000.0,240.0,11760.0
2940,956,2,1,2,731,1,2450,2,15000.0,0.0,30000.0
2941,235,2,1,1,626,1,1953,1,12000.0,0.0,12000.0
2942,1268,1,,1,850,2882,1390,1,12000.0,600.0,11400.0
2943,1322,1,,1,468,1719,3180,2,12600.0,504.0,24696.0
2944,1322,1,,2,468,1719,3180,3,16500.0,0.0,49500.0
2945,194,1,,1,763,1195,140,3,10800.0,0.0,32400.0
2946,1446,1,,1,736,2905,1917,3,12600.0,3780.0,34020.0
2947,502,2,1,1,551,1,2551,1,12000.0,0.0,12000.0
2948,1410,2,3,1,761,3,2590,3,12000.0,0.0,36000.0
2949,951,1,,1,879,354,107,2,12000.0,0.0,24000.0
2950,1124,1,,2,964,1893,1105,3,15000.0,0.0,45000.0
2951,1124,1,,1,964,1893,1105,1,12600.0,1260.0,11340.0
2952,1005,2,2,2,502,2,2706,1,13500.0,675.0,12825.0
2953,1005,2,2,2,502,2,2706,3,15000.0,900.0,44100.0
2954,578,2,4,1,463,4,2186,1,12000.0,240.0,11760.0
2955,881,1,,2,865,2549,2029,2,13500.0,0.0,27000.0
2956,881,1,,2,865,2549,2029,1,15000.0,300.0,14700.0
2957,865,2,3,1,738,3,2520,2,12000.0,480.0,23520.0
2958,411,2,3,1,593,3,1298,3,13200.0,1980.0,37620.0
2959,1412,2,4,1,776,4,2402,1,12600.0,1260.0,11340.0
2960,167,1,,1,379,2901,332,1,12000.0,600.0,11400.0
2961,623,1,,1,416,1785,1146,2,13200.0,2640.0,23760.0
2962,623,1,,1,416,1785,1146,3,12000.0,1800.0,34200.0
2963,623,1,,2,416,1785,1146,3,15000.0,4500.0,40500.0
2964,1245,1,,1,806,1367,1221,1,13200.0,0.0,13200.0
2965,1245,1,,1,806,1367,1221,3,12000.0,720.0,35280.0
2966,1389,1,,2,529,1046,689,1,15000.0,1500.0,13500.0
2967,354,1,,1,657,2514,,3,12600.0,3780.0,34020.0
2968,217,1,,2,709,3193,151,3,15000.0,4500.0,40500.0
2969,502,2,2,2,428,2,545,1,15000.0,300.0,14700.0
2970,320,1,,1,561,1991,2919,3,12000.0,1800.0,34200.0
2971,320,1,,1,561,1991,2919,3,12000.0,0.0,36000.0
2972,320,1,,1,561,1991,2919,3,12600.0,1890.0,35910.0
2973,590,1,,1,757,987,1886,1,13200.0,0.0,13200.0
2974,1358,1,,1,651,948,2964,1,13200.0,1320.0,11880.0
2975,1413,2,3,2,723,3,2140,2,13500.0,1350.0,25650.0
2976,1183,1,,2,805,2768,1621,1,15000.0,0.0,15000.0
2977,1270,1,,2,620,1000,724,3,15750.0,2362.5,44887.5
2978,991,1,,2,834,3177,863,2,15000.0,3000.0,27000.0
2979,991,1,,1,834,3177,863,2,12600.0,2520.0,22680.0
2980,748,1,,2,462,1425,2577,2,15750.0,1575.0,29925.0
2981,1315,1,,2,669,504,3130,3,15000.0,4500.0,40500.0
2982,529,2,1,1,987,1,1880,2,10800.0,0.0,21600.0
2983,1186,1,,1,719,894,87,1,12000.0,0.0,12000.0
2984,1186,1,,1,719,894,87,3,12600.0,1890.0,35910.0
2985,826,1,,2,581,830,2689,3,15000.0,4500.0,40500.0
2986,826,1,,2,581,830,2689,2,13500.0,2700.0,24300.0
2987,53,1,,2,533,2450,2004,1,15000.0,0.0,15000.0
2988,810,2,3,2,594,3,376,3,15000.0,900.0,44100.0
2989,1442,2,1,2,783,1,1109,3,13500.0,0.0,40500.0
2990,397,2,3,1,567,3,2438,1,12000.0,600.0,11400.0
2991,397,2,3,2,567,3,2438,2,15000.0,0.0,30000.0
2992,292,1,,1,536,549,,1,12000.0,0.0,12000.0
2993,73,1,,1,613,1464,,1,12000.0,0.0,12000.0
2994,462,1,,2,1004,1795,1473,2,15000.0,0.0,30000.0
2995,462,1,,2,1004,1795,1473,2,15000.0,1500.0,28500.0
2996,1441,1,,1,941,3144,3028,1,12000.0,0.0,12000.0
2997,696,1,,2,436,1361,1520,3,15750.0,0.0,47250.0
2998,568,2,2,1,984,2,1368,1,12000.0,240.0,11760.0
2999,888,1,,1,893,2442,2429,3,12000.0,0.0,36000.0
3000,1065,2,4,2,469,4,637,3,15000.0,2250.0,42750.0
3001,1065,2,4,2,469,4,637,3,16500.0,4950.0,44550.0
3002,667,1,,1,506,2574,3193,3,12000.0,720.0,35280.0
3003,667,1,,2,506,2574,3193,3,15000.0,0.0,45000.0
3004,156,1,,1,831,132,15,1,12000.0,0.0,12000.0
3005,272,1,,1,382,1222,573,3,12000.0,720.0,35280.0
3006,515,1,,2,636,949,1971,2,15000.0,1500.0,28500.0
3007,515,1,,1,636,949,1971,2,12000.0,0.0,24000.0
3008,515,1,,2,636,949,1971,1,13500.0,675.0,12825.0
3009,1109,2,1,2,696,1,2433,2,13500.0,1350.0,25650.0
3010,1109,2,1,1,696,1,2433,3,12000.0,720.0,35280.0
3011,1109,2,1,1,696,1,2433,3,10800.0,1620.0,30780.0
3012,4,2,1,2,671,1,151,2,15000.0,3000.0,27000.0
3013,1406,2,3,1,945,3,2010,1,12000.0,0.0,12000.0
3014,701,2,4,2,814,4,2710,1,13500.0,675.0,12825.0
3015,438,2,1,2,629,1,730,2,15000.0,0.0,30000.0
3016,275,1,,1,530,2148,2967,2,12600.0,0.0,25200.0
3017,275,1,,2,530,2148,2967,2,15000.0,3000.0,27000.0
3018,1054,1,,1,459,443,1626,3,10800.0,648.0,31752.0
3019,1054,1,,2,459,443,1626,3,15000.0,900.0,44100.0
3020,831,2,2,1,598,2,2585,2,12000.0,0.0,24000.0
3021,161,2,3,1,427,3,236,3,13200.0,1980.0,37620.0
3022,1379,1,,2,377,1946,1019,2,15000.0,3000.0,27000.0
3023,1004,1,,1,644,3085,1158,1,13200.0,1320.0,11880.0
3024,7,1,,2,655,2363,643,2,13500.0,1350.0,25650.0
3025,728,1,,1,503,1238,393,3,12000.0,0.0,36000.0
3026,728,1,,1,503,1238,393,2,12000.0,1200.0,22800.0
3027,728,1,,1,503,1238,393,1,12000.0,0.0,12000.0
3028,832,1,,2,764,922,2863,1,15000.0,1500.0,13500.0
3029,177,1,,1,872,576,3100,2,12000.0,1200.0,22800.0
3030,526,2,2,1,741,2,2711,1,10800.0,0.0,10800.0
3031,526,2,2,1,741,2,2711,1,12600.0,0.0,12600.0
3032,312,2,1,2,567,1,1002,3,15750.0,2362.5,44887.5
3033,297,1,,2,654,542,1059,2,15000.0,3000.0,27000.0
3034,297,1,,2,654,542,1059,3,15000.0,2250.0,42750.0
3035,472,2,4,2,609,4,2979,2,15750.0,1575.0,29925.0
3036,133,1,,1,872,2083,1994,3,12000.0,0.0,36000.0
3037,133,1,,1,872,2083,1994,2,13200.0,2640.0,23760.0
3038,718,2,4,1,439,4,214,2,10800.0,2160.0,19440.0
3039,718,2,4,1,439,4,214,3,12000.0,0.0,36000.0
3040,378,1,,1,712,906,972,2,12000.0,1200.0,22800.0
3041,1390,1,,2,451,810,1616,2,15000.0,600.0,29400.0
3042,1114,2,3,2,455,3,2530,1,15000.0,750.0,14250.0
3043,102,2,3,1,560,3,2268,2,10800.0,432.0,21168.0
3044,484,1,,1,881,2405,1908,1,12000.0,240.0,11760.0
3045,1297,2,2,1,722,2,518,3,12000.0,1800.0,34200.0
3046,716,1,,1,505,1898,1140,2,12000.0,480.0,23520.0
3047,1009,1,,1,429,344,984,3,10800.0,3240.0,29160.0
3048,860,1,,2,854,2461,2191,3,16500.0,0.0,49500.0
3049,118,1,,2,537,1586,1916,1,13500.0,675.0,12825.0
3050,891,1,,1,587,1075,2937,3,12000.0,3600.0,32400.0
3051,1091,2,2,1,768,2,2132,3,13200.0,0.0,39600.0
3052,1091,2,2,1,768,2,2132,1,10800.0,540.0,10260.0
3053,1091,2,2,2,768,2,2132,2,13500.0,540.0,26460.0
3054,1373,1,,2,814,1601,,1,15000.0,0.0,15000.0
3055,1373,1,,1,814,1601,,1,12000.0,0.0,12000.0
3056,557,2,4,2,768,4,1510,1,15000.0,750.0,14250.0
3057,557,2,4,2,768,4,1510,1,16500.0,1650.0,14850.0
3058,757,1,,2,691,2948,1469,3,13500.0,0.0,40500.0
3059,1015,1,,1,383,94,42,2,12000.0,2400.0,21600.0
3060,1015,1,,2,383,94,42,1,15000.0,1500.0,13500.0
3061,635,1,,2,503,1070,2007,2,13500.0,0.0,27000.0
3062,635,1,,1,503,1070,2007,2,12600.0,2520.0,22680.0
3063,498,1,,2,791,65,1501,1,16500.0,1650.0,14850.0
3064,886,2,4,1,589,4,2097,2,12000.0,0.0,24000.0
3065,1127,2,4,2,853,4,,3,16500.0,990.0,48510.0
3066,1127,2,4,2,853,4,,1,13500.0,675.0,12825.0
3067,1220,1,,1,470,265,883,1,12000.0,0.0,12000.0
3068,16,1,,1,685,270,2518,1,12000.0,1200.0,10800.0
3069,16,1,,2,685,270,2518,3,16500.0,2475.0,47025.0
3070,350,1,,2,444,2814,,1,15000.0,300.0,14700.0
3071,37,1,,1,479,3115,989,2,12000.0,2400.0,21600.0
3072,1445,1,,1,664,1980,1095,1,12600.0,252.0,12348.0
3073,18,1,,1,381,2215,2772,1,12600.0,0.0,12600.0
3074,975,1,,2,464,864,2218,1,15000.0,300.0,14700.0
3075,304,2,3,2,772,3,341,1,15000.0,300.0,14700.0
3076,1199,1,,1,738,1954,,3,10800.0,0.0,32400.0
3077,437,2,2,1,478,2,486,1,12000.0,600.0,11400.0
3078,424,1,,1,538,307,373,3,12600.0,0.0,37800.0
3079,1364,1,,2,610,2517,2612,2,15000.0,0.0,30000.0
3080,979,1,,1,817,498,1388,1,12000.0,1200.0,10800.0
3081,110,1,,2,914,1593,3119,2,15750.0,1575.0,29925.0
3082,110,1,,2,914,1593,3119,2,15000.0,1500.0,28500.0
3083,751,1,,2,684,1981,2627,2,15000.0,0.0,30000.0
3084,751,1,,1,684,1981,2627,3,10800.0,648.0,31752.0
3085,1427,1,,1,545,2942,89,3,12000.0,3600.0,32400.0
3086,252,1,,2,806,862,3175,2,13500.0,1350.0,25650.0
3087,846,2,2,1,706,2,,2,13200.0,2640.0,23760.0
3088,1183,1,,1,796,2182,40,1,13200.0,264.0,12936.0
3089,874,1,,2,905,1482,631,2,15750.0,630.0,30870.0
3090,874,1,,1,905,1482,631,3,10800.0,3240.0,29160.0
3091,469,1,,1,944,2212,245,2,12000.0,0.0,24000.0
3092,637,1,,2,861,2892,1557,2,15000.0,0.0,30000.0
3093,1068,2,3,2,892,3,202,3,15000.0,2250.0,42750.0
3094,1068,2,3,1,892,3,202,2,12000.0,480.0,23520.0
3095,1230,2,3,2,952,3,2703,1,13500.0,270.0,13230.0
3096,249,1,,2,820,2535,1027,1,16500.0,825.0,15675.0
3097,249,1,,1,820,2535,1027,3,12000.0,720.0,35280.0
3098,390,1,,2,701,1186,225,1,15000.0,750.0,14250.0
3099,162,2,2,2,405,2,1711,2,15000.0,600.0,29400.0
3100,493,2,1,2,801,1,2562,2,15000.0,3000.0,27000.0
3101,1231,1,,1,647,2489,2385,2,13200.0,1320.0,25080.0
3102,382,1,,1,672,1626,2160,2,12000.0,2400.0,21600.0
3103,887,1,,1,804,2622,2396,2,12000.0,1200.0,22800.0
3104,949,1,,2,732,1012,,3,15000.0,900.0,44100.0
3105,949,1,,1,732,1012,,3,12000.0,3600.0,32400.0
3106,78,1,,2,654,2221,3162,3,15000.0,900.0,44100.0
3107,78,1,,1,654,2221,3162,2,12000.0,480.0,23520.0
3108,747,1,,1,622,1686,978,1,12000.0,600.0,11400.0
3109,138,1,,1,516,3032,1109,2,13200.0,1320.0,25080.0
3110,1058,1,,2,967,2925,1025,3,15000.0,900.0,44100.0
3111,189,2,2,1,897,2,1586,3,13200.0,3960.0,35640.0
3112,507,1,,1,870,1671,2556,1,12600.0,630.0,11970.0
3113,507,1,,2,870,1671,2556,2,16500.0,0.0,33000.0
3114,1374,2,4,1,497,4,1453,1,12000.0,1200.0,10800.0
3115,85,1,,1,731,2637,,3,12600.0,0.0,37800.0
3116,239,1,,1,584,2480,1193,2,12000.0,2400.0,21600.0
3117,17,1,,1,547,334,2192,2,13200.0,528.0,25872.0
3118,351,1,,1,454,2468,1175,2,10800.0,1080.0,20520.0
3119,351,1,,1,454,2468,1175,1,12600.0,252.0,12348.0
3120,1421,1,,2,525,2575,1140,2,15000.0,1500.0,28500.0
3121,719,2,2,1,515,2,135,2,12000.0,480.0,23520.0
3122,58,1,,1,431,377,1016,2,12000.0,0.0,24000.0
3123,245,1,,1,622,339,354,3,12600.0,756.0,37044.0
3124,1320,2,2,2,960,2,1015,1,15000.0,1500.0,13500.0
3125,1320,2,2,1,960,2,1015,1,12000.0,600.0,11400.0
3126,1320,2,2,2,960,2,1015,1,15000.0,0.0,15000.0
3127,947,2,1,2,701,1,1428,2,16500.0,0.0,33000.0
3128,29,1,,1,644,2563,1948,1,12000.0,240.0,11760.0
3129,29,1,,1,644,2563,1948,2,12000.0,480.0,23520.0
3130,375,1,,2,563,2510,347,1,15000.0,300.0,14700.0
3131,314,1,,2,406,1875,2448,1,13500.0,0.0,13500.0
3132,974,1,,1,842,593,1879,1,12000.0,240.0,11760.0
3133,974,1,,2,842,593,1879,1,15000.0,750.0,14250.0
3134,345,1,,2,614,680,1840,1,15750.0,315.0,15435.0
3135,345,1,,2,614,680,1840,2,15000.0,600.0,29400.0
3136,1331,1,,1,826,720,2730,1,12000.0,0.0,12000.0
3137,1008,2,1,2,602,1,,1,15000.0,300.0,14700.0
3138,588,2,4,1,934,4,2540,1,12000.0,0.0,12000.0
3139,274,1,,2,810,2328,1720,2,15000.0,1500.0,28500.0
3140,1488,2,2,2,601,2,2164,1,15000.0,750.0,14250.0
3141,1089,1,,1,565,3041,608,3,13200.0,1980.0,37620.0
3142,1472,1,,1,561,452,1032,2,10800.0,432.0,21168.0
3143,1294,1,,2,761,2398,1441,3,15000.0,2250.0,42750.0
3144,10,2,2,1,814,2,1541,2,12000.0,480.0,23520.0
3145,10,2,2,1,814,2,1541,1,12000.0,1200.0,10800.0
3146,905,1,,2,685,381,991,2,15000.0,3000.0,27000.0
3147,392,1,,1,695,1805,691,3,10800.0,648.0,31752.0
3148,392,1,,2,695,1805,691,1,15000.0,0.0,15000.0
3149,392,1,,1,695,1805,691,1,12000.0,600.0,11400.0
3150,872,1,,1,657,2980,501,1,12000.0,600.0,11400.0
3151,872,1,,1,657,2980,501,1,12600.0,630.0,11970.0
3152,825,1,,1,476,1299,2418,2,12000.0,1200.0,22800.0
3153,825,1,,1,476,1299,2418,1,12000.0,240.0,11760.0
3154,625,2,3,2,497,3,343,3,15000.0,2250.0,42750.0
3155,1389,1,,1,422,932,221,3,12000.0,3600.0,32400.0
3156,5,1,,1,505,452,1036,2,12000.0,2400.0,21600.0
3157,74,2,1,1,519,1,2594,1,13200.0,264.0,12936.0
3158,805,1,,2,986,3076,2407,3,15000.0,4500.0,40500.0
3159,805,1,,2,986,3076,2407,3,16500.0,0.0,49500.0
3160,893,1,,1,629,2945,1864,2,12000.0,2400.0,21600.0
3161,347,1,,1,841,258,,3,12600.0,1890.0,35910.0
3162,347,1,,2,841,258,,3,13500.0,810.0,39690.0
3163,705,2,4,1,466,4,906,3,12000.0,0.0,36000.0
3164,705,2,4,1,466,4,906,2,12000.0,2400.0,21600.0
3165,1342,1,,1,441,285,1927,3,12000.0,3600.0,32400.0
3166,1342,1,,1,441,285,1927,3,10800.0,648.0,31752.0
3167,97,1,,2,884,1129,974,3,15000.0,2250.0,42750.0
3168,1308,2,1,1,501,1,432,2,12000.0,1200.0,22800.0
3169,1308,2,1,1,501,1,432,3,12000.0,1800.0,34200.0
3170,714,2,1,1,535,1,2778,3,12000.0,1800.0,34200.0
3171,714,2,1,1,535,1,2778,2,12000.0,480.0,23520.0
3172,1357,1,,1,952,532,441,3,12000.0,720.0,35280.0
3173,1092,1,,2,974,2350,78,2,13500.0,2700.0,24300.0
3174,1092,1,,2,974,2350,78,2,15000.0,3000.0,27000.0
3175,513,2,1,2,869,1,,2,13500.0,0.0,27000.0
3176,263,2,2,1,856,2,3085,1,10800.0,216.0,10584.0
3177,437,2,4,1,989,4,854,3,12000.0,0.0,36000.0
3178,1216,1,,1,373,1111,232,3,13200.0,0.0,39600.0
3179,1391,2,3,1,532,3,1743,3,12000.0,720.0,35280.0
3180,348,1,,2,468,246,388,3,15000.0,0.0,45000.0
3181,429,1,,2,721,438,2703,2,15000.0,1500.0,28500.0
3182,388,2,3,1,970,3,176,2,13200.0,528.0,25872.0
3183,1062,1,,1,597,3104,2538,2,10800.0,432.0,21168.0
3184,536,1,,1,374,2838,1544,3,12000.0,3600.0,32400.0
3185,516,1,,2,687,467,2264,2,13500.0,1350.0,25650.0
3186,516,1,,1,687,467,2264,3,12000.0,1800.0,34200.0
3187,1025,2,3,2,788,3,862,1,15000.0,0.0,15000.0
3188,1405,2,1,2,381,1,2751,3,15000.0,0.0,45000.0
3189,1317,1,,1,885,1169,2245,3,12000.0,1800.0,34200.0
3190,1317,1,,1,885,1169,2245,1,12000.0,1200.0,10800.0
3191,1200,2,4,1,385,4,1464,3,12000.0,3600.0,32400.0
3192,984,2,4,1,815,4,1860,3,12000.0,0.0,36000.0
3193,984,2,4,1,815,4,1860,2,12000.0,2400.0,21600.0
3194,1465,2,4,1,414,4,171,3,13200.0,3960.0,35640.0
3195,831,1,,1,987,2644,2637,3,10800.0,0.0,32400.0
3196,831,1,,1,987,2644,2637,2,10800.0,432.0,21168.0
3197,1206,1,,1,710,2473,115,3,12600.0,0.0,37800.0
3198,1431,2,4,1,642,4,1860,2,13200.0,0.0,26400.0
3199,1431,2,4,2,642,4,1860,2,13500.0,540.0,26460.0
3200,1431,2,4,1,642,4,1860,3,12600.0,1890.0,35910.0
3201,1288,1,,2,980,856,2614,2,15000.0,3000.0,27000.0
3202,812,1,,2,510,2575,2630,2,15000.0,600.0,29400.0
3203,587,1,,2,810,1717,3181,1,15000.0,0.0,15000.0
3204,587,1,,2,810,1717,3181,2,15750.0,1575.0,29925.0
3205,709,2,2,1,603,2,2943,1,12000.0,600.0,11400.0
3206,544,2,2,2,480,2,3127,1,13500.0,675.0,12825.0
3207,1174,2,3,2,868,3,2670,1,13500.0,0.0,13500.0
3208,1174,2,3,1,868,3,2670,1,10800.0,0.0,10800.0
3209,249,1,,1,798,659,3063,2,12000.0,480.0,23520.0
3210,249,1,,1,798,659,3063,1,12000.0,0.0,12000.0
3211,709,1,,1,719,331,1348,2,10800.0,2160.0,19440.0
3212,368,2,4,2,725,4,453,2,13500.0,2700.0,24300.0
3213,991,1,,1,937,998,1932,3,12000.0,3600.0,32400.0
3214,217,2,1,2,607,1,2795,2,16500.0,1650.0,31350.0
3215,146,1,,2,924,280,332,3,15000.0,2250.0,42750.0
3216,1376,1,,1,432,324,3061,1,12000.0,1200.0,10800.0
3217,1376,1,,1,432,324,3061,1,12000.0,600.0,11400.0
3218,583,1,,1,548,245,1365,3,10800.0,648.0,31752.0
3219,583,1,,1,548,245,1365,3,12000.0,1800.0,34200.0
3220,779,1,,2,412,754,1660,3,15000.0,900.0,44100.0
3221,779,1,,1,412,754,1660,1,12000.0,240.0,11760.0
3222,216,1,,2,738,719,1692,2,15000.0,1500.0,28500.0
3223,216,1,,2,738,719,1692,1,15750.0,1575.0,14175.0
3224,1266,2,4,2,929,4,2260,3,13500.0,2025.0,38475.0
3225,629,1,,2,916,1505,441,1,15750.0,0.0,15750.0
3226,629,1,,1,916,1505,441,2,10800.0,2160.0,19440.0
3227,245,2,4,1,737,4,2180,2,10800.0,0.0,21600.0
3228,1256,2,4,1,972,4,242,1,10800.0,0.0,10800.0
3229,1195,1,,1,647,2641,518,3,12000.0,720.0,35280.0
3230,191,2,3,2,392,3,1443,1,15000.0,1500.0,13500.0
3231,1477,1,,1,969,82,3059,1,12000.0,0.0,12000.0
3232,1477,1,,1,969,82,3059,1,12000.0,240.0,11760.0
3233,464,2,4,1,458,4,414,2,12000.0,0.0,24000.0
3234,667,2,2,1,564,2,78,3,12000.0,720.0,35280.0
3235,622,1,,1,845,2110,2917,2,12600.0,504.0,24696.0
3236,866,1,,1,984,1486,1104,1,12600.0,252.0,12348.0
3237,866,1,,2,984,1486,1104,1,15000.0,0.0,15000.0
3238,308,1,,2,489,1618,23,1,15000.0,750.0,14250.0
3239,304,2,1,1,524,1,434,3,12000.0,3600.0,32400.0
3240,304,2,1,1,524,1,434,2,12000.0,1200.0,22800.0
3241,1405,1,,1,447,2030,1784,3,12600.0,756.0,37044.0
3242,1369,2,3,2,755,3,2678,3,15000.0,0.0,45000.0
3243,849,1,,2,683,1676,1011,1,15000.0,300.0,14700.0
3244,849,1,,1,683,1676,1011,1,12000.0,600.0,11400.0
3245,658,1,,1,904,1244,1304,1,12000.0,240.0,11760.0
3246,1400,2,4,1,491,4,1532,1,12600.0,0.0,12600.0
3247,345,1,,2,460,1079,2183,3,15000.0,0.0,45000.0
3248,617,1,,1,629,1946,2094,3,12000.0,1800.0,34200.0
3249,219,2,4,1,635,4,2531,1,13200.0,1320.0,11880.0
3250,1253,1,,1,640,3000,104,1,10800.0,540.0,10260.0
3251,1253,1,,1,640,3000,104,3,10800.0,3240.0,29160.0
3252,1253,1,,1,640,3000,104,1,12000.0,240.0,11760.0
3253,377,2,4,1,374,4,2748,1,12000.0,600.0,11400.0
3254,377,2,4,2,374,4,2748,3,15000.0,0.0,45000.0
3255,577,2,2,2,701,2,1567,3,15000.0,0.0,45000.0
3256,769,1,,1,817,3059,1100,3,10800.0,3240.0,29160.0
3257,209,1,,2,931,2267,2144,3,15000.0,2250.0,42750.0
3258,449,1,,1,367,3201,1241,2,12000.0,2400.0,21600.0
3259,449,1,,1,367,3201,1241,2,12000.0,1200.0,22800.0
3260,449,1,,2,367,3201,1241,3,15000.0,900.0,44100.0
3261,859,2,1,1,533,1,,1,10800.0,216.0,10584.0
3262,960,1,,2,848,2615,855,2,15000.0,0.0,30000.0
3263,960,1,,2,848,2615,855,3,15000.0,900.0,44100.0
3264,1120,1,,2,701,1140,3203,1,13500.0,0.0,13500.0
3265,993,1,,1,823,666,323,2,12000.0,480.0,23520.0
3266,375,2,3,1,574,3,2964,3,12000.0,0.0,36000.0
3267,421,2,2,2,697,2,123,1,15000.0,300.0,14700.0
3268,1219,2,4,1,657,4,274,1,12000.0,0.0,12000.0
3269,1418,2,1,1,768,1,2697,1,12000.0,0.0,12000.0
3270,1418,2,1,2,768,1,2697,1,13500.0,675.0,12825.0
3271,1034,1,,2,761,2094,631,3,15000.0,0.0,45000.0
3272,801,1,,2,695,1716,3160,2,15000.0,600.0,29400.0
3273,89,2,3,1,753,3,,3,10800.0,1620.0,30780.0
3274,89,2,3,2,753,3,,2,16500.0,3300.0,29700.0
3275,436,2,1,1,937,1,971,2,10800.0,2160.0,19440.0
3276,281,1,,1,1001,94,1527,3,12000.0,1800.0,34200.0
3277,593,1,,1,576,774,3063,3,12600.0,756.0,37044.0
3278,593,1,,2,576,774,3063,3,15000.0,900.0,44100.0
3279,593,1,,2,576,774,3063,3,15750.0,2362.5,44887.5
3280,996,2,2,2,545,2,2552,3,15000.0,4500.0,40500.0
3281,205,1,,1,939,1815,,1,12600.0,630.0,11970.0
3282,520,1,,2,374,2323,867,3,13500.0,0.0,40500.0
3283,12,1,,1,966,102,720,1,12000.0,600.0,11400.0
3284,126,1,,2,653,1303,902,3,15750.0,945.0,46305.0
3285,826,2,1,2,540,1,1604,3,15750.0,2362.5,44887.5
3286,1062,1,,1,816,2020,,1,12000.0,600.0,11400.0
3287,382,2,3,1,384,3,2975,1,10800.0,1080.0,9720.0
3288,382,2,3,1,384,3,2975,2,12000.0,2400.0,21600.0
3289,668,1,,1,474,2526,2457,1,10800.0,540.0,10260.0
3290,1049,1,,2,747,2540,,3,13500.0,4050.0,36450.0
3291,1049,1,,2,747,2540,,2,15000.0,3000.0,27000.0
3292,1479,1,,1,552,2849,1340,1,12000.0,0.0,12000.0
3293,586,2,1,1,998,1,2567,1,13200.0,264.0,12936.0
3294,983,1,,1,751,2027,1854,3,12000.0,3600.0,32400.0
3295,921,1,,1,538,1,2241,2,12000.0,0.0,24000.0
3296,837,1,,2,637,579,3060,3,15000.0,0.0,45000.0
3297,1404,2,4,1,980,4,,1,12000.0,600.0,11400.0
3298,1404,2,4,2,980,4,,2,15000.0,0.0,30000.0
3299,605,2,4,1,692,4,1120,3,12000.0,1800.0,34200.0
3300,836,1,,1,461,1525,1291,3,12000.0,0.0,36000.0
3301,30,1,,2,857,138,160,2,15000.0,0.0,30000.0
3302,1358,1,,1,572,1719,2838,1,10800.0,1080.0,9720.0
3303,569,1,,2,658,2913,2246,1,15000.0,1500.0,13500.0
3304,459,2,1,1,612,1,2059,1,12600.0,252.0,12348.0
3305,870,1,,1,959,848,2661,3,10800.0,648.0,31752.0
3306,1123,1,,2,603,1239,,1,15750.0,0.0,15750.0
3307,146,2,3,1,738,3,2728,3,10800.0,1620.0,30780.0
3308,826,2,1,2,431,1,2224,2,16500.0,0.0,33000.0
3309,826,2,1,1,431,1,2224,2,12000.0,2400.0,21600.0
3310,1228,1,,1,396,13,574,1,10800.0,540.0,10260.0
3311,495,1,,2,472,1596,958,3,15750.0,0.0,47250.0
3312,1159,2,1,2,492,1,2595,3,15000.0,0.0,45000.0
3313,1344,1,,1,894,1759,1708,1,12000.0,1200.0,10800.0
3314,847,1,,1,635,1824,1551,2,12000.0,2400.0,21600.0
3315,690,1,,1,635,289,1910,2,13200.0,528.0,25872.0
3316,985,1,,2,895,2035,1983,1,15000.0,300.0,14700.0
3317,1413,2,2,2,805,2,1923,2,15750.0,3150.0,28350.0
3318,1280,2,3,2,462,3,1846,1,15750.0,1575.0,14175.0
3319,1130,1,,2,809,3196,1628,3,15750.0,0.0,47250.0
3320,1130,1,,2,809,3196,1628,3,15000.0,4500.0,40500.0
3321,1130,1,,2,809,3196,1628,3,15000.0,900.0,44100.0
3322,247,1,,1,914,3091,1731,3,10800.0,3240.0,29160.0
3323,666,2,1,1,974,1,1724,1,12000.0,600.0,11400.0
3324,995,1,,1,582,1395,657,3,12000.0,720.0,35280.0
3325,995,1,,2,582,1395,657,2,15750.0,3150.0,28350.0
3326,1081,1,,1,850,794,3055,1,13200.0,0.0,13200.0
3327,1081,1,,1,850,794,3055,1,12000.0,1200.0,10800.0
3328,723,1,,1,654,1777,2234,1,12000.0,600.0,11400.0
3329,1284,2,1,1,444,1,577,1,12000.0,240.0,11760.0
3330,1372,2,4,2,716,4,2773,3,15000.0,2250.0,42750.0
3331,397,1,,1,668,1948,1348,1,10800.0,0.0,10800.0
3332,508,1,,2,558,1168,,3,15750.0,0.0,47250.0
3333,1212,2,1,1,877,1,1920,3,12000.0,0.0,36000.0
3334,765,1,,1,424,2221,1701,2,12000.0,2400.0,21600.0
3335,444,1,,1,777,2213,1627,2,13200.0,528.0,25872.0
3336,798,1,,1,597,2138,1515,1,12000.0,240.0,11760.0
3337,1380,2,2,1,582,2,153,1,12000.0,0.0,12000.0
3338,260,1,,1,541,153,553,3,13200.0,0.0,39600.0
3339,25,1,,2,928,2426,504,3,15000.0,0.0,45000.0
3340,1301,2,2,2,923,2,2677,1,15000.0,1500.0,13500.0
3341,600,2,4,2,467,4,1793,2,15750.0,630.0,30870.0
3342,678,1,,2,425,2327,625,1,15000.0,750.0,14250.0
3343,678,1,,2,425,2327,625,3,15750.0,2362.5,44887.5
3344,678,1,,1,425,2327,625,1,12000.0,600.0,11400.0
3345,1500,1,,2,942,2014,3037,3,15000.0,900.0,44100.0
3346,1500,1,,1,942,2014,3037,3,12000.0,720.0,35280.0
3347,1414,1,,2,824,2734,2711,2,16500.0,3300.0,29700.0
3348,490,1,,2,897,1366,643,1,15750.0,787.5,14962.5
3349,490,1,,1,897,1366,643,1,12000.0,240.0,11760.0
3350,932,1,,1,819,1437,2508,3,10800.0,3240.0,29160.0
3351,812,2,1,1,412,1,14,2,10800.0,0.0,21600.0
3352,812,2,1,2,412,1,14,1,15000.0,0.0,15000.0
3353,812,2,1,1,412,1,14,3,10800.0,1620.0,30780.0
3354,1160,1,,1,617,982,2215,2,12600.0,1260.0,23940.0
3355,290,1,,1,738,2764,2109,2,10800.0,432.0,21168.0
3356,891,1,,2,895,1956,,1,15750.0,1575.0,14175.0
3357,870,1,,1,526,2098,1756,3,12600.0,3780.0,34020.0
3358,991,2,2,1,374,2,1887,1,12000.0,240.0,11760.0
3359,991,2,2,1,374,2,1887,1,12600.0,0.0,12600.0
3360,793,1,,1,486,2704,346,3,10800.0,648.0,31752.0
3361,793,1,,1,486,2704,346,1,10800.0,0.0,10800.0
3362,741,1,,2,534,419,403,1,13500.0,675.0,12825.0
3363,229,1,,1,853,2691,92,2,12000.0,480.0,23520.0
3364,177,2,2,1,403,2,2241,2,12600.0,1260.0,23940.0
3365,706,1,,2,435,45,2837,1,16500.0,1650.0,14850.0
3366,665,1,,2,430,2388,2483,2,15000.0,1500.0,28500.0
3367,665,1,,1,430,2388,2483,1,10800.0,216.0,10584.0
3368,510,2,2,1,728,2,803,3,12000.0,3600.0,32400.0
3369,1172,1,,1,623,927,1603,2,12000.0,2400.0,21600.0
3370,392,2,2,2,691,2,1725,3,15000.0,0.0,45000.0
3371,163,1,,1,873,2639,2862,1,12000.0,0.0,12000.0
3372,918,1,,1,744,851,1831,1,12000.0,1200.0,10800.0
3373,918,1,,2,744,851,1831,1,13500.0,0.0,13500.0
3374,788,2,2,1,405,2,170,1,12000.0,600.0,11400.0
3375,788,2,2,2,405,2,170,1,13500.0,1350.0,12150.0
3376,1008,1,,2,566,1553,3128,2,15000.0,1500.0,28500.0
3377,157,1,,2,986,2495,3075,3,15000.0,2250.0,42750.0
3378,157,1,,1,986,2495,3075,2,12600.0,2520.0,22680.0
3379,1387,1,,2,491,1038,1061,1,15750.0,0.0,15750.0
3380,1387,1,,1,491,1038,1061,3,12000.0,720.0,35280.0
3381,448,1,,1,921,1284,80,3,13200.0,792.0,38808.0
3382,180,1,,1,574,971,1630,1,12600.0,252.0,12348.0
3383,988,1,,2,627,2243,,1,15750.0,787.5,14962.5
3384,1133,1,,1,992,1758,1898,3,12000.0,720.0,35280.0
3385,441,1,,2,553,1660,,3,15000.0,4500.0,40500.0
3386,44,1,,1,581,104,169,2,10800.0,0.0,21600.0
3387,194,1,,1,872,870,1279,1,10800.0,1080.0,9720.0
3388,622,1,,2,499,2814,3179,1,15000.0,0.0,15000.0
3389,622,1,,2,499,2814,3179,3,13500.0,2025.0,38475.0
3390,81,1,,1,780,620,1641,3,12600.0,3780.0,34020.0
3391,525,1,,1,968,542,,2,12600.0,504.0,24696.0
3392,204,2,2,2,854,2,,3,15000.0,0.0,45000.0
3393,1393,2,2,2,701,2,621,2,15000.0,3000.0,27000.0
3394,1057,1,,1,538,3025,866,3,12600.0,3780.0,34020.0
3395,310,1,,2,719,2903,3028,3,15750.0,4725.0,42525.0
3396,310,1,,2,719,2903,3028,3,13500.0,810.0,39690.0
3397,310,1,,1,719,2903,3028,2,12000.0,480.0,23520.0
3398,358,1,,1,381,2650,2400,3,13200.0,3960.0,35640.0
3399,1271,1,,2,558,2331,1505,1,13500.0,0.0,13500.0
3400,1271,1,,1,558,2331,1505,3,12600.0,3780.0,34020.0
3401,1158,1,,2,868,1563,1995,2,13500.0,2700.0,24300.0
3402,492,2,4,2,915,4,518,2,15000.0,600.0,29400.0
3403,1207,1,,1,753,2890,532,2,12000.0,1200.0,22800.0
3404,1015,2,3,1,860,3,2074,1,12600.0,0.0,12600.0
3405,698,2,2,1,718,2,592,2,13200.0,528.0,25872.0
3406,698,2,2,1,718,2,592,2,10800.0,432.0,21168.0
3407,860,2,4,1,772,4,2377,2,13200.0,528.0,25872.0
3408,860,2,4,1,772,4,2377,1,12000.0,600.0,11400.0
3409,1258,1,,1,734,2191,1676,2,10800.0,2160.0,19440.0
3410,1258,1,,2,734,2191,1676,3,13500.0,2025.0,38475.0
3411,1032,1,,2,688,1100,869,3,15000.0,2250.0,42750.0
3412,26,1,,1,988,1110,1220,2,12000.0,480.0,23520.0
3413,268,1,,1,574,1514,2174,3,12000.0,3600.0,32400.0
3414,268,1,,1,574,1514,2174,3,12000.0,1800.0,34200.0
3415,1242,1,,1,489,367,1100,3,12600.0,3780.0,34020.0
3416,393,1,,2,462,256,344,2,15000.0,0.0,30000.0
3417,393,1,,2,462,256,344,2,15000.0,0.0,30000.0
3418,99,2,4,1,620,4,2866,1,12000.0,1200.0,10800.0
3419,518,1,,2,995,2453,1398,2,13500.0,2700.0,24300.0
3420,420,1,,1,615,350,2707,2,10800.0,432.0,21168.0
3421,420,1,,1,615,350,2707,3,12000.0,0.0,36000.0
3422,323,2,3,1,428,3,1939,2,12600.0,2520.0,22680.0
3423,323,2,3,2,428,3,1939,1,15000.0,300.0,14700.0
3424,1359,1,,2,419,2510,1081,2,13500.0,540.0,26460.0
3425,1359,1,,1,419,2510,1081,2,12000.0,0.0,24000.0
3426,988,1,,1,762,1544,334,3,12000.0,3600.0,32400.0
3427,988,1,,1,762,1544,334,1,13200.0,0.0,13200.0
3428,687,2,3,2,769,3,1125,1,15000.0,1500.0,13500.0
3429,395,1,,1,541,197,1502,2,12000.0,0.0,24000.0
3430,35,2,3,1,720,3,1851,2,13200.0,0.0,26400.0
3431,264,2,2,1,794,2,537,2,13200.0,0.0,26400.0
3432,264,2,2,2,794,2,537,1,15000.0,0.0,15000.0
3433,264,2,2,1,794,2,537,3,10800.0,0.0,32400.0
3434,1085,1,,1,652,3157,2031,2,10800.0,0.0,21600.0
3435,1023,1,,2,682,261,2156,3,15000.0,4500.0,40500.0
3436,789,1,,2,771,900,18,3,15000.0,0.0,45000.0
3437,789,1,,1,771,900,18,2,12000.0,0.0,24000.0
3438,789,1,,2,771,900,18,1,13500.0,0.0,13500.0
3439,524,2,2,1,932,2,1093,3,12000.0,0.0,36000.0
3440,524,2,2,1,932,2,1093,3,12000.0,3600.0,32400.0
3441,189,1,,1,532,2593,1360,1,12600.0,1260.0,11340.0
3442,189,1,,1,532,2593,1360,3,12000.0,1800.0,34200.0
3443,806,2,4,2,875,4,139,3,16500.0,0.0,49500.0
3444,1241,1,,2,633,2779,,3,15000.0,0.0,45000.0
3445,1210,1,,2,404,436,1647,2,15000.0,3000.0,27000.0
3446,1034,1,,2,908,1676,89,1,15000.0,750.0,14250.0
3447,1034,1,,1,908,1676,89,2,12600.0,0.0,25200.0
3448,653,2,1,2,904,1,2046,1,15000.0,1500.0,13500.0
3449,653,2,1,2,904,1,2046,1,15000.0,0.0,15000.0
3450,662,2,1,1,476,1,1943,1,12000.0,0.0,12000.0
3451,726,2,3,2,646,3,3189,2,15000.0,0.0,30000.0
3452,1306,1,,2,778,347,3168,3,15750.0,945.0,46305.0
3453,1383,2,3,2,511,3,997,3,15000.0,900.0,44100.0
3454,1383,2,3,1,511,3,997,2,12000.0,2400.0,21600.0
3455,489,1,,2,942,425,649,1,15000.0,750.0,14250.0
3456,1476,1,,2,917,1072,2328,3,15000.0,2250.0,42750.0
3457,1476,1,,1,917,1072,2328,3,10800.0,0.0,32400.0
3458,90,2,3,1,510,3,760,2,12000.0,1200.0,22800.0
3459,938,1,,2,383,18,1551,2,15000.0,0.0,30000.0
3460,1239,1,,1,380,146,1139,1,13200.0,0.0,13200.0
3461,594,2,4,2,582,4,2576,2,15000.0,600.0,29400.0
3462,1277,2,4,1,534,4,2463,3,13200.0,3960.0,35640.0
3463,1386,1,,1,964,503,1027,3,12000.0,1800.0,34200.0
3464,88,1,,1,675,1212,748,2,12000.0,2400.0,21600.0
3465,1274,1,,1,668,440,2420,3,13200.0,792.0,38808.0
3466,1274,1,,1,668,440,2420,2,12600.0,0.0,25200.0
3467,1274,1,,2,668,440,2420,3,15000.0,0.0,45000.0
3468,1083,2,2,1,930,2,1341,2,12000.0,480.0,23520.0
3469,405,1,,1,594,105,2278,1,12000.0,1200.0,10800.0
3470,1206,2,1,1,779,1,780,2,12000.0,0.0,24000.0
3471,1206,2,1,1,779,1,780,1,12600.0,252.0,12348.0
3472,427,1,,1,634,991,411,3,12000.0,1800.0,34200.0
3473,1230,1,,1,989,2873,1365,3,12000.0,3600.0,32400.0
3474,1230,1,,1,989,2873,1365,2,12000.0,2400.0,21600.0
3475,119,2,3,1,870,3,1233,2,12600.0,0.0,25200.0
3476,119,2,3,2,870,3,1233,2,16500.0,3300.0,29700.0
3477,1305,1,,1,536,3100,3147,2,12000.0,0.0,24000.0
3478,1274,2,3,1,992,3,1362,1,10800.0,540.0,10260.0
3479,77,1,,2,446,2591,2128,2,16500.0,3300.0,29700.0
3480,136,1,,1,832,2293,1918,1,12600.0,252.0,12348.0
3481,136,1,,2,832,2293,1918,1,15000.0,300.0,14700.0
3482,782,2,2,2,440,2,2236,3,13500.0,2025.0,38475.0
3483,293,1,,1,565,2170,1641,3,13200.0,792.0,38808.0
3484,481,2,3,1,674,3,1085,3,10800.0,0.0,32400.0
3485,593,1,,1,764,903,860,1,13200.0,0.0,13200.0
3486,617,1,,2,507,913,1716,2,15000.0,1500.0,28500.0
3487,617,1,,2,507,913,1716,3,15000.0,4500.0,40500.0
3488,1021,2,1,2,676,1,1844,2,15000.0,0.0,30000.0
3489,382,2,2,1,467,2,2543,3,13200.0,3960.0,35640.0
3490,1356,2,4,1,671,4,2266,1,13200.0,0.0,13200.0
3491,464,1,,2,863,55,,1,15000.0,300.0,14700.0
3492,464,1,,1,863,55,,3,12000.0,3600.0,32400.0
3493,618,1,,2,392,1397,1920,2,16500.0,1650.0,31350.0
3494,950,2,3,1,661,3,2726,1,12600.0,1260.0,11340.0
3495,950,2,3,1,661,3,2726,3,12000.0,0.0,36000.0
3496,1371,2,1,1,524,1,1117,3,12000.0,720.0,35280.0
3497,1007,2,2,1,418,2,1447,2,13200.0,2640.0,23760.0
3498,1007,2,2,2,418,2,1447,2,15000.0,1500.0,28500.0
3499,48,1,,1,845,845,110,3,13200.0,792.0,38808.0
3500,1231,2,2,2,709,2,1786,3,15000.0,0.0,45000.0
3501,1143,2,2,2,545,2,2504,3,13500.0,0.0,40500.0
3502,1143,2,2,2,545,2,2504,1,15000.0,1500.0,13500.0
3503,1374,2,3,1,789,3,1020,2,12000.0,2400.0,21600.0
3504,1014,1,,2,679,2787,,3,15750.0,4725.0,42525.0
3505,1161,1,,1,709,2384,2844,1,12000.0,600.0,11400.0
3506,423,1,,1,520,310,2352,3,12000.0,3600.0,32400.0
3507,52,1,,2,375,1047,,2,15750.0,0.0,31500.0
3508,1112,1,,1,939,1065,1827,2,12000.0,480.0,23520.0
3509,1112,1,,1,939,1065,1827,1,12600.0,252.0,12348.0
3510,1046,1,,2,610,450,1472,2,15000.0,600.0,29400.0
3511,555,2,3,2,726,3,2451,3,15000.0,900.0,44100.0
3512,555,2,3,1,726,3,2451,3,12000.0,720.0,35280.0
3513,24,1,,2,784,3173,1095,2,15000.0,1500.0,28500.0
3514,506,2,2,1,497,2,600,2,12000.0,1200.0,22800.0
3515,1211,1,,1,702,74,2722,1,10800.0,216.0,10584.0
3516,1211,1,,1,702,74,2722,2,12000.0,1200.0,22800.0
3517,859,1,,2,564,2355,2911,2,16500.0,1650.0,31350.0
3518,859,1,,2,564,2355,2911,1,15750.0,0.0,15750.0
3519,1376,1,,2,680,882,226,1,13500.0,1350.0,12150.0
3520,83,2,1,1,886,1,,3,12600.0,3780.0,34020.0
3521,83,2,1,2,886,1,,2,15000.0,600.0,29400.0
3522,284,1,,1,973,1706,2039,3,12000.0,3600.0,32400.0
3523,517,2,1,1,764,1,880,1,12000.0,600.0,11400.0
3524,521,2,1,2,462,1,855,3,15000.0,2250.0,42750.0
3525,585,1,,2,391,1233,416,3,15000.0,4500.0,40500.0
3526,585,1,,1,391,1233,416,2,13200.0,0.0,26400.0
3527,282,2,3,2,590,3,1981,3,15000.0,900.0,44100.0
3528,1234,2,1,1,860,1,1727,2,13200.0,1320.0,25080.0
3529,1350,2,4,1,519,4,3077,3,12000.0,720.0,35280.0
3530,1350,2,4,1,519,4,3077,3,12000.0,0.0,36000.0
3531,1350,2,4,2,519,4,3077,1,15000.0,1500.0,13500.0
3532,31,1,,2,855,45,2971,3,16500.0,4950.0,44550.0
3533,31,1,,1,855,45,2971,3,12000.0,720.0,35280.0
3534,1356,1,,2,724,31,2367,2,15000.0,3000.0,27000.0
3535,1392,1,,1,804,1999,2436,2,10800.0,432.0,21168.0
3536,702,2,4,2,840,4,,2,13500.0,540.0,26460.0
3537,1414,1,,1,386,1536,2232,1,12000.0,0.0,12000.0
3538,216,1,,2,569,1566,44,2,15750.0,3150.0,28350.0
3539,87,1,,2,786,781,1356,1,16500.0,1650.0,14850.0
3540,173,2,2,2,581,2,2333,2,15000.0,0.0,30000.0
3541,767,2,2,2,398,2,2503,1,13500.0,270.0,13230.0
3542,49,1,,2,1001,2812,3076,2,15000.0,0.0,30000.0
3543,49,1,,2,1001,2812,3076,3,15750.0,0.0,47250.0
3544,706,1,,2,734,2407,,3,16500.0,0.0,49500.0
3545,1456,1,,1,715,1944,468,1,12000.0,1200.0,10800.0
3546,1456,1,,2,715,1944,468,2,15000.0,1500.0,28500.0
3547,87,2,1,1,992,1,,2,10800.0,432.0,21168.0
3548,1066,2,3,1,793,3,2229,3,10800.0,1620.0,30780.0
3549,1398,2,3,1,490,3,1771,1,10800.0,0.0,10800.0
3550,544,1,,2,620,1899,2103,2,15000.0,600.0,29400.0
3551,544,1,,1,620,1899,2103,3,12000.0,0.0,36000.0
3552,135,1,,2,497,632,1604,2,15000.0,1500.0,28500.0
3553,806,1,,2,737,384,2596,2,15000.0,600.0,29400.0
3554,1230,1,,1,855,1660,2950,1,12000.0,600.0,11400.0
3555,1230,1,,1,855,1660,2950,2,12000.0,0.0,24000.0
3556,995,1,,1,430,318,2428,3,12000.0,720.0,35280.0
3557,995,1,,1,430,318,2428,3,10800.0,1620.0,30780.0
3558,629,2,1,1,848,1,1465,3,12000.0,720.0,35280.0
3559,1312,1,,2,547,1893,2403,1,15000.0,750.0,14250.0
3560,1339,1,,2,763,2903,2365,1,15000.0,0.0,15000.0
3561,1339,1,,1,763,2903,2365,2,12000.0,0.0,24000.0
3562,1172,2,3,2,692,3,457,1,15750.0,787.5,14962.5
3563,1064,2,3,1,378,3,2515,1,12000.0,1200.0,10800.0
3564,913,2,2,2,948,2,,1,15000.0,1500.0,13500.0
3565,295,1,,2,916,1179,606,3,15000.0,0.0,45000.0
3566,461,1,,2,664,2431,2298,3,15000.0,900.0,44100.0
3567,326,1,,1,909,2606,249,3,10800.0,1620.0,30780.0
3568,326,1,,2,909,2606,249,3,15000.0,4500.0,40500.0
3569,326,1,,2,909,2606,249,1,15000.0,300.0,14700.0
3570,971,1,,2,459,2904,3158,2,16500.0,660.0,32340.0
3571,971,1,,2,459,2904,3158,2,15000.0,0.0,30000.0
3572,70,2,4,2,534,4,2936,2,16500.0,660.0,32340.0
3573,415,1,,2,428,113,809,1,15000.0,750.0,14250.0
3574,292,2,3,2,430,3,870,1,15000.0,750.0,14250.0
3575,717,1,,1,991,518,718,3,12000.0,720.0,35280.0
3576,717,1,,1,991,518,718,1,12000.0,240.0,11760.0
3577,904,1,,1,974,2542,310,3,12000.0,3600.0,32400.0
3578,904,1,,1,974,2542,310,1,12600.0,0.0,12600.0
3579,904,1,,1,974,2542,310,2,12000.0,480.0,23520.0
3580,437,1,,1,995,3041,1778,3,12600.0,1890.0,35910.0
3581,437,1,,2,995,3041,1778,2,15750.0,0.0,31500.0
3582,1396,2,3,2,964,3,1607,2,13500.0,1350.0,25650.0
3583,393,1,,2,889,1081,595,2,15000.0,0.0,30000.0
3584,1289,1,,2,997,3023,,3,15000.0,0.0,45000.0
3585,1289,1,,2,997,3023,,2,13500.0,1350.0,25650.0
3586,394,2,3,1,551,3,1839,1,12000.0,1200.0,10800.0
3587,1413,2,2,1,708,2,125,2,12000.0,480.0,23520.0
3588,1413,2,2,1,708,2,125,3,12000.0,720.0,35280.0
3589,1157,2,1,2,595,1,813,2,15750.0,0.0,31500.0
3590,1157,2,1,2,595,1,813,1,15000.0,300.0,14700.0
3591,1308,1,,2,986,1048,3126,3,15000.0,4500.0,40500.0
3592,1308,1,,1,986,1048,3126,2,12600.0,2520.0,22680.0
3593,628,1,,1,647,560,,1,10800.0,540.0,10260.0
3594,317,1,,2,707,1202,152,3,15750.0,2362.5,44887.5
3595,55,2,1,2,555,1,1955,3,16500.0,990.0,48510.0
3596,339,2,1,1,932,1,2289,3,12000.0,3600.0,32400.0
3597,339,2,1,1,932,1,2289,1,10800.0,540.0,10260.0
3598,1277,1,,2,720,843,2019,1,16500.0,0.0,16500.0
3599,1277,1,,1,720,843,2019,2,12000.0,480.0,23520.0
3600,823,1,,1,460,2717,1249,3,12000.0,720.0,35280.0
3601,272,1,,1,442,3103,1149,3,12000.0,0.0,36000.0
3602,1147,1,,1,551,1075,2543,2,12000.0,480.0,23520.0
3603,1147,1,,1,551,1075,2543,2,13200.0,0.0,26400.0
3604,594,2,1,1,740,1,2923,2,12000.0,2400.0,21600.0
3605,639,1,,1,716,2786,2534,2,13200.0,2640.0,23760.0
3606,172,1,,2,980,2712,877,1,15750.0,315.0,15435.0
3607,1182,1,,2,974,263,1818,1,15750.0,0.0,15750.0
3608,35,1,,2,765,1984,2445,1,16500.0,0.0,16500.0
3609,572,2,1,1,412,1,820,2,12000.0,2400.0,21600.0
3610,572,2,1,2,412,1,820,1,15750.0,1575.0,14175.0
3611,816,1,,1,756,1934,549,2,12000.0,480.0,23520.0
3612,816,1,,1,756,1934,549,1,12000.0,600.0,11400.0
3613,359,1,,2,527,1859,,3,15000.0,900.0,44100.0
3614,359,1,,1,527,1859,,1,12000.0,0.0,12000.0
3615,272,1,,2,873,2022,1691,2,16500.0,1650.0,31350.0
3616,272,1,,1,873,2022,1691,1,12000.0,240.0,11760.0
3617,402,2,4,1,904,4,2875,1,10800.0,216.0,10584.0
3618,1137,1,,1,448,2260,446,2,12600.0,2520.0,22680.0
3619,1267,2,3,1,531,3,1797,1,12000.0,600.0,11400.0
3620,1267,2,3,1,531,3,1797,3,12000.0,0.0,36000.0
3621,1267,2,3,2,531,3,1797,3,15000.0,4500.0,40500.0
3622,603,1,,1,686,358,1035,3,12000.0,0.0,36000.0
3623,606,2,4,1,624,4,2773,2,12000.0,2400.0,21600.0
3624,1268,1,,2,714,2501,4,2,15000.0,0.0,30000.0
3625,1393,1,,1,959,829,593,1,12600.0,0.0,12600.0
3626,1486,1,,2,922,3037,,3,16500.0,990.0,48510.0
3627,1453,1,,2,834,2136,,1,15000.0,1500.0,13500.0
3628,1352,1,,1,693,2763,950,2,12000.0,1200.0,22800.0
3629,1357,2,1,1,459,1,257,3,12000.0,1800.0,34200.0
3630,725,2,1,1,751,1,2200,1,12000.0,600.0,11400.0
3631,260,2,3,2,983,3,2396,2,16500.0,660.0,32340.0
3632,378,2,3,1,764,3,2065,3,12000.0,0.0,36000.0
3633,378,2,3,2,764,3,2065,2,15000.0,3000.0,27000.0
3634,1425,1,,2,748,2512,2015,1,15000.0,300.0,14700.0
3635,1425,1,,1,748,2512,2015,3,13200.0,3960.0,35640.0
3636,1425,1,,1,748,2512,2015,3,12000.0,3600.0,32400.0
3637,85,1,,2,553,1308,1839,3,15000.0,2250.0,42750.0
3638,85,1,,1,553,1308,1839,3,12600.0,0.0,37800.0
3639,1313,2,3,2,983,3,2604,3,16500.0,4950.0,44550.0
3640,704,2,4,1,749,4,1268,3,12000.0,0.0,36000.0
3641,704,2,4,1,749,4,1268,2,12000.0,2400.0,21600.0
3642,1133,2,2,1,653,2,2045,2,10800.0,1080.0,20520.0
3643,1133,2,2,1,653,2,2045,2,12000.0,2400.0,21600.0
3644,176,1,,1,785,252,2738,2,12000.0,2400.0,21600.0
3645,176,1,,2,785,252,2738,3,16500.0,2475.0,47025.0
3646,264,1,,1,557,2499,1171,2,12000.0,1200.0,22800.0
3647,264,1,,1,557,2499,1171,1,10800.0,216.0,10584.0
3648,882,2,1,1,507,1,,2,12600.0,2520.0,22680.0
3649,882,2,1,1,507,1,,2,12000.0,1200.0,22800.0
3650,529,1,,2,981,1653,174,1,13500.0,675.0,12825.0
3651,529,1,,2,981,1653,174,1,15000.0,0.0,15000.0
3652,529,1,,2,981,1653,174,2,16500.0,0.0,33000.0
3653,511,2,1,2,549,1,2207,3,13500.0,4050.0,36450.0
3654,1192,2,4,2,665,4,,3,13500.0,0.0,40500.0
3655,866,2,2,2,891,2,996,2,15750.0,630.0,30870.0
3656,147,1,,1,816,2217,1569,3,12000.0,1800.0,34200.0
3657,846,2,2,1,379,2,972,3,12600.0,0.0,37800.0
3658,487,1,,1,846,1511,2664,3,10800.0,1620.0,30780.0
3659,487,1,,1,846,1511,2664,3,12000.0,1800.0,34200.0
3660,1252,2,4,1,678,4,2493,1,12000.0,240.0,11760.0
3661,1252,2,4,1,678,4,2493,2,12000.0,0.0,24000.0
3662,746,2,1,1,680,1,2929,2,10800.0,0.0,21600.0
3663,746,2,1,1,680,1,2929,3,13200.0,792.0,38808.0
3664,746,2,1,1,680,1,2929,3,12000.0,720.0,35280.0
3665,760,1,,1,944,3115,1869,3,10800.0,1620.0,30780.0
3666,414,2,1,1,951,1,,2,13200.0,1320.0,25080.0
3667,414,2,1,1,951,1,,1,12600.0,252.0,12348.0
3668,180,2,3,2,523,3,3030,3,15000.0,900.0,44100.0
3669,180,2,3,1,523,3,3030,3,12000.0,3600.0,32400.0
3670,369,1,,2,541,346,2873,3,16500.0,4950.0,44550.0
3671,369,1,,1,541,346,2873,3,12600.0,756.0,37044.0
3672,1391,1,,1,710,3062,1029,2,13200.0,528.0,25872.0
3673,1391,1,,2,710,3062,1029,1,15750.0,0.0,15750.0
3674,1181,1,,1,540,381,3177,1,12600.0,0.0,12600.0
3675,841,1,,2,575,1336,300,1,15000.0,750.0,14250.0
3676,282,1,,1,818,2724,225,3,12000.0,3600.0,32400.0
3677,1491,1,,2,540,413,1998,1,15000.0,750.0,14250.0
3678,1491,1,,1,540,413,1998,2,10800.0,2160.0,19440.0
3679,1491,1,,1,540,413,1998,1,12000.0,240.0,11760.0
3680,787,2,2,2,603,2,921,1,15000.0,300.0,14700.0
3681,787,2,2,2,603,2,921,2,15000.0,600.0,29400.0
3682,484,2,2,2,902,2,68,1,15000.0,0.0,15000.0
3683,484,2,2,2,902,2,68,1,15000.0,0.0,15000.0
3684,559,1,,1,940,491,123,3,12600.0,1890.0,35910.0
3685,559,1,,2,940,491,123,2,13500.0,0.0,27000.0
3686,872,1,,1,877,3021,875,3,12000.0,720.0,35280.0
3687,568,1,,2,832,1138,,1,15000.0,0.0,15000.0
3688,578,2,1,1,975,1,2314,2,12000.0,0.0,24000.0
3689,291,2,1,1,435,1,2467,2,12000.0,2400.0,21600.0
3690,549,1,,1,781,311,3143,3,10800.0,648.0,31752.0
3691,511,1,,1,532,2059,749,3,12000.0,3600.0,32400.0
3692,185,1,,1,832,2384,817,1,10800.0,0.0,10800.0
3693,185,1,,1,832,2384,817,2,12000.0,2400.0,21600.0
3694,575,2,3,2,797,3,43,3,15000.0,2250.0,42750.0
3695,798,1,,2,521,853,1861,3,13500.0,810.0,39690.0
3696,1108,1,,2,685,471,3044,3,15000.0,0.0,45000.0
3697,1145,2,3,1,462,3,,3,12000.0,720.0,35280.0
3698,1145,2,3,2,462,3,,2,15000.0,0.0,30000.0
3699,1421,1,,2,857,1808,1322,2,13500.0,2700.0,24300.0
3700,613,1,,2,757,2529,1827,2,15000.0,600.0,29400.0
3701,613,1,,2,757,2529,1827,1,15750.0,787.5,14962.5
3702,67,2,1,2,831,1,2983,3,15000.0,900.0,44100.0
3703,415,1,,2,905,1526,579,3,16500.0,2475.0,47025.0
3704,1101,2,2,1,445,2,900,2,12000.0,2400.0,21600.0
3705,939,1,,2,830,1678,1007,3,13500.0,810.0,39690.0
3706,700,1,,1,644,141,2301,3,12600.0,0.0,37800.0
3707,258,1,,1,787,2573,1293,2,10800.0,0.0,21600.0
3708,623,1,,1,897,1446,96,1,13200.0,660.0,12540.0
3709,623,1,,2,897,1446,96,3,13500.0,0.0,40500.0
3710,164,1,,1,863,589,256,3,12000.0,3600.0,32400.0
3711,164,1,,1,863,589,256,1,12000.0,1200.0,10800.0
3712,684,2,2,1,781,2,1431,1,12000.0,0.0,12000.0
3713,271,2,4,1,830,4,2199,3,12600.0,1890.0,35910.0
3714,816,2,4,1,657,4,3139,1,12600.0,630.0,11970.0
3715,1449,2,3,2,593,3,,1,15000.0,300.0,14700.0
3716,1293,1,,2,882,1596,,1,15000.0,750.0,14250.0
3717,1097,1,,2,923,2485,182,1,15000.0,300.0,14700.0
3718,1184,2,1,1,379,1,2827,1,13200.0,1320.0,11880.0
3719,877,2,4,2,559,4,529,3,15000.0,0.0,45000.0
3720,877,2,4,1,559,4,529,2,12000.0,1200.0,22800.0
3721,475,2,3,2,517,3,2072,1,15000.0,0.0,15000.0
3722,1287,2,2,1,861,2,323,1,12000.0,600.0,11400.0
3723,1287,2,2,2,861,2,323,3,16500.0,2475.0,47025.0
3724,1113,1,,2,805,325,582,1,15000.0,1500.0,13500.0
3725,1113,1,,1,805,325,582,1,12000.0,0.0,12000.0
3726,1048,1,,1,989,899,980,2,13200.0,1320.0,25080.0
3727,300,1,,2,968,537,2574,2,15000.0,0.0,30000.0
3728,175,1,,2,739,1526,1160,2,15000.0,3000.0,27000.0
3729,514,1,,1,807,946,1066,1,13200.0,1320.0,11880.0
3730,514,1,,1,807,946,1066,2,12000.0,1200.0,22800.0
3731,1448,1,,1,484,1605,,2,12000.0,480.0,23520.0
3732,1361,2,1,2,976,1,954,1,16500.0,330.0,16170.0
3733,883,2,4,1,518,4,268,2,12000.0,2400.0,21600.0
3734,302,2,1,1,708,1,3111,2,12000.0,1200.0,22800.0
3735,638,1,,1,548,618,2972,1,10800.0,0.0,10800.0
3736,638,1,,1,548,618,2972,1,12600.0,1260.0,11340.0
3737,638,1,,2,548,618,2972,1,15750.0,315.0,15435.0
3738,537,1,,1,948,2040,166,1,12000.0,0.0,12000.0
3739,922,1,,2,644,1374,,1,16500.0,825.0,15675.0
3740,740,2,3,1,708,3,1028,1,12000.0,600.0,11400.0
3741,1474,1,,1,580,1011,2689,3,12000.0,0.0,36000.0
3742,1234,1,,1,742,434,512,1,10800.0,0.0,10800.0
3743,1234,1,,1,742,434,512,2,13200.0,0.0,26400.0
3744,1095,1,,2,725,1094,980,3,16500.0,4950.0,44550.0
3745,1095,1,,2,725,1094,980,2,13500.0,540.0,26460.0
3746,610,1,,1,533,2093,166,3,13200.0,0.0,39600.0
3747,610,1,,1,533,2093,166,3,12000.0,720.0,35280.0
3748,1326,2,1,1,862,1,,1,12000.0,1200.0,10800.0
3749,1267,1,,1,799,2236,152,3,12000.0,3600.0,32400.0
3750,694,2,2,2,778,2,682,2,13500.0,0.0,27000.0
3751,373,2,3,1,450,3,,2,12000.0,1200.0,22800.0
3752,373,2,3,2,450,3,,1,15000.0,0.0,15000.0
3753,1068,1,,1,717,1909,3158,1,12000.0,600.0,11400.0
3754,1068,1,,2,717,1909,3158,1,15000.0,750.0,14250.0
3755,1068,1,,2,717,1909,3158,3,15000.0,900.0,44100.0
3756,1209,1,,2,475,2036,3061,1,13500.0,675.0,12825.0
3757,1209,1,,1,475,2036,3061,3,12000.0,3600.0,32400.0
3758,1370,1,,1,585,654,1802,2,10800.0,432.0,21168.0
3759,357,2,2,1,684,2,1310,1,12000.0,1200.0,10800.0
3760,1071,1,,2,978,1556,131,1,15000.0,1500.0,13500.0
3761,1110,1,,1,419,1590,847,2,13200.0,2640.0,23760.0
3762,896,2,2,1,939,2,1638,3,12000.0,720.0,35280.0
3763,1084,2,4,1,906,4,2875,3,12000.0,720.0,35280.0
3764,1084,2,4,1,906,4,2875,3,13200.0,792.0,38808.0
3765,463,1,,1,715,516,1275,3,12000.0,720.0,35280.0
3766,1090,1,,1,449,2652,1976,3,10800.0,0.0,32400.0
3767,1090,1,,2,449,2652,1976,2,15000.0,3000.0,27000.0
3768,462,2,2,1,713,2,,1,13200.0,660.0,12540.0
3769,462,2,2,2,713,2,,2,13500.0,540.0,26460.0
3770,462,2,2,1,713,2,,3,12000.0,3600.0,32400.0
3771,918,2,3,2,562,3,2558,1,15000.0,750.0,14250.0
3772,717,1,,2,512,2415,2002,1,15000.0,300.0,14700.0
3773,1418,2,4,2,641,4,,3,15000.0,0.0,45000.0
3774,1083,2,2,1,977,2,2817,3,12000.0,0.0,36000.0
3775,444,2,4,2,863,4,359,2,16500.0,0.0,33000.0
3776,411,1,,1,626,445,,3,10800.0,3240.0,29160.0
3777,183,1,,2,621,1499,1965,2,15750.0,0.0,31500.0
3778,414,1,,1,725,2807,2580,1,12000.0,1200.0,10800.0
3779,19,1,,2,463,731,903,1,15000.0,1500.0,13500.0
3780,276,1,,1,550,2334,344,2,12000.0,0.0,24000.0
3781,276,1,,2,550,2334,344,1,15000.0,300.0,14700.0
3782,798,1,,1,788,1510,1890,3,13200.0,1980.0,37620.0
3783,1384,1,,2,1000,2874,2601,2,15000.0,3000.0,27000.0
3784,1384,1,,2,1000,2874,2601,3,15000.0,900.0,44100.0
3785,1384,1,,1,1000,2874,2601,3,13200.0,3960.0,35640.0
3786,757,2,3,1,884,3,1728,1,12000.0,1200.0,10800.0
3787,757,2,3,2,884,3,1728,3,15750.0,945.0,46305.0
3788,757,2,3,2,884,3,1728,3,15000.0,4500.0,40500.0
3789,961,2,4,1,524,4,764,3,13200.0,0.0,39600.0
3790,1111,2,4,1,723,4,2634,3,12600.0,0.0,37800.0
3791,624,1,,2,672,748,2377,3,15000.0,4500.0,40500.0
3792,1300,1,,1,947,964,468,1,12000.0,1200.0,10800.0
3793,183,2,2,2,859,2,412,2,15750.0,3150.0,28350.0
3794,448,1,,1,772,408,1373,2,12600.0,2520.0,22680.0
3795,448,1,,1,772,408,1373,2,10800.0,0.0,21600.0
3796,768,1,,2,992,1115,2515,1,15750.0,1575.0,14175.0
3797,85,2,4,2,558,4,2923,3,15750.0,0.0,47250.0
3798,1103,1,,2,647,793,,2,15000.0,0.0,30000.0
3799,472,1,,2,488,2019,51,1,15000.0,0.0,15000.0
3800,2,1,,1,967,581,793,1,12000.0,0.0,12000.0
3801,1003,1,,2,420,3184,884,3,15000.0,900.0,44100.0
3802,69,2,2,1,911,2,1718,3,12000.0,1800.0,34200.0
3803,310,1,,1,752,1686,2161,3,12000.0,0.0,36000.0
3804,639,2,2,1,879,2,471,1,12000.0,240.0,11760.0
3805,159,1,,2,866,1780,2795,2,15000.0,3000.0,27000.0
3806,388,1,,1,860,2200,2054,1,12600.0,0.0,12600.0
3807,870,1,,1,718,1026,1493,3,10800.0,3240.0,29160.0
3808,551,1,,1,909,2011,2645,3,12000.0,3600.0,32400.0
3809,434,1,,2,643,1286,1766,1,15000.0,300.0,14700.0
3810,434,1,,2,643,1286,1766,3,15000.0,900.0,44100.0
3811,434,1,,1,643,1286,1766,3,12000.0,0.0,36000.0
3812,810,1,,2,994,1028,1562,3,15000.0,0.0,45000.0
3813,1320,2,1,2,907,1,2982,2,15000.0,3000.0,27000.0
3814,1320,2,1,1,907,1,2982,2,10800.0,432.0,21168.0
3815,634,1,,2,934,622,2154,3,15750.0,4725.0,42525.0
3816,634,1,,2,934,622,2154,3,15000.0,0.0,45000.0
3817,334,1,,2,614,843,1135,2,15750.0,3150.0,28350.0
3818,334,1,,2,614,843,1135,2,13500.0,1350.0,25650.0
3819,495,1,,1,932,1324,,2,12000.0,1200.0,22800.0
3820,495,1,,2,932,1324,,2,16500.0,660.0,32340.0
3821,1227,1,,1,514,3199,1763,1,12000.0,240.0,11760.0
3822,637,2,4,1,371,4,1395,3,12000.0,0.0,36000.0
3823,304,1,,1,648,2564,928,3,10800.0,648.0,31752.0
3824,695,1,,2,599,45,436,2,15000.0,1500.0,28500.0
3825,695,1,,2,599,45,436,2,15000.0,3000.0,27000.0
3826,695,1,,2,599,45,436,3,13500.0,810.0,39690.0
3827,899,2,2,1,566,2,932,3,12000.0,720.0,35280.0
3828,1296,1,,2,393,20,2807,2,13500.0,540.0,26460.0
3829,94,2,1,1,478,1,2309,3,12000.0,0.0,36000.0
3830,94,2,1,1,478,1,2309,3,12000.0,3600.0,32400.0
3831,820,2,4,1,792,4,20,1,12000.0,600.0,11400.0
3832,618,2,4,2,418,4,1092,2,15750.0,0.0,31500.0
3833,1327,1,,2,765,1538,1025,2,15750.0,0.0,31500.0
3834,1327,1,,1,765,1538,1025,2,12000.0,2400.0,21600.0
3835,4,1,,2,778,2859,1277,1,15000.0,0.0,15000.0
3836,1131,1,,1,980,2142,21,1,12000.0,600.0,11400.0
3837,635,1,,2,472,1237,2339,2,15750.0,3150.0,28350.0
3838,1458,1,,2,920,1805,750,1,15000.0,1500.0,13500.0
3839,612,1,,2,976,1449,1399,3,15000.0,4500.0,40500.0
3840,612,1,,1,976,1449,1399,2,13200.0,2640.0,23760.0
3841,802,1,,2,986,2672,2499,1,15000.0,300.0,14700.0
3842,802,1,,1,986,2672,2499,3,12000.0,720.0,35280.0
3843,378,1,,2,638,857,5,3,15000.0,2250.0,42750.0
3844,378,1,,2,638,857,5,2,15000.0,3000.0,27000.0
3845,895,2,2,2,926,2,,1,16500.0,330.0,16170.0
3846,1171,2,4,1,927,4,2832,3,12000.0,1800.0,34200.0
3847,812,2,2,2,610,2,2330,2,15000.0,1500.0,28500.0
3848,334,1,,1,793,244,2892,3,12600.0,3780.0,34020.0
3849,334,1,,1,793,244,2892,2,12000.0,2400.0,21600.0
3850,204,1,,1,603,1570,330,1,12000.0,240.0,11760.0
3851,204,1,,2,603,1570,330,3,13500.0,4050.0,36450.0
3852,77,2,1,2,835,1,3038,3,13500.0,2025.0,38475.0
3853,1409,2,2,1,601,2,2890,1,12000.0,1200.0,10800.0
3854,1409,2,2,2,601,2,2890,2,15000.0,0.0,30000.0
3855,1409,2,2,2,601,2,2890,1,15000.0,750.0,14250.0
3856,700,1,,1,932,898,689,2,13200.0,528.0,25872.0
3857,442,2,4,2,907,4,1003,3,13500.0,2025.0,38475.0
3858,562,1,,1,893,2304,,3,12000.0,1800.0,34200.0
3859,184,1,,1,566,2170,2744,3,10800.0,1620.0,30780.0
3860,1195,2,4,2,773,4,,1,15000.0,1500.0,13500.0
3861,1195,2,4,1,773,4,,1,12000.0,600.0,11400.0
3862,1357,2,4,1,949,4,2975,3,12600.0,1890.0,35910.0
3863,1357,2,4,1,949,4,2975,3,12000.0,0.0,36000.0
3864,808,1,,1,646,585,2078,3,12600.0,1890.0,35910.0
3865,808,1,,2,646,585,2078,3,16500.0,2475.0,47025.0
3866,175,1,,2,434,2092,1209,3,15750.0,0.0,47250.0
3867,1042,1,,2,909,2394,2722,3,13500.0,4050.0,36450.0
3868,384,2,3,2,910,3,,1,15000.0,1500.0,13500.0
3869,46,2,2,1,409,2,1361,3,12600.0,0.0,37800.0
3870,46,2,2,2,409,2,1361,1,15750.0,315.0,15435.0
3871,185,2,2,2,847,2,2499,1,15750.0,0.0,15750.0
3872,185,2,2,2,847,2,2499,3,15000.0,4500.0,40500.0
3873,275,1,,2,517,1122,2488,2,15000.0,3000.0,27000.0
3874,749,1,,1,490,1007,2681,2,12000.0,480.0,23520.0
3875,749,1,,1,490,1007,2681,2,10800.0,1080.0,20520.0
3876,54,1,,1,549,862,583,2,10800.0,432.0,21168.0
3877,54,1,,1,549,862,583,3,12600.0,3780.0,34020.0
3878,192,1,,1,817,11,2837,2,10800.0,1080.0,20520.0
3879,707,2,2,1,645,2,,2,12600.0,0.0,25200.0
3880,502,2,2,2,757,2,312,2,15000.0,600.0,29400.0
3881,67,2,1,1,468,1,739,1,13200.0,264.0,12936.0
3882,67,2,1,1,468,1,739,1,12000.0,1200.0,10800.0
3883,1198,1,,1,600,1891,1856,2,12600.0,0.0,25200.0
3884,1198,1,,2,600,1891,1856,2,15000.0,1500.0,28500.0
3885,334,2,2,1,604,2,2237,2,12000.0,0.0,24000.0
3886,334,2,2,2,604,2,2237,1,15750.0,315.0,15435.0
3887,686,2,2,2,649,2,837,2,15000.0,0.0,30000.0
3888,1406,2,1,2,802,1,1108,1,15000.0,0.0,15000.0
3889,1168,1,,1,619,778,999,3,13200.0,0.0,39600.0
3890,1458,2,1,1,519,1,2709,3,12000.0,0.0,36000.0
3891,822,2,3,1,666,3,2813,1,12000.0,600.0,11400.0
3892,916,1,,1,637,1885,2151,3,10800.0,648.0,31752.0
3893,129,2,4,1,439,4,1175,1,10800.0,0.0,10800.0
3894,952,2,4,2,448,4,1361,1,15000.0,300.0,14700.0
3895,1153,2,4,1,569,4,1569,2,10800.0,2160.0,19440.0
3896,1153,2,4,1,569,4,1569,2,12000.0,1200.0,22800.0
3897,1441,1,,2,918,19,1650,3,15000.0,900.0,44100.0
3898,1441,1,,1,918,19,1650,2,12000.0,0.0,24000.0
3899,399,2,3,1,394,3,965,2,12000.0,0.0,24000.0
3900,884,2,2,2,411,2,2158,1,15000.0,750.0,14250.0
3901,503,1,,2,800,1906,1039,2,15000.0,3000.0,27000.0
3902,53,2,4,1,583,4,2983,1,12000.0,600.0,11400.0
3903,1206,1,,1,784,551,2516,3,12000.0,3600.0,32400.0
3904,1206,1,,2,784,551,2516,1,15000.0,750.0,14250.0
3905,591,2,3,2,846,3,500,2,15000.0,0.0,30000.0
3906,591,2,3,2,846,3,500,1,15000.0,0.0,15000.0
3907,40,1,,1,893,1274,3062,1,13200.0,1320.0,11880.0
3908,40,1,,2,893,1274,3062,1,13500.0,675.0,12825.0
3909,596,2,4,2,386,4,2618,2,13500.0,2700.0,24300.0
3910,832,1,,1,395,3012,3157,3,12000.0,3600.0,32400.0
3911,542,1,,2,647,2250,1251,3,15000.0,2250.0,42750.0
3912,542,1,,2,647,2250,1251,2,13500.0,2700.0,24300.0
3913,542,1,,1,647,2250,1251,2,12600.0,1260.0,23940.0
3914,748,2,1,1,527,1,2726,1,10800.0,216.0,10584.0
3915,748,2,1,1,527,1,2726,1,12000.0,240.0,11760.0
3916,760,2,1,2,437,1,3094,3,15000.0,4500.0,40500.0
3917,1272,2,1,1,818,1,3186,3,10800.0,1620.0,30780.0
3918,1330,2,2,1,762,2,624,1,13200.0,0.0,13200.0
3919,984,1,,2,829,3148,3028,1,15000.0,300.0,14700.0
3920,1208,1,,2,867,2471,,1,13500.0,1350.0,12150.0
3921,1208,1,,1,867,2471,,2,12000.0,0.0,24000.0
3922,623,2,1,2,823,1,1706,3,15750.0,2362.5,44887.5
3923,623,2,1,1,823,1,1706,3,10800.0,3240.0,29160.0
3924,1056,1,,2,704,778,2051,2,13500.0,2700.0,24300.0
3925,953,1,,2,501,2923,1252,2,15750.0,0.0,31500.0
3926,687,2,4,1,782,4,2185,1,12600.0,252.0,12348.0
3927,722,2,1,2,686,1,2079,3,13500.0,810.0,39690.0
3928,39,1,,2,611,2245,1852,3,15000.0,4500.0,40500.0
3929,1035,1,,1,635,1956,725,2,10800.0,432.0,21168.0
3930,1245,1,,1,893,1297,,1,12000.0,240.0,11760.0
3931,892,1,,1,420,1545,544,2,12600.0,504.0,24696.0
3932,1246,1,,2,643,428,2938,1,15750.0,315.0,15435.0
3933,1246,1,,2,643,428,2938,1,13500.0,270.0,13230.0
3934,1271,2,4,2,393,4,1867,1,15000.0,1500.0,13500.0
3935,1418,1,,2,593,577,2727,1,15000.0,750.0,14250.0
3936,1256,1,,1,561,1548,2425,3,13200.0,1980.0,37620.0
3937,1061,2,1,2,911,1,2219,2,16500.0,660.0,32340.0
3938,743,2,4,2,752,4,1188,1,13500.0,0.0,13500.0
3939,1050,1,,1,998,1499,2159,1,12000.0,600.0,11400.0
3940,1050,1,,1,998,1499,2159,3,12000.0,0.0,36000.0
3941,1050,1,,1,998,1499,2159,2,12000.0,1200.0,22800.0
3942,1028,1,,1,906,701,3140,3,12600.0,1890.0,35910.0
3943,920,1,,2,585,98,1043,3,15000.0,4500.0,40500.0
3944,1208,1,,1,669,574,,2,12000.0,0.0,24000.0
3945,1208,1,,2,669,574,,3,15000.0,2250.0,42750.0
3946,489,1,,2,1001,2558,443,2,16500.0,3300.0,29700.0
3947,1272,2,3,1,610,3,309,1,10800.0,0.0,10800.0
3948,1079,1,,1,603,2841,571,2,12000.0,1200.0,22800.0
3949,346,2,3,2,783,3,3197,2,15000.0,1500.0,28500.0
3950,253,1,,2,432,1580,1677,1,15000.0,0.0,15000.0
3951,428,2,1,2,618,1,2252,2,15000.0,600.0,29400.0
3952,428,2,1,1,618,1,2252,1,12000.0,240.0,11760.0
3953,312,2,1,1,895,1,178,1,12000.0,600.0,11400.0
3954,441,1,,2,973,2711,,1,15000.0,0.0,15000.0
3955,658,2,3,1,988,3,989,3,12000.0,1800.0,34200.0
3956,179,1,,2,400,1159,2152,2,15000.0,600.0,29400.0
3957,944,1,,1,404,741,637,1,12000.0,240.0,11760.0
3958,944,1,,1,404,741,637,2,12600.0,0.0,25200.0
3959,739,1,,1,843,1091,474,1,12600.0,630.0,11970.0
3960,1298,1,,1,850,3167,,1,12000.0,600.0,11400.0
3961,1298,1,,2,850,3167,,3,13500.0,2025.0,38475.0
3962,18,2,3,2,374,3,624,3,15000.0,0.0,45000.0
3963,615,2,1,2,397,1,369,1,15000.0,750.0,14250.0
3964,421,2,3,2,944,3,2550,3,13500.0,810.0,39690.0
3965,584,1,,1,617,854,,1,12000.0,1200.0,10800.0
3966,584,1,,2,617,854,,3,15000.0,900.0,44100.0
3967,173,1,,2,996,1544,1559,3,15750.0,0.0,47250.0
3968,928,1,,2,861,1070,382,1,15000.0,750.0,14250.0
3969,1351,2,2,1,876,2,,1,12000.0,1200.0,10800.0
3970,555,1,,2,894,259,2943,1,16500.0,825.0,15675.0
3971,61,1,,2,767,1184,1303,3,15000.0,2250.0,42750.0
3972,840,1,,2,684,2592,401,3,15000.0,2250.0,42750.0
3973,928,1,,2,910,2039,2098,1,15000.0,750.0,14250.0
3974,511,2,3,1,839,3,2314,1,12000.0,1200.0,10800.0
3975,511,2,3,1,839,3,2314,1,12000.0,0.0,12000.0
3976,1068,1,,1,405,1599,1847,3,10800.0,3240.0,29160.0
3977,409,1,,1,612,1376,3162,2,13200.0,2640.0,23760.0
3978,487,1,,1,369,308,2196,3,12000.0,1800.0,34200.0
3979,1188,2,1,2,953,1,343,2,13500.0,2700.0,24300.0
3980,157,1,,1,522,1128,2147,1,10800.0,216.0,10584.0
3981,747,2,1,2,990,1,1981,3,16500.0,4950.0,44550.0
3982,914,2,4,1,535,4,113,3,12000.0,1800.0,34200.0
3983,197,1,,1,484,2370,266,3,12000.0,1800.0,34200.0
3984,197,1,,2,484,2370,266,2,15000.0,0.0,30000.0
3985,294,1,,2,547,30,2370,1,13500.0,675.0,12825.0
3986,1411,1,,1,725,3161,1511,2,12000.0,2400.0,21600.0
3987,639,1,,2,410,1269,845,2,15000.0,3000.0,27000.0
3988,471,2,3,2,767,3,,3,15000.0,0.0,45000.0
3989,559,1,,1,553,1374,,3,12000.0,720.0,35280.0
3990,690,1,,1,662,1245,1059,3,12000.0,1800.0,34200.0
3991,690,1,,2,662,1245,1059,2,15750.0,1575.0,29925.0
3992,469,1,,1,721,2003,1990,2,12000.0,480.0,23520.0
3993,469,1,,1,721,2003,1990,2,13200.0,2640.0,23760.0
3994,214,1,,2,645,1373,1492,2,15000.0,0.0,30000.0
3995,200,1,,1,507,783,2642,3,12000.0,3600.0,32400.0
3996,1062,1,,2,588,851,3031,2,15000.0,0.0,30000.0
3997,224,2,2,1,494,2,3181,1,10800.0,0.0,10800.0
3998,224,2,2,1,494,2,3181,2,13200.0,0.0,26400.0
3999,672,1,,2,456,1913,1081,2,15000.0,0.0,30000.0
4000,335,1,,2,431,2869,2871,2,15750.0,0.0,31500.0
4001,335,1,,1,431,2869,2871,3,12000.0,0.0,36000.0
4002,924,2,3,2,392,3,,1,15750.0,315.0,15435.0
4003,924,2,3,1,392,3,,2,12000.0,2400.0,21600.0
4004,152,1,,1,623,84,,1,12000.0,600.0,11400.0
4005,1281,2,3,1,412,3,3057,1,12000.0,1200.0,10800.0
4006,1281,2,3,2,412,3,3057,3,15000.0,0.0,45000.0
4007,611,2,3,2,500,3,429,2,15750.0,630.0,30870.0
4008,611,2,3,1,500,3,429,2,12000.0,480.0,23520.0
4009,1324,1,,1,486,1040,1098,3,12000.0,3600.0,32400.0
4010,771,1,,1,950,3047,1026,1,13200.0,1320.0,11880.0
4011,771,1,,1,950,3047,1026,2,12000.0,2400.0,21600.0
4012,900,1,,1,837,2950,356,3,12000.0,1800.0,34200.0
4013,900,1,,1,837,2950,356,2,12000.0,1200.0,22800.0
4014,270,1,,1,911,121,986,2,10800.0,432.0,21168.0
4015,270,1,,1,911,121,986,1,12000.0,600.0,11400.0
4016,40,1,,2,752,1540,1896,2,13500.0,2700.0,24300.0
4017,28,1,,1,631,263,1453,2,10800.0,432.0,21168.0
4018,28,1,,2,631,263,1453,3,15000.0,4500.0,40500.0
4019,1342,1,,1,953,1674,299,1,12000.0,1200.0,10800.0
4020,1270,1,,2,438,1338,2129,1,15750.0,315.0,15435.0
4021,346,1,,1,768,860,2765,3,12000.0,1800.0,34200.0
4022,104,2,4,1,367,4,2365,3,12000.0,3600.0,32400.0
4023,607,1,,2,788,1238,2490,1,15000.0,0.0,15000.0
4024,1375,2,4,1,496,4,2059,1,12600.0,1260.0,11340.0
4025,1056,2,2,2,846,2,,2,16500.0,3300.0,29700.0
4026,1056,2,2,2,846,2,,1,15000.0,1500.0,13500.0
4027,194,1,,2,717,2609,1855,2,15000.0,600.0,29400.0
4028,194,1,,2,717,2609,1855,1,13500.0,270.0,13230.0
4029,194,1,,1,717,2609,1855,2,12000.0,0.0,24000.0
4030,1197,1,,2,804,2492,2224,1,15000.0,300.0,14700.0
4031,1197,1,,2,804,2492,2224,2,15750.0,3150.0,28350.0
4032,860,1,,1,407,1118,,3,12600.0,1890.0,35910.0
4033,267,1,,2,410,2710,2203,2,15750.0,3150.0,28350.0
4034,267,1,,2,410,2710,2203,2,16500.0,660.0,32340.0
4035,231,2,2,1,931,2,1675,1,10800.0,0.0,10800.0
4036,1025,1,,2,903,2212,1629,3,13500.0,2025.0,38475.0
4037,103,1,,2,410,2960,1556,1,15000.0,1500.0,13500.0
4038,103,1,,1,410,2960,1556,2,10800.0,432.0,21168.0
4039,103,1,,1,410,2960,1556,3,12000.0,1800.0,34200.0
4040,704,2,1,1,880,1,1752,2,12000.0,1200.0,22800.0
4041,704,2,1,2,880,1,1752,3,16500.0,2475.0,47025.0
4042,785,1,,1,366,695,280,1,12600.0,252.0,12348.0
4043,1054,1,,1,837,2620,646,1,12000.0,600.0,11400.0
4044,1054,1,,1,837,2620,646,1,12600.0,1260.0,11340.0
4045,800,2,2,2,757,2,497,1,15000.0,750.0,14250.0
4046,1266,1,,2,475,283,2667,2,16500.0,0.0,33000.0
4047,1387,1,,1,476,2966,2761,3,12600.0,1890.0,35910.0
4048,1223,2,2,2,846,2,857,2,15000.0,1500.0,28500.0
4049,663,1,,2,882,1820,2211,3,16500.0,2475.0,47025.0
4050,663,1,,2,882,1820,2211,1,15750.0,1575.0,14175.0
4051,161,1,,2,711,2464,1074,2,15750.0,3150.0,28350.0
4052,161,1,,2,711,2464,1074,1,13500.0,1350.0,12150.0
4053,493,2,4,2,665,4,779,2,15000.0,3000.0,27000.0
4054,1099,1,,1,495,2838,1255,2,10800.0,0.0,21600.0
4055,1099,1,,2,495,2838,1255,3,15000.0,900.0,44100.0
4056,1196,1,,1,579,2166,2437,2,12000.0,1200.0,22800.0
4057,1196,1,,2,579,2166,2437,1,15000.0,1500.0,13500.0
4058,1497,2,4,1,704,4,,1,12000.0,0.0,12000.0
4059,1497,2,4,1,704,4,,2,12000.0,480.0,23520.0
4060,408,1,,1,905,3190,296,2,12000.0,0.0,24000.0
4061,408,1,,2,905,3190,296,2,15000.0,1500.0,28500.0
4062,61,2,1,1,870,1,3191,2,12000.0,0.0,24000.0
4063,1447,1,,2,812,864,2277,3,15000.0,0.0,45000.0
4064,1447,1,,2,812,864,2277,1,15750.0,787.5,14962.5
4065,1447,1,,2,812,864,2277,2,15000.0,3000.0,27000.0
4066,514,2,2,2,874,2,2591,2,15750.0,1575.0,29925.0
4067,93,1,,2,911,2202,2612,3,15750.0,945.0,46305.0
4068,93,1,,1,911,2202,2612,1,12000.0,600.0,11400.0
4069,817,2,3,1,543,3,1460,3,10800.0,648.0,31752.0
4070,1085,2,4,1,423,4,3079,3,12000.0,1800.0,34200.0
4071,176,2,2,1,906,2,652,1,12600.0,252.0,12348.0
4072,176,2,2,2,906,2,652,2,15000.0,3000.0,27000.0
4073,176,2,2,2,906,2,652,1,15000.0,750.0,14250.0
4074,1177,1,,1,710,527,2179,3,12600.0,3780.0,34020.0
4075,1177,1,,2,710,527,2179,1,15000.0,750.0,14250.0
4076,1177,1,,2,710,527,2179,3,13500.0,4050.0,36450.0
4077,1253,1,,2,640,3083,2066,2,15750.0,3150.0,28350.0
4078,209,2,4,2,366,4,,3,16500.0,990.0,48510.0
4079,817,2,3,1,663,3,1980,2,13200.0,0.0,26400.0
4080,881,2,4,2,675,4,,3,15000.0,0.0,45000.0
4081,177,2,1,1,600,1,69,3,12000.0,720.0,35280.0
4082,177,2,1,2,600,1,69,1,15000.0,300.0,14700.0
4083,226,1,,1,967,773,704,2,12600.0,504.0,24696.0
4084,265,2,1,2,971,1,650,2,15000.0,1500.0,28500.0
4085,265,2,1,2,971,1,650,1,15000.0,300.0,14700.0
4086,265,2,1,2,971,1,650,1,15000.0,750.0,14250.0
4087,286,1,,2,918,738,1131,1,15000.0,300.0,14700.0
4088,652,1,,1,989,861,269,1,12600.0,252.0,12348.0
4089,558,2,4,1,709,4,3183,3,10800.0,1620.0,30780.0
4090,1009,1,,1,623,2103,1689,3,12600.0,3780.0,34020.0
4091,1009,1,,2,623,2103,1689,3,15750.0,4725.0,42525.0
4092,639,1,,2,829,1156,2941,3,15000.0,0.0,45000.0
4093,209,1,,2,778,1992,3130,2,15000.0,1500.0,28500.0
4094,55,1,,1,409,836,1740,1,12000.0,0.0,12000.0
4095,1428,2,3,1,600,3,2116,3,12000.0,720.0,35280.0
4096,726,2,1,1,980,1,1356,2,12600.0,1260.0,23940.0
4097,586,2,3,2,408,3,1160,2,15000.0,0.0,30000.0
4098,586,2,3,1,408,3,1160,1,12000.0,600.0,11400.0
4099,1447,1,,1,829,1078,1962,1,12600.0,1260.0,11340.0
4100,1447,1,,1,829,1078,1962,1,10800.0,540.0,10260.0
4101,447,1,,2,389,1390,1247,2,15000.0,1500.0,28500.0
4102,940,1,,1,978,2739,433,1,13200.0,0.0,13200.0
4103,26,2,2,2,410,2,665,3,15000.0,900.0,44100.0
4104,973,2,1,2,458,1,2247,3,15000.0,0.0,45000.0
4105,973,2,1,1,458,1,2247,1,12000.0,0.0,12000.0
4106,975,1,,2,818,1117,1062,3,15000.0,2250.0,42750.0
4107,203,2,1,2,471,1,568,2,15000.0,0.0,30000.0
4108,203,2,1,2,471,1,568,2,15000.0,0.0,30000.0
4109,481,1,,2,780,1411,1355,3,15000.0,4500.0,40500.0
4110,1372,2,1,1,608,1,,1,10800.0,1080.0,9720.0
4111,1372,2,1,1,608,1,,3,10800.0,0.0,32400.0
4112,667,1,,1,597,2970,3071,2,12000.0,2400.0,21600.0
4113,1312,2,3,1,408,3,2615,2,12600.0,504.0,24696.0
4114,1493,2,4,1,581,4,1724,2,12000.0,1200.0,22800.0
4115,1493,2,4,1,581,4,1724,1,12000.0,0.0,12000.0
4116,702,2,2,1,902,2,630,1,12000.0,0.0,12000.0
4117,582,1,,1,522,2091,3052,3,12600.0,3780.0,34020.0
4118,582,1,,1,522,2091,3052,3,12000.0,0.0,36000.0
4119,584,1,,1,551,2138,971,2,12000.0,480.0,23520.0
4120,584,1,,1,551,2138,971,2,12000.0,0.0,24000.0
4121,904,1,,1,624,1431,836,1,12000.0,0.0,12000.0
4122,342,1,,2,886,2619,3200,3,15000.0,4500.0,40500.0
4123,680,2,4,1,628,4,261,2,12000.0,2400.0,21600.0
4124,709,1,,1,784,149,2798,1,12000.0,0.0,12000.0
4125,521,1,,2,851,1780,609,3,15750.0,2362.5,44887.5
4126,289,2,2,2,652,2,1917,2,15000.0,1500.0,28500.0
4127,289,2,2,2,652,2,1917,2,15750.0,3150.0,28350.0
4128,289,2,2,1,652,2,1917,3,10800.0,1620.0,30780.0
4129,293,1,,1,667,2571,,1,12000.0,0.0,12000.0
4130,288,2,2,2,744,2,356,3,15000.0,2250.0,42750.0
4131,288,2,2,1,744,2,356,1,12000.0,0.0,12000.0
4132,1449,2,1,1,958,1,1217,1,12000.0,1200.0,10800.0
4133,1177,1,,1,993,1066,1850,3,12000.0,0.0,36000.0
4134,423,1,,2,799,722,475,1,15750.0,315.0,15435.0
4135,1399,2,2,1,975,2,2294,2,12000.0,480.0,23520.0
4136,1151,1,,1,921,1309,791,2,13200.0,528.0,25872.0
4137,1139,1,,2,440,1781,2296,1,15000.0,300.0,14700.0
4138,1261,1,,1,562,325,1373,1,12000.0,1200.0,10800.0
4139,739,1,,2,581,3157,2117,2,15750.0,3150.0,28350.0
4140,98,1,,1,440,2424,253,3,12000.0,720.0,35280.0
4141,1228,1,,2,604,252,2955,1,15000.0,300.0,14700.0
4142,1228,1,,1,604,252,2955,3,12000.0,720.0,35280.0
4143,206,2,1,1,937,1,376,1,12600.0,0.0,12600.0
4144,1235,1,,2,840,1642,122,3,15000.0,4500.0,40500.0
4145,1353,2,2,1,614,2,1056,1,12000.0,240.0,11760.0
4146,154,1,,2,791,2388,2921,3,15750.0,0.0,47250.0
4147,754,1,,2,755,1609,457,3,15000.0,0.0,45000.0
4148,368,1,,2,812,1696,131,2,15000.0,1500.0,28500.0
4149,1133,2,2,2,466,2,1208,3,15000.0,4500.0,40500.0
4150,1247,1,,2,526,720,864,2,13500.0,2700.0,24300.0
4151,1358,2,3,2,984,3,3197,1,13500.0,270.0,13230.0
4152,1358,2,3,2,984,3,3197,3,15000.0,2250.0,42750.0
4153,1358,2,3,2,984,3,3197,1,15750.0,315.0,15435.0
4154,1321,1,,1,608,1604,1549,1,12000.0,1200.0,10800.0
4155,201,2,4,2,747,4,2309,1,15000.0,0.0,15000.0
4156,603,2,2,1,598,2,1101,1,13200.0,660.0,12540.0
4157,813,2,4,2,932,4,2903,3,13500.0,0.0,40500.0
4158,813,2,4,1,932,4,2903,3,12000.0,1800.0,34200.0
4159,574,2,1,1,546,1,1389,1,12000.0,240.0,11760.0
4160,1165,2,1,2,590,1,1182,2,15000.0,0.0,30000.0
4161,413,1,,2,563,820,2203,3,15000.0,2250.0,42750.0
4162,212,1,,1,524,259,1698,1,12000.0,1200.0,10800.0
4163,212,1,,1,524,259,1698,1,12000.0,1200.0,10800.0
4164,822,1,,1,764,1264,2841,2,13200.0,1320.0,25080.0
4165,71,2,1,1,814,1,1041,1,12000.0,1200.0,10800.0
4166,647,1,,2,471,794,3180,2,13500.0,1350.0,25650.0
4167,233,1,,1,588,1720,1943,1,12000.0,1200.0,10800.0
4168,233,1,,1,588,1720,1943,2,12000.0,1200.0,22800.0
4169,199,1,,2,498,2773,2007,3,15000.0,0.0,45000.0
4170,353,2,1,2,383,1,,3,15000.0,2250.0,42750.0
4171,353,2,1,1,383,1,,2,13200.0,2640.0,23760.0
4172,1038,2,1,2,608,1,554,3,15000.0,4500.0,40500.0
4173,1192,1,,1,408,1810,1714,2,12000.0,2400.0,21600.0
4174,807,1,,1,942,1139,2000,3,12600.0,756.0,37044.0
4175,713,2,2,1,678,2,235,1,12000.0,0.0,12000.0
4176,442,1,,1,457,331,135,2,12000.0,0.0,24000.0
4177,152,1,,2,840,2387,2225,1,13500.0,1350.0,12150.0
4178,152,1,,2,840,2387,2225,3,15000.0,2250.0,42750.0
4179,520,2,3,1,524,3,2535,2,10800.0,432.0,21168.0
4180,858,1,,1,809,1580,2865,1,10800.0,1080.0,9720.0
4181,888,1,,1,681,1769,388,1,12000.0,0.0,12000.0
4182,888,1,,1,681,1769,388,3,12000.0,720.0,35280.0
4183,888,1,,2,681,1769,388,3,15000.0,2250.0,42750.0
4184,1367,2,4,2,772,4,1920,1,15000.0,1500.0,13500.0
4185,1367,2,4,2,772,4,1920,1,13500.0,270.0,13230.0
4186,1109,2,4,1,986,4,2725,2,13200.0,2640.0,23760.0
4187,1109,2,4,1,986,4,2725,3,12000.0,1800.0,34200.0
4188,1068,1,,1,858,2662,1624,2,12000.0,2400.0,21600.0
4189,994,2,3,2,398,3,412,1,15750.0,0.0,15750.0
4190,347,1,,1,703,2003,2065,1,12000.0,600.0,11400.0
4191,347,1,,1,703,2003,2065,2,13200.0,528.0,25872.0
4192,1388,2,2,1,605,2,1744,1,10800.0,1080.0,9720.0
4193,66,1,,1,991,2848,1106,1,13200.0,660.0,12540.0
4194,66,1,,2,991,2848,1106,1,13500.0,675.0,12825.0
4195,66,1,,1,991,2848,1106,1,12600.0,252.0,12348.0
4196,1124,1,,1,527,638,1211,1,10800.0,0.0,10800.0
4197,950,2,2,1,400,2,688,1,12000.0,240.0,11760.0
4198,950,2,2,2,400,2,688,2,13500.0,1350.0,25650.0
4199,950,2,2,2,400,2,688,1,15000.0,1500.0,13500.0
4200,588,1,,1,602,2121,1592,3,10800.0,648.0,31752.0
4201,949,1,,1,906,2336,2591,2,12000.0,2400.0,21600.0
4202,722,1,,1,882,683,194,2,12600.0,504.0,24696.0
4203,271,2,3,1,571,3,2262,2,13200.0,0.0,26400.0
4204,738,1,,2,718,569,2632,1,15000.0,0.0,15000.0
4205,1167,2,2,2,873,2,2607,2,15000.0,0.0,30000.0
4206,974,1,,1,624,2138,1807,1,12600.0,630.0,11970.0
4207,1473,2,3,1,988,3,1873,1,12000.0,1200.0,10800.0
4208,77,1,,1,622,126,2094,1,12000.0,600.0,11400.0
4209,77,1,,2,622,126,2094,2,16500.0,0.0,33000.0
4210,469,1,,2,409,346,,1,13500.0,1350.0,12150.0
4211,469,1,,2,409,346,,2,15750.0,3150.0,28350.0
4212,508,1,,1,884,1290,1547,3,12600.0,756.0,37044.0
4213,508,1,,1,884,1290,1547,1,12000.0,240.0,11760.0
4214,508,1,,1,884,1290,1547,1,12000.0,240.0,11760.0
4215,1293,2,2,1,488,2,2909,3,12000.0,3600.0,32400.0
4216,1293,2,2,1,488,2,2909,1,12600.0,630.0,11970.0
4217,717,1,,1,703,1625,2552,3,12000.0,0.0,36000.0
4218,717,1,,2,703,1625,2552,3,15000.0,2250.0,42750.0
4219,1233,1,,2,634,3194,2218,3,15000.0,4500.0,40500.0
4220,954,2,1,2,943,1,1375,1,16500.0,0.0,16500.0
4221,174,2,1,1,930,1,2641,1,12000.0,0.0,12000.0
4222,732,1,,1,852,1996,2865,3,12000.0,3600.0,32400.0
4223,1281,1,,1,844,2121,2537,2,12000.0,1200.0,22800.0
4224,1430,2,4,1,585,4,239,2,12600.0,0.0,25200.0
4225,238,2,1,1,885,1,2552,1,12000.0,0.0,12000.0
4226,221,1,,1,814,1881,1361,1,12000.0,240.0,11760.0
4227,685,2,3,1,624,3,1514,2,12600.0,504.0,24696.0
4228,592,1,,1,418,454,2750,3,12000.0,720.0,35280.0
4229,142,1,,2,553,1717,1883,3,16500.0,990.0,48510.0
4230,142,1,,2,553,1717,1883,3,15000.0,0.0,45000.0
4231,970,1,,1,564,3058,237,2,12000.0,1200.0,22800.0
4232,995,2,3,2,898,3,1396,2,13500.0,1350.0,25650.0
4233,444,2,4,2,531,4,3081,1,15000.0,0.0,15000.0
4234,297,1,,1,516,2453,,1,12000.0,240.0,11760.0
4235,947,1,,1,794,1236,567,3,13200.0,792.0,38808.0
4236,947,1,,1,794,1236,567,3,10800.0,1620.0,30780.0
4237,57,1,,1,527,2537,2743,2,12600.0,2520.0,22680.0
4238,38,1,,2,924,1427,1705,2,15000.0,1500.0,28500.0
4239,38,1,,1,924,1427,1705,2,12000.0,0.0,24000.0
4240,376,2,3,2,834,3,119,3,15000.0,900.0,44100.0
4241,503,1,,1,535,1269,1339,2,12000.0,2400.0,21600.0
4242,1095,1,,2,871,935,2300,2,15000.0,1500.0,28500.0
4243,1338,1,,1,501,655,515,2,12000.0,1200.0,22800.0
4244,909,1,,1,837,2855,1714,1,10800.0,216.0,10584.0
4245,932,2,1,2,611,1,,1,15000.0,300.0,14700.0
4246,912,1,,2,540,2459,1489,3,15000.0,4500.0,40500.0
4247,912,1,,1,540,2459,1489,1,10800.0,540.0,10260.0
4248,1161,1,,1,718,2058,1176,2,12000.0,0.0,24000.0
4249,189,1,,2,623,2064,1617,3,13500.0,4050.0,36450.0
4250,488,2,1,1,947,1,2962,2,12000.0,0.0,24000.0
4251,946,2,3,1,965,3,2958,2,10800.0,0.0,21600.0
4252,475,2,4,1,646,4,2909,3,10800.0,3240.0,29160.0
4253,692,1,,1,775,1993,2395,3,12000.0,1800.0,34200.0
4254,506,2,1,2,581,1,2061,2,15000.0,0.0,30000.0
4255,733,2,3,1,918,3,3088,2,10800.0,1080.0,20520.0
4256,151,1,,1,904,3081,292,3,13200.0,792.0,38808.0
4257,151,1,,1,904,3081,292,2,12000.0,480.0,23520.0
4258,1276,1,,2,679,2200,1984,2,16500.0,1650.0,31350.0
4259,320,1,,2,743,2157,,1,13500.0,270.0,13230.0
4260,320,1,,1,743,2157,,1,13200.0,0.0,13200.0
4261,514,2,2,1,926,2,,1,12000.0,600.0,11400.0
4262,1447,1,,1,655,955,2234,3,12000.0,720.0,35280.0
4263,833,1,,2,969,1541,2352,2,13500.0,540.0,26460.0
4264,833,1,,1,969,1541,2352,2,12000.0,480.0,23520.0
4265,1096,1,,1,916,1049,1800,3,12000.0,720.0,35280.0
4266,521,2,2,1,895,2,2681,2,12600.0,1260.0,23940.0
4267,521,2,2,2,895,2,2681,2,16500.0,0.0,33000.0
4268,960,2,2,2,840,2,1325,3,16500.0,4950.0,44550.0
4269,1397,1,,2,592,2116,,3,15000.0,2250.0,42750.0
4270,1397,1,,2,592,2116,,3,15000.0,4500.0,40500.0
4271,254,2,3,2,803,3,,3,15000.0,900.0,44100.0
4272,1447,1,,1,597,809,1324,2,12600.0,504.0,24696.0
4273,1447,1,,2,597,809,1324,2,15750.0,0.0,31500.0
4274,572,2,3,2,566,3,2871,2,15000.0,600.0,29400.0
4275,926,1,,1,396,2792,141,2,12000.0,2400.0,21600.0
4276,818,2,1,2,668,1,1316,2,15000.0,3000.0,27000.0
4277,818,2,1,2,668,1,1316,3,13500.0,0.0,40500.0
4278,157,1,,2,641,1952,1518,2,15000.0,1500.0,28500.0
4279,157,1,,1,641,1952,1518,2,10800.0,2160.0,19440.0
4280,1005,1,,1,898,236,,1,12600.0,0.0,12600.0
4281,1166,2,3,1,511,3,2843,2,12000.0,480.0,23520.0
4282,1306,1,,2,599,1405,1522,3,15000.0,4500.0,40500.0
4283,1306,1,,2,599,1405,1522,1,15000.0,1500.0,13500.0
4284,1452,2,1,2,440,1,,2,15000.0,600.0,29400.0
4285,1206,1,,1,782,3066,681,2,12600.0,0.0,25200.0
4286,1463,1,,2,895,39,2561,1,15000.0,750.0,14250.0
4287,1463,1,,1,895,39,2561,2,12000.0,2400.0,21600.0
4288,231,1,,2,571,1686,1873,1,15000.0,1500.0,13500.0
4289,122,2,1,2,591,1,2430,2,16500.0,660.0,32340.0
4290,1077,1,,2,883,1707,472,3,13500.0,810.0,39690.0
4291,1056,1,,1,777,3010,1770,3,10800.0,3240.0,29160.0
4292,494,1,,2,438,2408,1457,3,15000.0,2250.0,42750.0
4293,494,1,,1,438,2408,1457,3,12000.0,0.0,36000.0
4294,228,1,,1,976,2621,2524,3,10800.0,1620.0,30780.0
4295,209,2,1,2,960,1,563,3,15000.0,4500.0,40500.0
4296,65,1,,2,988,2034,3078,3,15000.0,2250.0,42750.0
4297,65,1,,2,988,2034,3078,2,13500.0,1350.0,25650.0
4298,552,1,,1,524,744,193,3,12000.0,3600.0,32400.0
4299,342,1,,1,775,1702,882,1,12000.0,0.0,12000.0
4300,342,1,,2,775,1702,882,1,15000.0,0.0,15000.0
4301,266,1,,1,712,2271,23,1,12000.0,240.0,11760.0
4302,1116,1,,2,400,461,2302,3,15000.0,4500.0,40500.0
4303,92,1,,1,928,908,1859,1,12000.0,600.0,11400.0
4304,1204,1,,1,367,952,1546,3,12000.0,0.0,36000.0
4305,664,1,,1,715,3101,761,1,12000.0,240.0,11760.0
4306,1459,1,,2,558,2944,2385,2,15000.0,1500.0,28500.0
4307,1166,1,,2,958,2253,2098,2,15000.0,600.0,29400.0
4308,1166,1,,1,958,2253,2098,1,12000.0,1200.0,10800.0
4309,1166,1,,1,958,2253,2098,3,10800.0,1620.0,30780.0
4310,253,1,,2,602,717,840,2,15000.0,600.0,29400.0
4311,253,1,,2,602,717,840,2,15000.0,1500.0,28500.0
4312,249,2,1,1,949,1,1907,2,12000.0,0.0,24000.0
4313,948,1,,1,506,1707,,2,12000.0,2400.0,21600.0
4314,754,2,2,1,908,2,1162,1,12000.0,240.0,11760.0
4315,1427,2,3,1,792,3,1070,2,12000.0,2400.0,21600.0
4316,1351,2,3,1,585,3,1043,3,12000.0,0.0,36000.0
4317,401,1,,2,769,3115,1395,2,15000.0,1500.0,28500.0
4318,609,2,4,1,785,4,1955,2,12000.0,0.0,24000.0
4319,720,1,,1,467,930,1080,3,10800.0,0.0,32400.0
4320,1000,1,,2,884,1461,2279,2,15000.0,0.0,30000.0
4321,1143,1,,1,905,1245,3082,2,12600.0,1260.0,23940.0
4322,871,2,4,2,473,4,393,3,16500.0,4950.0,44550.0
4323,1336,2,3,2,975,3,1525,3,15000.0,0.0,45000.0
4324,1336,2,3,1,975,3,1525,2,12000.0,0.0,24000.0
4325,357,2,2,1,792,2,2317,2,12000.0,1200.0,22800.0
4326,1352,2,4,1,759,4,1390,1,10800.0,540.0,10260.0
4327,1312,2,2,2,603,2,514,1,15000.0,750.0,14250.0
4328,272,1,,1,622,24,2781,1,12000.0,0.0,12000.0
4329,1284,2,1,1,485,1,2913,2,12000.0,0.0,24000.0
4330,738,1,,1,421,2196,,2,12600.0,2520.0,22680.0
4331,69,2,1,1,553,1,1571,3,12000.0,1800.0,34200.0
4332,1237,1,,2,635,323,1179,3,15000.0,4500.0,40500.0
4333,83,1,,2,568,1471,3081,3,15000.0,0.0,45000.0
4334,1172,1,,1,635,1056,1416,2,12000.0,1200.0,22800.0
4335,489,2,2,1,915,2,803,3,12600.0,0.0,37800.0
4336,451,1,,1,808,2682,3107,1,12000.0,600.0,11400.0
4337,918,2,3,1,386,3,2097,3,13200.0,1980.0,37620.0
4338,491,1,,1,523,91,,2,12000.0,1200.0,22800.0
4339,1232,1,,2,841,1911,,2,15000.0,600.0,29400.0
4340,477,1,,2,873,2991,2549,2,15000.0,600.0,29400.0
4341,1466,2,3,1,695,3,1179,1,12000.0,0.0,12000.0
4342,1369,2,3,1,579,3,3009,1,13200.0,660.0,12540.0
4343,1369,2,3,2,579,3,3009,2,15000.0,600.0,29400.0
4344,254,1,,1,492,1519,,1,12000.0,0.0,12000.0
4345,388,2,1,1,390,1,126,2,12000.0,1200.0,22800.0
4346,1415,1,,2,971,2207,2453,3,15750.0,0.0,47250.0
4347,1434,1,,1,519,1616,1385,3,12000.0,1800.0,34200.0
4348,204,2,1,2,490,1,595,2,13500.0,2700.0,24300.0
4349,204,2,1,1,490,1,595,3,12000.0,720.0,35280.0
4350,902,1,,1,872,20,210,3,13200.0,792.0,38808.0
4351,653,2,3,1,397,3,1098,2,12000.0,2400.0,21600.0
4352,427,1,,1,780,1183,3066,2,10800.0,2160.0,19440.0
4353,439,2,4,2,423,4,2426,2,13500.0,540.0,26460.0
4354,439,2,4,2,423,4,2426,1,13500.0,0.0,13500.0
4355,816,1,,2,987,2466,1306,2,15750.0,3150.0,28350.0
4356,816,1,,1,987,2466,1306,3,10800.0,0.0,32400.0
4357,19,1,,2,460,1927,,1,16500.0,825.0,15675.0
4358,1480,2,4,2,525,4,1191,3,16500.0,4950.0,44550.0
4359,619,1,,1,474,1042,500,1,12000.0,0.0,12000.0
4360,907,1,,1,500,1737,705,2,10800.0,0.0,21600.0
4361,411,1,,1,950,453,554,1,13200.0,1320.0,11880.0
4362,411,1,,2,950,453,554,1,16500.0,825.0,15675.0
4363,1472,2,1,2,962,1,846,1,15000.0,750.0,14250.0
4364,1472,2,1,2,962,1,846,3,15000.0,0.0,45000.0
4365,1414,1,,2,479,427,,1,16500.0,825.0,15675.0
4366,1437,2,3,1,967,3,2974,3,10800.0,1620.0,30780.0
4367,1437,2,3,1,967,3,2974,2,12000.0,1200.0,22800.0
4368,1437,2,3,1,967,3,2974,3,12000.0,1800.0,34200.0
4369,993,2,1,1,921,1,1278,2,12000.0,480.0,23520.0
4370,882,2,3,2,663,3,2201,2,15000.0,600.0,29400.0
4371,1485,1,,2,731,1993,,3,15750.0,2362.5,44887.5
4372,1422,2,1,1,473,1,231,3,12000.0,720.0,35280.0
4373,594,2,1,2,920,1,2242,3,15000.0,900.0,44100.0
4374,791,1,,2,916,832,3095,2,13500.0,2700.0,24300.0
4375,791,1,,2,916,832,3095,3,15750.0,2362.5,44887.5
4376,417,2,4,1,815,4,1607,1,10800.0,0.0,10800.0
4377,760,1,,1,844,3125,1685,3,12000.0,1800.0,34200.0
4378,527,1,,1,883,2733,1154,3,10800.0,648.0,31752.0
4379,604,2,4,1,1003,4,1526,2,12600.0,2520.0,22680.0
4380,604,2,4,1,1003,4,1526,1,12000.0,0.0,12000.0
4381,1132,1,,1,485,2823,2812,1,12000.0,600.0,11400.0
4382,1132,1,,2,485,2823,2812,3,15000.0,2250.0,42750.0
4383,726,1,,1,746,1983,339,2,12000.0,2400.0,21600.0
4384,133,1,,2,662,112,119,2,13500.0,0.0,27000.0
4385,1292,1,,1,729,2543,1034,2,13200.0,528.0,25872.0
4386,1292,1,,2,729,2543,1034,1,15750.0,0.0,15750.0
4387,466,1,,2,678,1675,939,2,13500.0,1350.0,25650.0
4388,466,1,,1,678,1675,939,1,12600.0,252.0,12348.0
4389,466,1,,1,678,1675,939,2,12000.0,2400.0,21600.0
4390,433,1,,2,494,936,2166,2,15000.0,3000.0,27000.0
4391,358,1,,1,536,2871,905,2,12000.0,1200.0,22800.0
4392,130,2,3,1,721,3,2326,2,12600.0,2520.0,22680.0
4393,130,2,3,1,721,3,2326,3,12000.0,720.0,35280.0
4394,1153,2,3,2,989,3,833,3,15000.0,0.0,45000.0
4395,1275,2,1,1,954,1,174,1,12000.0,1200.0,10800.0
4396,62,1,,1,632,468,,3,12000.0,1800.0,34200.0
4397,682,1,,2,905,1148,2051,2,13500.0,540.0,26460.0
4398,1370,1,,1,443,2365,2989,1,12000.0,1200.0,10800.0
4399,858,1,,2,522,1338,1813,3,13500.0,2025.0,38475.0
4400,858,1,,2,522,1338,1813,3,15000.0,0.0,45000.0
4401,222,1,,2,807,2036,1584,1,15000.0,0.0,15000.0
4402,671,1,,2,696,434,938,3,15000.0,4500.0,40500.0
4403,671,1,,1,696,434,938,2,12000.0,480.0,23520.0
4404,415,1,,2,608,2496,1784,1,15000.0,750.0,14250.0
4405,1415,2,4,1,366,4,1407,3,12000.0,1800.0,34200.0
4406,1415,2,4,2,366,4,1407,1,15750.0,787.5,14962.5
4407,533,2,4,2,566,4,644,2,15000.0,0.0,30000.0
4408,533,2,4,1,566,4,644,3,10800.0,1620.0,30780.0
4409,978,2,1,2,921,1,16,1,16500.0,0.0,16500.0
4410,1387,2,2,2,456,2,609,3,15000.0,900.0,44100.0
4411,1387,2,2,2,456,2,609,2,16500.0,0.0,33000.0
4412,907,1,,1,443,1230,1340,1,12000.0,1200.0,10800.0
4413,820,1,,1,640,3034,466,3,12000.0,720.0,35280.0
4414,1223,2,1,2,374,1,2446,2,16500.0,660.0,32340.0
4415,1223,2,1,2,374,1,2446,3,15000.0,2250.0,42750.0
4416,641,1,,1,918,939,2344,1,12000.0,0.0,12000.0
4417,1319,1,,1,920,539,920,1,10800.0,216.0,10584.0
4418,1319,1,,2,920,539,920,1,15000.0,300.0,14700.0
4419,1421,1,,2,461,1136,1010,3,15000.0,2250.0,42750.0
4420,63,2,2,2,993,2,,1,15000.0,750.0,14250.0
4421,63,2,2,1,993,2,,1,12000.0,600.0,11400.0
4422,1309,2,4,1,942,4,,2,12000.0,1200.0,22800.0
4423,1309,2,4,2,942,4,,2,13500.0,1350.0,25650.0
4424,1309,2,4,1,942,4,,3,12600.0,756.0,37044.0
4425,855,2,3,1,744,3,1275,3,12000.0,0.0,36000.0
4426,1483,2,4,2,548,4,2066,3,13500.0,4050.0,36450.0
4427,858,1,,1,824,1722,2498,1,13200.0,1320.0,11880.0
4428,1390,2,3,2,777,3,862,2,15000.0,0.0,30000.0
4429,929,2,3,1,812,3,2422,3,12000.0,720.0,35280.0
4430,809,2,4,1,568,4,1405,1,12000.0,240.0,11760.0
4431,1236,2,2,2,528,2,1776,2,15000.0,0.0,30000.0
4432,1236,2,2,1,528,2,1776,2,12000.0,480.0,23520.0
4433,1236,2,2,2,528,2,1776,2,15000.0,600.0,29400.0
4434,816,1,,2,936,535,2101,3,16500.0,2475.0,47025.0
4435,143,1,,1,942,2871,2016,3,12000.0,3600.0,32400.0
4436,984,2,3,2,660,3,1929,3,15000.0,4500.0,40500.0
4437,529,2,2,1,752,2,190,1,12000.0,600.0,11400.0
4438,529,2,2,1,752,2,190,1,12600.0,0.0,12600.0
4439,4,2,3,2,721,3,1320,1,16500.0,825.0,15675.0
4440,506,1,,2,818,3188,1721,1,15000.0,300.0,14700.0
4441,942,2,2,1,450,2,,2,12000.0,0.0,24000.0
4442,210,1,,1,989,2110,63,2,12000.0,2400.0,21600.0
4443,1324,2,1,1,1004,1,244,3,12000.0,0.0,36000.0
4444,1324,2,1,2,1004,1,244,2,15000.0,1500.0,28500.0
4445,1102,1,,2,552,984,466,2,15000.0,3000.0,27000.0
4446,146,2,4,1,687,4,827,1,12000.0,600.0,11400.0
4447,146,2,4,1,687,4,827,3,12000.0,3600.0,32400.0
4448,1120,2,2,2,615,2,32,1,15000.0,750.0,14250.0
4449,1160,2,3,2,896,3,933,2,16500.0,3300.0,29700.0
4450,863,2,2,1,787,2,1418,1,12000.0,1200.0,10800.0
4451,863,2,2,2,787,2,1418,1,15750.0,1575.0,14175.0
4452,540,2,1,1,454,1,287,1,12000.0,240.0,11760.0
4453,540,2,1,2,454,1,287,1,15750.0,315.0,15435.0
4454,540,2,1,1,454,1,287,2,12000.0,480.0,23520.0
4455,610,1,,1,969,1830,164,1,13200.0,1320.0,11880.0
4456,610,1,,1,969,1830,164,3,12000.0,1800.0,34200.0
4457,31,1,,1,575,458,2196,3,13200.0,0.0,39600.0
4458,31,1,,1,575,458,2196,2,12600.0,2520.0,22680.0
4459,449,2,3,1,914,3,691,3,10800.0,0.0,32400.0
4460,769,2,1,2,397,1,1801,3,15000.0,900.0,44100.0
4461,1402,2,3,1,884,3,2838,3,12000.0,0.0,36000.0
4462,908,2,1,2,821,1,1818,2,15000.0,3000.0,27000.0
4463,908,2,1,1,821,1,1818,2,10800.0,432.0,21168.0
4464,624,1,,1,716,124,,2,13200.0,0.0,26400.0
4465,608,1,,2,545,1254,2885,3,15000.0,900.0,44100.0
4466,37,1,,1,428,1942,1712,3,13200.0,1980.0,37620.0
4467,1482,1,,2,704,540,2426,3,15000.0,2250.0,42750.0
4468,1482,1,,2,704,540,2426,3,16500.0,2475.0,47025.0
4469,1058,2,4,2,465,4,1268,1,15750.0,787.5,14962.5
4470,286,1,,1,889,694,334,1,12000.0,600.0,11400.0
4471,286,1,,2,889,694,334,1,15000.0,1500.0,13500.0
4472,1008,1,,2,993,2131,436,3,15000.0,4500.0,40500.0
4473,668,1,,1,410,3169,1900,1,12000.0,240.0,11760.0
4474,117,2,3,2,412,3,1188,3,15000.0,2250.0,42750.0
4475,117,2,3,2,412,3,1188,3,15000.0,4500.0,40500.0
4476,851,1,,1,625,2499,673,2,12600.0,2520.0,22680.0
4477,51,2,1,2,947,1,259,3,15000.0,4500.0,40500.0
4478,51,2,1,2,947,1,259,2,15000.0,0.0,30000.0
4479,1117,1,,1,687,2761,,1,12600.0,0.0,12600.0
4480,1029,1,,1,412,11,1234,1,12000.0,0.0,12000.0
4481,1139,1,,1,579,1567,2610,1,12000.0,600.0,11400.0
4482,1139,1,,2,579,1567,2610,2,16500.0,1650.0,31350.0
4483,1378,2,3,1,964,3,242,3,12000.0,1800.0,34200.0
4484,1271,2,2,2,422,2,264,2,15000.0,600.0,29400.0
4485,1271,2,2,1,422,2,264,1,12000.0,600.0,11400.0
4486,1424,1,,2,599,311,239,1,15000.0,1500.0,13500.0
4487,489,2,4,2,930,4,1938,1,15750.0,0.0,15750.0
4488,489,2,4,2,930,4,1938,1,16500.0,1650.0,14850.0
4489,744,1,,2,837,732,,3,15000.0,900.0,44100.0
4490,323,1,,1,557,978,1842,1,12000.0,240.0,11760.0
4491,323,1,,1,557,978,1842,1,12000.0,1200.0,10800.0
4492,1471,1,,2,819,480,2197,1,15000.0,300.0,14700.0
4493,1469,1,,1,563,2591,2521,3,12600.0,0.0,37800.0
4494,1191,2,4,1,832,4,1641,2,12000.0,480.0,23520.0
4495,1191,2,4,1,832,4,1641,3,12600.0,0.0,37800.0
4496,335,1,,2,860,2887,,1,15000.0,300.0,14700.0
4497,717,1,,2,442,1745,2313,1,15000.0,750.0,14250.0
4498,717,1,,1,442,1745,2313,1,12000.0,240.0,11760.0
4499,911,1,,1,989,1952,465,1,12000.0,240.0,11760.0
4500,911,1,,2,989,1952,465,2,15000.0,0.0,30000.0
4501,184,2,1,2,1001,1,1451,2,15000.0,600.0,29400.0
4502,957,1,,1,443,2003,1642,2,12000.0,1200.0,22800.0
4503,797,2,1,1,862,1,52,3,12000.0,720.0,35280.0
4504,22,2,4,1,868,4,302,2,12000.0,480.0,23520.0
4505,260,1,,1,600,552,1772,3,12000.0,1800.0,34200.0
4506,835,1,,2,807,1474,182,3,15000.0,0.0,45000.0
4507,835,1,,2,807,1474,182,3,15000.0,2250.0,42750.0
4508,1316,2,2,1,519,2,712,1,10800.0,1080.0,9720.0
4509,240,1,,1,622,2459,2972,2,10800.0,1080.0,20520.0
4510,790,2,3,2,663,3,1669,3,15000.0,0.0,45000.0
4511,1380,1,,2,974,114,1891,1,15750.0,0.0,15750.0
4512,936,2,4,1,374,4,2389,1,12000.0,600.0,11400.0
4513,936,2,4,1,374,4,2389,2,12000.0,2400.0,21600.0
4514,274,1,,2,986,1485,1668,3,15000.0,900.0,44100.0
4515,1177,2,2,2,403,2,,2,13500.0,540.0,26460.0
4516,1177,2,2,1,403,2,,1,12600.0,630.0,11970.0
4517,623,1,,1,930,2524,1998,1,12600.0,1260.0,11340.0
4518,623,1,,1,930,2524,1998,1,12000.0,0.0,12000.0
4519,419,1,,2,761,794,1277,1,15750.0,1575.0,14175.0
4520,1308,2,3,2,560,3,728,1,15000.0,1500.0,13500.0
4521,508,1,,2,515,1731,2145,2,15750.0,0.0,31500.0
4522,508,1,,1,515,1731,2145,3,12000.0,1800.0,34200.0
4523,1234,2,4,1,381,4,,3,12000.0,1800.0,34200.0
4524,992,1,,2,605,1823,627,1,15000.0,0.0,15000.0
4525,143,2,2,2,508,2,359,2,15750.0,1575.0,29925.0
4526,143,2,2,2,508,2,359,1,15000.0,300.0,14700.0
4527,763,1,,2,940,2457,1105,2,15000.0,3000.0,27000.0
4528,784,1,,2,446,2719,1299,1,15000.0,300.0,14700.0
4529,1473,2,3,2,669,3,2275,3,15000.0,0.0,45000.0
4530,1344,2,4,2,867,4,984,3,15000.0,900.0,44100.0
4531,457,1,,1,586,1757,960,1,12000.0,0.0,12000.0
4532,457,1,,1,586,1757,960,3,12000.0,720.0,35280.0
4533,228,1,,1,972,2678,1432,3,12000.0,720.0,35280.0
4534,228,1,,1,972,2678,1432,1,12000.0,1200.0,10800.0
4535,1500,1,,2,433,397,635,1,15000.0,1500.0,13500.0
4536,84,1,,1,419,518,1084,2,12600.0,1260.0,23940.0
4537,692,1,,1,705,2869,1209,3,12600.0,3780.0,34020.0
4538,692,1,,1,705,2869,1209,3,12000.0,720.0,35280.0
4539,302,2,4,2,895,4,1754,3,15000.0,900.0,44100.0
4540,297,1,,1,526,1904,96,1,12000.0,240.0,11760.0
4541,297,1,,1,526,1904,96,1,12000.0,0.0,12000.0
4542,159,2,3,2,828,3,333,1,15000.0,0.0,15000.0
4543,159,2,3,1,828,3,333,1,12000.0,600.0,11400.0
4544,1248,1,,1,865,617,2593,3,10800.0,3240.0,29160.0
4545,1248,1,,1,865,617,2593,2,12000.0,480.0,23520.0
4546,319,1,,1,971,2002,2883,3,12600.0,1890.0,35910.0
4547,1126,1,,2,875,2659,1788,2,15750.0,3150.0,28350.0
4548,1079,1,,2,731,3150,635,2,15000.0,1500.0,28500.0
4549,553,1,,1,835,2427,1320,3,10800.0,0.0,32400.0
4550,553,1,,2,835,2427,1320,2,15000.0,600.0,29400.0
4551,835,1,,2,861,1375,,3,15000.0,0.0,45000.0
4552,1358,1,,2,832,1054,1238,2,15000.0,3000.0,27000.0
4553,1358,1,,1,832,1054,1238,3,12000.0,3600.0,32400.0
4554,1243,2,1,1,902,1,,2,12000.0,480.0,23520.0
4555,1397,1,,1,450,594,1739,3,10800.0,3240.0,29160.0
4556,1397,1,,2,450,594,1739,2,15750.0,1575.0,29925.0
4557,437,2,4,2,837,4,,1,15000.0,750.0,14250.0
4558,437,2,4,2,837,4,,2,16500.0,0.0,33000.0
4559,437,2,4,1,837,4,,3,12000.0,0.0,36000.0
4560,241,2,4,1,371,4,953,1,12000.0,1200.0,10800.0
4561,1246,1,,1,938,1040,1524,2,13200.0,528.0,25872.0
4562,1246,1,,2,938,1040,1524,2,15000.0,600.0,29400.0
4563,1076,1,,1,756,2832,541,2,12000.0,480.0,23520.0
4564,1217,2,4,2,700,4,915,2,16500.0,1650.0,31350.0
4565,884,1,,1,396,2859,834,3,10800.0,1620.0,30780.0
4566,1370,2,2,2,554,2,1193,3,15000.0,4500.0,40500.0
4567,1376,1,,2,463,2181,2786,2,16500.0,0.0,33000.0
4568,249,1,,2,400,380,2546,1,15000.0,300.0,14700.0
4569,917,1,,1,517,492,1932,1,12000.0,240.0,11760.0
4570,168,2,4,2,695,4,303,3,15750.0,4725.0,42525.0
4571,566,1,,1,631,863,3038,2,13200.0,0.0,26400.0
4572,43,2,1,1,990,1,3063,3,12000.0,3600.0,32400.0
4573,813,1,,2,478,1341,2739,2,15000.0,0.0,30000.0
4574,323,1,,1,438,719,829,1,12000.0,1200.0,10800.0
4575,26,1,,1,722,1196,1739,2,13200.0,1320.0,25080.0
4576,26,1,,1,722,1196,1739,1,12000.0,1200.0,10800.0
4577,396,2,2,1,372,2,1376,3,12000.0,1800.0,34200.0
4578,487,2,3,1,962,3,1306,3,12000.0,720.0,35280.0
4579,487,2,3,2,962,3,1306,1,13500.0,270.0,13230.0
4580,551,2,4,2,422,4,1739,1,13500.0,270.0,13230.0
4581,551,2,4,1,422,4,1739,3,12000.0,720.0,35280.0
4582,551,2,4,2,422,4,1739,1,15000.0,750.0,14250.0
4583,1101,1,,2,843,559,907,2,15000.0,600.0,29400.0
4584,790,2,2,1,833,2,787,1,12000.0,240.0,11760.0
4585,242,1,,1,790,930,2723,2,12000.0,480.0,23520.0
4586,1399,2,3,2,457,3,1660,1,15000.0,300.0,14700.0
4587,1389,1,,1,775,1196,2940,1,12000.0,1200.0,10800.0
4588,1290,2,4,1,606,4,,1,12600.0,0.0,12600.0
4589,1290,2,4,2,606,4,,1,13500.0,270.0,13230.0
4590,221,2,4,1,999,4,1414,3,13200.0,0.0,39600.0
4591,221,2,4,1,999,4,1414,3,12000.0,3600.0,32400.0
4592,221,2,4,2,999,4,1414,2,13500.0,540.0,26460.0
4593,1161,2,1,2,475,1,2164,3,15750.0,945.0,46305.0
4594,570,1,,2,677,2930,2938,2,15000.0,1500.0,28500.0
4595,847,1,,2,775,2892,,2,15750.0,1575.0,29925.0
4596,847,1,,1,775,2892,,2,12000.0,0.0,24000.0
4597,372,2,2,1,696,2,1531,2,12000.0,0.0,24000.0
4598,372,2,2,2,696,2,1531,3,15000.0,0.0,45000.0
4599,390,1,,1,510,2560,978,2,13200.0,528.0,25872.0
4600,434,2,2,2,380,2,2639,2,15000.0,600.0,29400.0
4601,434,2,2,2,380,2,2639,3,13500.0,4050.0,36450.0
4602,1342,1,,1,505,2804,614,1,12000.0,600.0,11400.0
4603,71,1,,2,999,260,482,3,15000.0,0.0,45000.0
4604,868,2,4,1,838,4,207,2,12600.0,504.0,24696.0
4605,1176,1,,2,604,1798,1227,2,13500.0,540.0,26460.0
4606,1176,1,,2,604,1798,1227,3,15000.0,4500.0,40500.0
4607,1423,1,,2,922,714,256,3,15000.0,900.0,44100.0
4608,1423,1,,1,922,714,256,2,10800.0,432.0,21168.0
4609,668,2,2,2,644,2,2351,3,16500.0,0.0,49500.0
4610,655,1,,1,929,476,2954,1,12000.0,600.0,11400.0
4611,292,1,,1,865,2105,1178,3,12600.0,0.0,37800.0
4612,712,2,4,1,858,4,1457,1,12000.0,0.0,12000.0
4613,1421,1,,2,445,2294,86,3,15000.0,900.0,44100.0
4614,1421,1,,2,445,2294,86,1,15000.0,0.0,15000.0
4615,1290,1,,1,583,60,,2,12000.0,480.0,23520.0
4616,576,2,4,1,378,4,729,2,12000.0,480.0,23520.0
4617,612,2,1,2,802,1,1337,1,15750.0,315.0,15435.0
4618,612,2,1,2,802,1,1337,1,13500.0,1350.0,12150.0
4619,227,2,4,1,804,4,2682,1,12000.0,0.0,12000.0
4620,590,1,,1,388,1297,,3,12000.0,0.0,36000.0
4621,590,1,,2,388,1297,,1,13500.0,270.0,13230.0
4622,1498,1,,2,419,2244,734,2,15000.0,0.0,30000.0
4623,184,1,,1,952,2888,199,1,12000.0,240.0,11760.0
4624,88,1,,1,588,2140,3059,2,12000.0,1200.0,22800.0
4625,1321,1,,1,805,890,582,2,12600.0,2520.0,22680.0
4626,1321,1,,2,805,890,582,3,15000.0,4500.0,40500.0
4627,528,1,,2,889,128,1776,2,16500.0,1650.0,31350.0
4628,1259,1,,1,952,222,2063,1,10800.0,216.0,10584.0
4629,817,2,2,2,858,2,73,3,15750.0,0.0,47250.0
4630,817,2,2,1,858,2,73,2,13200.0,528.0,25872.0
4631,85,2,4,1,998,4,50,3,12600.0,1890.0,35910.0
4632,85,2,4,1,998,4,50,2,13200.0,2640.0,23760.0
4633,85,2,4,2,998,4,50,2,15000.0,600.0,29400.0
4634,771,2,3,2,632,3,1077,2,15000.0,0.0,30000.0
4635,1386,1,,1,560,3172,3119,2,12600.0,504.0,24696.0
4636,514,1,,1,518,118,2346,2,10800.0,2160.0,19440.0
4637,1252,2,3,2,702,3,2014,1,15750.0,315.0,15435.0
4638,1252,2,3,1,702,3,2014,1,12000.0,1200.0,10800.0
4639,1427,1,,1,692,2518,2992,3,12000.0,1800.0,34200.0
4640,1427,1,,2,692,2518,2992,2,15000.0,600.0,29400.0
4641,965,1,,1,971,657,48,2,12000.0,2400.0,21600.0
4642,1139,1,,2,976,570,2006,2,15000.0,3000.0,27000.0
4643,1197,2,3,1,558,3,1354,2,12000.0,1200.0,22800.0
4644,1197,2,3,1,558,3,1354,1,12000.0,0.0,12000.0
4645,1252,1,,2,745,1358,1355,2,15000.0,0.0,30000.0
4646,1252,1,,2,745,1358,1355,1,15000.0,1500.0,13500.0
4647,976,2,4,2,557,4,2885,3,16500.0,990.0,48510.0
4648,549,2,4,1,801,4,732,1,12600.0,252.0,12348.0
4649,1301,1,,1,627,3019,855,2,10800.0,432.0,21168.0
4650,331,1,,1,579,1237,756,2,10800.0,0.0,21600.0
4651,219,1,,2,481,509,262,3,15750.0,0.0,47250.0
4652,422,2,1,2,484,1,580,3,16500.0,4950.0,44550.0
4653,181,1,,2,635,989,2257,1,13500.0,270.0,13230.0
4654,181,1,,2,635,989,2257,1,15000.0,300.0,14700.0
4655,1073,1,,2,660,1380,661,1,16500.0,1650.0,14850.0
4656,1362,1,,2,658,2029,1711,2,15750.0,3150.0,28350.0
4657,1436,2,3,1,609,3,1421,2,13200.0,0.0,26400.0
4658,364,1,,2,461,162,1810,2,13500.0,1350.0,25650.0
4659,343,1,,1,387,184,1921,3,10800.0,0.0,32400.0
4660,1044,1,,2,433,141,2397,1,13500.0,1350.0,12150.0
4661,805,2,4,1,500,4,977,1,12000.0,1200.0,10800.0
4662,805,2,4,2,500,4,977,3,16500.0,990.0,48510.0
4663,1121,2,1,2,731,1,,2,16500.0,3300.0,29700.0
4664,1121,2,1,1,731,1,,2,12600.0,0.0,25200.0
4665,1395,2,3,1,774,3,96,2,10800.0,0.0,21600.0
4666,728,1,,2,651,3022,523,2,15750.0,0.0,31500.0
4667,688,2,1,1,883,1,2617,2,12000.0,2400.0,21600.0
4668,831,1,,2,534,1252,,3,15000.0,2250.0,42750.0
4669,744,1,,2,956,436,92,2,15750.0,1575.0,29925.0
4670,1371,2,2,2,639,2,901,1,15750.0,315.0,15435.0
4671,1371,2,2,1,639,2,901,2,10800.0,432.0,21168.0
4672,1371,2,2,1,639,2,901,2,12000.0,0.0,24000.0
4673,167,1,,1,429,3085,,1,12600.0,252.0,12348.0
4674,111,1,,1,503,608,809,2,12000.0,0.0,24000.0
4675,111,1,,1,503,608,809,1,12000.0,240.0,11760.0
4676,580,1,,1,699,2016,3193,1,12000.0,0.0,12000.0
4677,117,2,1,1,370,1,2788,1,10800.0,1080.0,9720.0
4678,1264,1,,2,1002,2120,2491,3,13500.0,0.0,40500.0
4679,233,1,,1,877,2733,568,3,12000.0,0.0,36000.0
4680,671,1,,1,494,1942,749,1,10800.0,540.0,10260.0
4681,671,1,,1,494,1942,749,1,12000.0,240.0,11760.0
4682,94,1,,1,459,648,226,3,12000.0,0.0,36000.0
4683,94,1,,1,459,648,226,1,12000.0,600.0,11400.0
4684,390,2,4,2,537,4,1123,2,15000.0,3000.0,27000.0
4685,305,1,,2,733,63,1686,1,15000.0,750.0,14250.0
4686,305,1,,1,733,63,1686,1,12000.0,0.0,12000.0
4687,400,1,,1,694,968,2604,2,12000.0,0.0,24000.0
4688,400,1,,1,694,968,2604,1,12000.0,240.0,11760.0
4689,396,1,,2,437,996,789,3,15000.0,2250.0,42750.0
4690,1168,1,,2,725,1629,798,1,15000.0,750.0,14250.0
4691,1168,1,,2,725,1629,798,1,15000.0,0.0,15000.0
4692,655,2,3,1,773,3,315,3,12000.0,1800.0,34200.0
4693,655,2,3,1,773,3,315,3,12000.0,1800.0,34200.0
4694,343,1,,2,914,2693,1377,1,15000.0,0.0,15000.0
4695,343,1,,1,914,2693,1377,1,12600.0,630.0,11970.0
4696,684,1,,1,811,1406,583,2,12000.0,2400.0,21600.0
4697,1150,1,,2,533,2547,531,2,15000.0,3000.0,27000.0
4698,1150,1,,1,533,2547,531,1,12000.0,1200.0,10800.0
4699,1028,2,3,2,413,3,993,2,13500.0,540.0,26460.0
4700,585,2,1,1,494,1,2439,2,12000.0,2400.0,21600.0
4701,1294,1,,2,875,1558,2568,1,15000.0,0.0,15000.0
4702,455,2,4,2,650,4,,1,15750.0,1575.0,14175.0
4703,1141,2,1,2,993,1,1552,3,13500.0,2025.0,38475.0
4704,376,2,2,2,953,2,3175,1,15000.0,1500.0,13500.0
4705,1154,1,,1,504,3000,1482,2,12000.0,480.0,23520.0
4706,1154,1,,1,504,3000,1482,1,10800.0,216.0,10584.0
4707,1498,1,,1,654,2277,1998,1,10800.0,0.0,10800.0
4708,603,2,3,1,998,3,482,1,12000.0,0.0,12000.0
4709,1002,2,3,2,426,3,2287,3,15750.0,2362.5,44887.5
4710,1002,2,3,1,426,3,2287,3,12000.0,0.0,36000.0
4711,924,1,,1,608,2238,1833,2,12000.0,1200.0,22800.0
4712,1309,2,1,2,901,1,167,1,15000.0,750.0,14250.0
4713,1212,2,4,2,884,4,2473,1,15000.0,1500.0,13500.0
4714,974,2,2,1,918,2,2494,3,12000.0,720.0,35280.0
4715,1154,2,1,1,493,1,2784,1,10800.0,540.0,10260.0
4716,1154,2,1,1,493,1,2784,3,12000.0,720.0,35280.0
4717,105,1,,2,976,2219,2681,2,16500.0,1650.0,31350.0
4718,335,1,,1,670,2934,918,3,12000.0,720.0,35280.0
4719,421,2,1,1,414,1,,3,10800.0,1620.0,30780.0
4720,77,1,,1,938,2091,1567,3,12000.0,1800.0,34200.0
4721,77,1,,2,938,2091,1567,1,15750.0,787.5,14962.5
4722,1399,2,1,2,420,1,80,1,15000.0,0.0,15000.0
4723,761,1,,1,480,2440,575,2,12000.0,480.0,23520.0
4724,160,2,2,1,962,2,2173,2,10800.0,1080.0,20520.0
4725,555,1,,2,596,936,3113,1,13500.0,0.0,13500.0
4726,555,1,,2,596,936,3113,3,13500.0,810.0,39690.0
4727,634,1,,1,576,2842,851,3,12000.0,0.0,36000.0
4728,1187,2,4,2,431,4,2061,1,16500.0,330.0,16170.0
4729,1329,1,,1,977,2518,,1,12000.0,0.0,12000.0
4730,1231,1,,1,956,2385,268,3,13200.0,792.0,38808.0
4731,1231,1,,1,956,2385,268,3,10800.0,648.0,31752.0
4732,1231,1,,2,956,2385,268,2,15000.0,0.0,30000.0
4733,571,2,1,1,824,1,3164,2,10800.0,1080.0,20520.0
4734,1336,2,1,2,784,1,2225,3,16500.0,0.0,49500.0
4735,243,2,1,1,423,1,1979,2,10800.0,0.0,21600.0
4736,243,2,1,1,423,1,1979,1,10800.0,540.0,10260.0
4737,678,2,3,2,697,3,1439,1,15000.0,750.0,14250.0
4738,791,1,,2,414,496,2671,3,15000.0,2250.0,42750.0
4739,791,1,,2,414,496,2671,1,15750.0,787.5,14962.5
4740,580,1,,2,857,3056,28,1,15000.0,300.0,14700.0
4741,121,2,3,2,708,3,195,3,15750.0,4725.0,42525.0
4742,1130,2,4,2,927,4,1099,2,15000.0,0.0,30000.0
4743,1275,2,4,2,511,4,2027,3,15000.0,900.0,44100.0
4744,1275,2,4,1,511,4,2027,2,12000.0,1200.0,22800.0
4745,1039,1,,1,478,1981,412,3,13200.0,1980.0,37620.0
4746,171,2,3,1,652,3,2078,2,10800.0,432.0,21168.0
4747,132,2,1,2,876,1,1208,3,16500.0,4950.0,44550.0
4748,889,2,3,1,748,3,1217,2,10800.0,1080.0,20520.0
4749,889,2,3,2,748,3,1217,1,16500.0,330.0,16170.0
4750,640,1,,1,412,1814,1964,3,10800.0,1620.0,30780.0
4751,841,1,,2,875,22,2489,3,15000.0,4500.0,40500.0
4752,1188,2,4,1,746,4,1600,2,12000.0,1200.0,22800.0
4753,1319,1,,1,673,2845,,2,12000.0,2400.0,21600.0
4754,580,1,,2,738,2315,917,1,15000.0,300.0,14700.0
4755,589,1,,1,654,3068,877,1,12600.0,0.0,12600.0
4756,204,1,,1,778,3107,,3,12000.0,3600.0,32400.0
4757,867,1,,2,465,528,1536,3,13500.0,2025.0,38475.0
4758,250,1,,2,632,3162,101,1,13500.0,675.0,12825.0
4759,1215,1,,2,852,1711,504,1,15000.0,300.0,14700.0
4760,1363,2,4,1,473,4,1395,1,13200.0,1320.0,11880.0
4761,589,1,,1,911,1928,505,3,10800.0,3240.0,29160.0
4762,589,1,,2,911,1928,505,2,13500.0,540.0,26460.0
4763,1462,1,,1,505,2377,489,3,10800.0,3240.0,29160.0
4764,837,2,4,2,904,4,2398,3,13500.0,0.0,40500.0
4765,1210,2,1,1,708,1,266,3,12000.0,1800.0,34200.0
4766,370,2,3,1,696,3,1570,2,10800.0,2160.0,19440.0
4767,1474,2,4,1,946,4,1011,3,10800.0,648.0,31752.0
4768,1474,2,4,1,946,4,1011,1,12000.0,240.0,11760.0
4769,1474,2,4,1,946,4,1011,2,10800.0,2160.0,19440.0
4770,294,2,1,2,692,1,2274,2,15750.0,3150.0,28350.0
4771,1427,1,,2,866,2099,1983,2,15000.0,1500.0,28500.0
4772,119,1,,2,528,2492,660,3,13500.0,0.0,40500.0
4773,119,1,,2,528,2492,660,1,15750.0,1575.0,14175.0
4774,485,1,,2,368,2874,,3,15000.0,4500.0,40500.0
4775,583,2,4,2,395,4,1192,2,15000.0,600.0,29400.0
4776,583,2,4,1,395,4,1192,2,12600.0,504.0,24696.0
4777,1463,1,,1,842,1622,160,1,12000.0,600.0,11400.0
4778,160,1,,2,823,908,2694,2,15000.0,1500.0,28500.0
4779,629,1,,2,960,510,73,3,13500.0,2025.0,38475.0
4780,629,1,,2,960,510,73,1,15000.0,0.0,15000.0
4781,727,2,1,1,584,1,1247,3,10800.0,648.0,31752.0
4782,590,1,,2,489,3158,579,3,15000.0,0.0,45000.0
4783,443,1,,2,660,2024,2550,2,15000.0,600.0,29400.0
4784,705,1,,2,442,1878,1794,1,15750.0,315.0,15435.0
4785,188,1,,2,862,2062,,1,15000.0,750.0,14250.0
4786,1097,2,4,1,469,4,1411,3,12000.0,1800.0,34200.0
4787,1328,2,4,2,781,4,2563,1,15000.0,300.0,14700.0
4788,304,2,3,1,368,3,2411,2,12600.0,0.0,25200.0
4789,876,1,,2,927,1812,2211,3,15750.0,4725.0,42525.0
4790,876,1,,1,927,1812,2211,2,12000.0,1200.0,22800.0
4791,1116,1,,1,488,1869,2548,1,12000.0,240.0,11760.0
4792,1219,1,,2,805,867,568,3,16500.0,990.0,48510.0
4793,1134,1,,2,751,907,1945,1,15000.0,300.0,14700.0
4794,1074,2,4,1,426,4,213,2,12000.0,1200.0,22800.0
4795,1074,2,4,1,426,4,213,2,13200.0,0.0,26400.0
4796,350,1,,1,873,2061,510,2,13200.0,528.0,25872.0
4797,1406,1,,1,720,2454,2808,2,12000.0,1200.0,22800.0
4798,1176,2,4,1,779,4,2827,1,13200.0,1320.0,11880.0
4799,1176,2,4,2,779,4,2827,3,15000.0,2250.0,42750.0
4800,1367,1,,2,423,407,773,3,15000.0,0.0,45000.0
4801,232,1,,2,558,1334,2966,3,15750.0,2362.5,44887.5
4802,844,1,,2,907,1097,681,3,15000.0,900.0,44100.0
4803,671,1,,1,889,2775,980,3,12000.0,720.0,35280.0
4804,407,1,,1,591,2310,2378,2,10800.0,2160.0,19440.0
4805,944,1,,2,788,2189,1322,1,13500.0,675.0,12825.0
4806,327,2,2,2,657,2,814,1,15750.0,315.0,15435.0
4807,199,1,,1,545,2756,77,3,10800.0,648.0,31752.0
4808,199,1,,1,545,2756,77,2,12000.0,480.0,23520.0
4809,1409,1,,2,724,1076,1994,2,15000.0,600.0,29400.0
4810,1409,1,,2,724,1076,1994,2,15750.0,630.0,30870.0
4811,949,2,2,1,425,2,345,2,12000.0,480.0,23520.0
4812,949,2,2,2,425,2,345,2,13500.0,540.0,26460.0
4813,900,1,,2,676,1115,1662,3,15000.0,2250.0,42750.0
4814,932,2,1,2,432,1,2175,2,15000.0,0.0,30000.0
4815,683,2,1,2,380,1,2725,3,16500.0,2475.0,47025.0
4816,1360,2,4,2,412,4,2874,2,16500.0,1650.0,31350.0
4817,505,1,,2,616,156,,3,15000.0,2250.0,42750.0
4818,371,1,,2,903,514,1100,1,13500.0,1350.0,12150.0
4819,535,1,,2,371,1935,738,1,15000.0,750.0,14250.0
4820,446,1,,1,658,550,302,2,12600.0,0.0,25200.0
4821,446,1,,1,658,550,302,3,12000.0,3600.0,32400.0
4822,610,2,4,1,883,4,2274,1,12000.0,0.0,12000.0
4823,610,2,4,2,883,4,2274,2,15750.0,0.0,31500.0
4824,243,1,,2,536,1732,619,1,15000.0,1500.0,13500.0
4825,1469,2,2,1,677,2,2624,2,12000.0,1200.0,22800.0
4826,86,1,,1,790,942,26,3,13200.0,0.0,39600.0
4827,437,1,,1,929,684,424,1,12600.0,252.0,12348.0
4828,437,1,,2,929,684,424,1,15000.0,0.0,15000.0
4829,199,1,,1,591,900,2601,3,12000.0,720.0,35280.0
4830,199,1,,2,591,900,2601,2,15750.0,1575.0,29925.0
4831,350,1,,1,483,309,60,3,12000.0,0.0,36000.0
4832,350,1,,2,483,309,60,2,15000.0,1500.0,28500.0
4833,105,2,1,2,411,1,1144,1,15000.0,750.0,14250.0
4834,105,2,1,2,411,1,1144,2,15000.0,3000.0,27000.0
4835,698,1,,1,482,2474,211,2,12000.0,480.0,23520.0
4836,1236,1,,1,424,2872,2781,2,12000.0,480.0,23520.0
4837,1305,1,,1,728,1106,681,2,12600.0,1260.0,23940.0
4838,1262,1,,1,887,254,1416,1,12000.0,0.0,12000.0
4839,1262,1,,2,887,254,1416,3,15000.0,4500.0,40500.0
4840,1325,2,4,2,728,4,1852,3,15750.0,2362.5,44887.5
4841,117,1,,1,376,3153,,1,10800.0,216.0,10584.0
4842,117,1,,1,376,3153,,3,13200.0,1980.0,37620.0
4843,1322,1,,2,996,84,509,2,15750.0,3150.0,28350.0
4844,694,2,3,2,400,3,3000,3,15000.0,900.0,44100.0
4845,1092,2,2,2,566,2,3174,2,15000.0,3000.0,27000.0
4846,279,1,,2,454,3068,1481,2,16500.0,3300.0,29700.0
4847,1277,2,1,1,372,1,461,2,12000.0,2400.0,21600.0
4848,983,2,3,1,918,3,1218,1,12000.0,240.0,11760.0
4849,1300,1,,2,444,2080,1033,2,15750.0,1575.0,29925.0
4850,727,2,4,1,669,4,2189,3,12000.0,3600.0,32400.0
4851,496,1,,1,541,1963,2927,2,12000.0,1200.0,22800.0
4852,657,1,,1,586,525,2682,3,12600.0,1890.0,35910.0
4853,277,1,,1,745,1483,,1,12000.0,1200.0,10800.0
4854,523,1,,1,634,744,243,3,12000.0,0.0,36000.0
4855,126,1,,2,681,283,1785,2,15000.0,600.0,29400.0
4856,1034,2,1,2,476,1,745,1,16500.0,1650.0,14850.0
4857,358,2,4,1,742,4,2428,1,12000.0,0.0,12000.0
4858,637,1,,1,452,1692,968,3,12000.0,3600.0,32400.0
4859,691,2,2,1,609,2,24,3,12600.0,3780.0,34020.0
4860,380,2,4,2,680,4,212,1,15000.0,750.0,14250.0
4861,380,2,4,1,680,4,212,3,12000.0,720.0,35280.0
4862,380,2,4,2,680,4,212,2,15000.0,1500.0,28500.0
4863,1253,1,,1,605,368,,1,12000.0,240.0,11760.0
4864,1253,1,,1,605,368,,1,10800.0,0.0,10800.0
4865,1068,2,4,1,569,4,2640,3,12000.0,720.0,35280.0
4866,1188,1,,2,787,234,892,3,15000.0,2250.0,42750.0
4867,1354,1,,2,958,1323,1178,1,15000.0,0.0,15000.0
4868,1109,2,2,1,637,2,428,3,13200.0,792.0,38808.0
4869,1399,2,1,2,620,1,2363,1,13500.0,270.0,13230.0
4870,1399,2,1,1,620,1,2363,2,12000.0,480.0,23520.0
4871,672,2,1,1,498,1,245,1,12000.0,240.0,11760.0
4872,672,2,1,2,498,1,245,2,16500.0,3300.0,29700.0
4873,1351,2,1,1,475,1,3059,3,12000.0,0.0,36000.0
4874,1351,2,1,1,475,1,3059,1,12000.0,0.0,12000.0
4875,1351,2,1,2,475,1,3059,2,15750.0,3150.0,28350.0
4876,725,1,,2,574,1776,2013,1,15000.0,0.0,15000.0
4877,725,1,,1,574,1776,2013,3,12000.0,0.0,36000.0
4878,1288,2,3,2,535,3,813,2,15750.0,3150.0,28350.0
4879,542,1,,2,558,2243,3120,3,15750.0,945.0,46305.0
4880,205,1,,2,993,2420,,1,15000.0,0.0,15000.0
4881,205,1,,1,993,2420,,3,12600.0,3780.0,34020.0
4882,421,1,,1,479,1182,2148,1,12600.0,0.0,12600.0
4883,433,1,,1,603,2925,,3,12000.0,0.0,36000.0
4884,433,1,,2,603,2925,,2,15750.0,630.0,30870.0
4885,313,1,,2,540,1495,1276,1,15750.0,0.0,15750.0
4886,556,2,4,1,404,4,,3,12000.0,1800.0,34200.0
4887,1225,1,,1,833,709,1799,2,12000.0,0.0,24000.0
4888,1326,1,,1,590,2759,229,2,12000.0,0.0,24000.0
4889,1326,1,,1,590,2759,229,3,12000.0,3600.0,32400.0
4890,513,1,,1,900,544,1202,1,10800.0,0.0,10800.0
4891,196,1,,2,491,1750,352,3,16500.0,0.0,49500.0
4892,196,1,,1,491,1750,352,1,12600.0,0.0,12600.0
4893,377,1,,1,638,2521,,2,12000.0,2400.0,21600.0
4894,400,2,2,1,525,2,2697,2,12000.0,0.0,24000.0
4895,1177,1,,2,812,2469,906,1,15750.0,0.0,15750.0
4896,1177,1,,1,812,2469,906,3,12000.0,1800.0,34200.0
4897,833,1,,2,436,1804,172,3,15000.0,0.0,45000.0
4898,833,1,,2,436,1804,172,1,16500.0,0.0,16500.0
4899,308,1,,1,631,1460,1072,1,12600.0,630.0,11970.0
4900,291,2,4,1,626,4,49,3,12000.0,0.0,36000.0
4901,727,1,,2,913,2206,478,1,15000.0,750.0,14250.0
4902,587,2,3,2,726,3,,3,15000.0,2250.0,42750.0
4903,448,2,2,2,702,2,,1,15000.0,1500.0,13500.0
4904,1144,2,1,2,521,1,411,2,13500.0,2700.0,24300.0
4905,1144,2,1,1,521,1,411,2,12000.0,0.0,24000.0
4906,516,1,,1,840,2337,351,2,12600.0,0.0,25200.0
4907,1123,1,,1,658,768,2732,2,12000.0,2400.0,21600.0
4908,1203,1,,1,508,2602,2291,3,12000.0,3600.0,32400.0
4909,377,2,1,1,444,1,3114,1,12000.0,600.0,11400.0
4910,377,2,1,2,444,1,3114,2,15000.0,0.0,30000.0
4911,991,1,,1,456,2865,157,3,12600.0,0.0,37800.0
4912,240,1,,1,857,1068,2137,2,12000.0,1200.0,22800.0
4913,1155,2,4,1,818,4,,1,12000.0,240.0,11760.0
4914,46,2,3,1,450,3,1576,3,12600.0,756.0,37044.0
4915,1102,1,,1,650,1612,1204,1,12600.0,1260.0,11340.0
4916,1402,1,,1,694,123,237,1,12600.0,630.0,11970.0
4917,1402,1,,2,694,123,237,1,15000.0,750.0,14250.0
4918,429,1,,1,724,830,1683,2,12000.0,1200.0,22800.0
4919,429,1,,1,724,830,1683,3,12000.0,3600.0,32400.0
4920,1106,2,2,1,571,2,1815,3,12000.0,3600.0,32400.0
4921,1067,1,,1,618,2637,,1,10800.0,540.0,10260.0
4922,125,1,,2,384,382,,1,15000.0,300.0,14700.0
4923,352,1,,2,973,2832,2915,1,13500.0,270.0,13230.0
4924,592,2,2,1,430,2,3134,1,13200.0,660.0,12540.0
4925,231,2,1,1,412,1,287,3,12600.0,1890.0,35910.0
4926,23,1,,1,454,463,2929,3,13200.0,1980.0,37620.0
4927,622,1,,1,767,282,1103,2,12000.0,480.0,23520.0
4928,971,2,2,2,763,2,256,3,15000.0,2250.0,42750.0
4929,971,2,2,1,763,2,256,3,12000.0,0.0,36000.0
4930,724,2,4,1,656,4,2199,3,10800.0,648.0,31752.0
4931,150,1,,1,783,2642,772,2,10800.0,432.0,21168.0
4932,683,1,,1,519,2740,,2,12600.0,0.0,25200.0
4933,1219,1,,2,639,493,2907,1,15000.0,750.0,14250.0
4934,1219,1,,1,639,493,2907,3,13200.0,3960.0,35640.0
4935,1219,1,,2,639,493,2907,1,15000.0,1500.0,13500.0
4936,71,1,,2,390,495,1437,1,16500.0,825.0,15675.0
4937,120,2,1,2,517,1,1843,3,15000.0,4500.0,40500.0
4938,937,2,3,2,735,3,3019,2,16500.0,3300.0,29700.0
4939,1122,1,,2,534,226,,2,13500.0,540.0,26460.0
4940,1380,1,,1,919,921,2009,3,12000.0,0.0,36000.0
4941,1380,1,,1,919,921,2009,3,12000.0,0.0,36000.0
4942,1380,1,,1,919,921,2009,3,12000.0,0.0,36000.0
4943,910,2,3,1,697,3,894,3,12600.0,3780.0,34020.0
4944,787,1,,1,734,22,,3,12600.0,756.0,37044.0
4945,1155,1,,1,618,515,2790,2,12600.0,1260.0,23940.0
4946,86,1,,1,880,1476,2583,2,13200.0,0.0,26400.0
4947,938,2,4,2,757,4,,1,15000.0,750.0,14250.0
4948,1058,2,4,1,475,4,1711,1,12000.0,0.0,12000.0
4949,414,2,2,2,435,2,2189,2,13500.0,0.0,27000.0
4950,414,2,2,2,435,2,2189,1,15000.0,300.0,14700.0
4951,166,1,,1,618,403,205,2,12000.0,1200.0,22800.0
4952,1427,2,3,1,730,3,3130,3,13200.0,1980.0,37620.0
4953,362,2,4,2,495,4,767,1,15000.0,750.0,14250.0
4954,1491,1,,2,579,2349,1621,3,15750.0,2362.5,44887.5
4955,1491,1,,2,579,2349,1621,1,15000.0,1500.0,13500.0
4956,1491,1,,2,579,2349,1621,1,15000.0,750.0,14250.0
4957,465,1,,1,764,1390,413,2,12000.0,2400.0,21600.0
4958,724,2,3,2,762,3,616,2,16500.0,0.0,33000.0
4959,1342,1,,2,620,51,1480,2,15000.0,1500.0,28500.0
4960,244,2,2,1,973,2,2622,3,12000.0,720.0,35280.0
4961,747,1,,2,486,2066,801,3,15000.0,900.0,44100.0
4962,747,1,,2,486,2066,801,3,13500.0,0.0,40500.0
4963,1225,1,,1,744,326,,2,12000.0,2400.0,21600.0
4964,1225,1,,1,744,326,,1,10800.0,540.0,10260.0
4965,115,2,1,2,666,1,1237,3,16500.0,990.0,48510.0
4966,831,1,,1,778,111,2150,2,10800.0,0.0,21600.0
4967,831,1,,2,778,111,2150,3,15000.0,900.0,44100.0
4968,102,1,,2,724,2000,2309,1,15000.0,0.0,15000.0
4969,666,1,,1,782,1340,2915,1,13200.0,0.0,13200.0
4970,1121,2,2,1,822,2,1112,3,12000.0,0.0,36000.0
4971,841,1,,1,960,2456,211,2,12000.0,0.0,24000.0
4972,1412,1,,1,786,768,326,1,12000.0,240.0,11760.0
4973,1210,1,,2,368,2387,2404,2,15000.0,0.0,30000.0
4974,362,1,,2,684,1359,,1,15000.0,300.0,14700.0
4975,362,1,,1,684,1359,,3,12000.0,3600.0,32400.0
4976,1009,1,,1,698,2432,2354,1,13200.0,660.0,12540.0
4977,1009,1,,2,698,2432,2354,2,16500.0,660.0,32340.0
4978,830,1,,1,823,1650,2339,2,10800.0,1080.0,20520.0
4979,830,1,,2,823,1650,2339,1,15000.0,1500.0,13500.0
4980,995,2,3,1,983,3,3009,1,12000.0,0.0,12000.0
4981,504,1,,1,851,2713,2883,2,10800.0,432.0,21168.0
4982,1093,2,4,1,911,4,2438,3,13200.0,3960.0,35640.0
4983,805,1,,1,898,1631,2084,1,12000.0,600.0,11400.0
4984,657,1,,1,678,881,2951,1,12000.0,240.0,11760.0
4985,965,1,,1,820,3182,543,2,12000.0,0.0,24000.0
4986,965,1,,1,820,3182,543,2,12000.0,0.0,24000.0
4987,965,1,,2,820,3182,543,1,13500.0,270.0,13230.0
4988,439,2,3,1,974,3,476,2,12000.0,1200.0,22800.0
4989,457,1,,2,499,403,304,2,15000.0,0.0,30000.0
4990,457,1,,1,499,403,304,2,12000.0,480.0,23520.0
4991,958,1,,1,668,568,2980,2,12000.0,2400.0,21600.0
4992,958,1,,1,668,568,2980,3,10800.0,1620.0,30780.0
4993,725,1,,1,512,1731,2077,1,13200.0,0.0,13200.0
4994,725,1,,1,512,1731,2077,2,12000.0,480.0,23520.0
4995,725,1,,2,512,1731,2077,2,15000.0,600.0,29400.0
4996,256,2,2,2,396,2,787,3,15000.0,2250.0,42750.0
4997,919,2,2,2,482,2,3039,1,13500.0,270.0,13230.0
4998,292,2,3,1,631,3,323,2,12000.0,2400.0,21600.0
4999,1377,1,,2,704,785,296,1,13500.0,270.0,13230.0
5000,290,1,,1,764,689,2107,1,12000.0,0.0,12000.0
5001,1273,1,,2,904,2258,2675,3,15000.0,0.0,45000.0
5002,1056,2,2,2,915,2,,1,15000.0,750.0,14250.0
5003,601,1,,1,667,238,803,2,13200.0,2640.0,23760.0
5004,601,1,,1,667,238,803,3,12000.0,3600.0,32400.0
5005,1500,1,,2,584,2499,,3,15000.0,4500.0,40500.0
5006,1241,1,,2,502,893,1651,3,13500.0,810.0,39690.0
5007,874,2,3,1,704,3,2871,2,10800.0,432.0,21168.0
5008,911,1,,2,694,1811,2601,3,15000.0,900.0,44100.0
5009,910,1,,1,785,1304,290,2,10800.0,432.0,21168.0
5010,1089,2,2,1,816,2,1477,3,10800.0,0.0,32400.0
5011,1089,2,2,2,816,2,1477,2,15000.0,600.0,29400.0
5012,855,1,,2,448,266,570,3,15750.0,4725.0,42525.0
5013,543,1,,2,593,1176,277,2,15000.0,0.0,30000.0
5014,738,2,1,2,648,1,2122,2,15000.0,3000.0,27000.0
5015,1043,1,,2,703,972,507,2,13500.0,0.0,27000.0
5016,733,1,,2,920,1346,871,1,15000.0,750.0,14250.0
5017,77,1,,2,542,1258,,2,16500.0,0.0,33000.0
5018,77,1,,1,542,1258,,3,12000.0,1800.0,34200.0
5019,77,1,,1,542,1258,,1,12000.0,1200.0,10800.0
5020,1067,1,,2,882,286,1995,2,15000.0,600.0,29400.0
5021,387,1,,1,372,221,2582,2,10800.0,1080.0,20520.0
5022,387,1,,2,372,221,2582,1,13500.0,1350.0,12150.0
5023,942,2,1,2,722,1,,1,15750.0,1575.0,14175.0
5024,863,2,1,2,803,1,156,3,15000.0,4500.0,40500.0
5025,1368,2,2,1,928,2,2677,3,12000.0,720.0,35280.0
5026,1368,2,2,2,928,2,2677,3,15000.0,0.0,45000.0
5027,722,1,,2,818,1785,2988,3,15000.0,4500.0,40500.0
5028,168,1,,1,855,2409,1617,2,12000.0,1200.0,22800.0
5029,625,1,,1,608,1413,127,1,13200.0,660.0,12540.0
5030,1021,1,,2,481,2618,,3,15000.0,2250.0,42750.0
5031,739,1,,1,543,1829,2620,1,13200.0,0.0,13200.0
5032,739,1,,2,543,1829,2620,3,15000.0,2250.0,42750.0
5033,1362,1,,2,855,2572,2096,3,13500.0,0.0,40500.0
5034,921,1,,1,768,1269,2881,3,10800.0,1620.0,30780.0
5035,1071,2,2,1,827,2,505,3,12000.0,0.0,36000.0
5036,759,1,,2,487,980,428,2,13500.0,0.0,27000.0
5037,759,1,,2,487,980,428,2,15000.0,600.0,29400.0
5038,285,1,,2,864,1647,2806,2,13500.0,540.0,26460.0
5039,200,2,3,2,668,3,734,2,15000.0,600.0,29400.0
5040,1377,1,,1,899,2173,1852,1,12000.0,0.0,12000.0
5041,1377,1,,1,899,2173,1852,3,12000.0,3600.0,32400.0
5042,278,2,2,1,490,2,1561,1,12000.0,600.0,11400.0
5043,519,2,2,2,960,2,1988,1,15000.0,1500.0,13500.0
5044,1476,1,,2,613,2918,,1,15000.0,300.0,14700.0
5045,1026,1,,2,461,1288,2207,3,16500.0,2475.0,47025.0
5046,1026,1,,1,461,1288,2207,2,13200.0,528.0,25872.0
5047,820,1,,2,384,1072,,1,15000.0,750.0,14250.0
5048,1140,1,,1,597,1546,3048,1,12000.0,240.0,11760.0
5049,382,2,1,2,616,1,5,2,15000.0,3000.0,27000.0
5050,246,1,,1,458,818,66,3,12000.0,1800.0,34200.0
5051,798,1,,1,905,1755,,3,12000.0,1800.0,34200.0
5052,1167,1,,1,406,788,869,2,13200.0,528.0,25872.0
5053,1454,1,,1,782,2615,505,3,12600.0,0.0,37800.0
5054,488,2,3,1,600,3,977,1,12000.0,600.0,11400.0
5055,1116,1,,2,752,827,543,1,15750.0,1575.0,14175.0
5056,1116,1,,2,752,827,543,1,15750.0,0.0,15750.0
5057,1116,1,,2,752,827,543,2,15000.0,3000.0,27000.0
5058,15,1,,2,655,512,598,1,15000.0,0.0,15000.0
5059,15,1,,1,655,512,598,2,13200.0,1320.0,25080.0
5060,332,2,1,1,960,1,,3,12000.0,3600.0,32400.0
5061,332,2,1,1,960,1,,1,12000.0,600.0,11400.0
5062,707,2,1,1,457,1,116,2,12000.0,1200.0,22800.0
5063,238,1,,2,928,2785,1354,3,15000.0,0.0,45000.0
5064,238,1,,2,928,2785,1354,2,15000.0,1500.0,28500.0
5065,66,2,2,1,453,2,1569,3,12000.0,720.0,35280.0
5066,407,1,,2,924,1386,635,3,15000.0,4500.0,40500.0
5067,1095,1,,1,625,2122,1795,3,10800.0,648.0,31752.0
5068,553,2,1,2,606,1,1910,3,15000.0,0.0,45000.0
5069,533,1,,2,477,390,2183,2,15000.0,0.0,30000.0
5070,533,1,,1,477,390,2183,1,12000.0,600.0,11400.0
5071,332,1,,2,711,907,2774,1,15000.0,300.0,14700.0
5072,730,1,,1,831,708,759,2,12000.0,2400.0,21600.0
5073,730,1,,1,831,708,759,3,12600.0,1890.0,35910.0
5074,615,2,3,2,599,3,450,3,15000.0,900.0,44100.0
5075,1274,1,,2,486,1883,,2,15000.0,1500.0,28500.0
5076,1275,2,2,2,788,2,,1,15750.0,0.0,15750.0
5077,595,2,3,2,482,3,72,3,15000.0,2250.0,42750.0
5078,1086,1,,2,999,2673,1145,1,15000.0,300.0,14700.0
5079,945,1,,1,878,2442,482,1,10800.0,0.0,10800.0
5080,945,1,,1,878,2442,482,2,10800.0,432.0,21168.0
5081,1296,2,4,1,493,4,1235,1,12000.0,240.0,11760.0
5082,1296,2,4,1,493,4,1235,2,13200.0,1320.0,25080.0
5083,1467,1,,1,1002,2758,2219,1,13200.0,264.0,12936.0
5084,468,1,,2,874,1726,788,3,15750.0,0.0,47250.0
5085,468,1,,2,874,1726,788,2,15750.0,1575.0,29925.0
5086,23,2,1,2,413,1,1958,1,15000.0,750.0,14250.0
5087,175,2,1,2,719,1,1752,1,15000.0,300.0,14700.0
5088,175,2,1,2,719,1,1752,2,15000.0,0.0,30000.0
5089,1157,1,,1,698,3068,1895,3,12000.0,1800.0,34200.0
5090,1157,1,,2,698,3068,1895,3,15000.0,900.0,44100.0
5091,481,1,,1,875,1562,1187,3,13200.0,1980.0,37620.0
5092,975,1,,1,723,648,2300,3,12000.0,720.0,35280.0
5093,975,1,,1,723,648,2300,3,12000.0,720.0,35280.0
5094,975,1,,2,723,648,2300,2,15000.0,0.0,30000.0
5095,760,2,4,2,764,4,2348,1,16500.0,825.0,15675.0
5096,586,1,,1,642,361,2682,3,12000.0,720.0,35280.0
5097,1407,1,,1,843,1302,53,3,12000.0,720.0,35280.0
5098,974,1,,2,712,2411,2189,1,13500.0,0.0,13500.0
5099,974,1,,1,712,2411,2189,3,10800.0,1620.0,30780.0
5100,1446,1,,2,657,2452,223,3,15000.0,0.0,45000.0
5101,1446,1,,1,657,2452,223,1,12000.0,1200.0,10800.0
5102,1298,1,,2,855,1173,1575,2,15000.0,0.0,30000.0
5103,588,2,2,1,728,2,2257,3,13200.0,0.0,39600.0
5104,668,1,,2,984,308,895,3,15000.0,0.0,45000.0
5105,1294,1,,1,556,441,1563,3,12000.0,720.0,35280.0
5106,266,1,,1,756,1266,2636,3,12000.0,0.0,36000.0
5107,1323,2,2,2,367,2,2835,3,15000.0,4500.0,40500.0
5108,1117,1,,2,824,1973,1686,2,15000.0,600.0,29400.0
5109,306,1,,1,411,223,1553,3,13200.0,1980.0,37620.0
5110,850,1,,1,600,257,2171,2,12000.0,480.0,23520.0
5111,850,1,,2,600,257,2171,1,13500.0,270.0,13230.0
5112,732,2,3,1,497,3,,1,10800.0,0.0,10800.0
5113,961,1,,2,630,1365,2174,2,13500.0,540.0,26460.0
5114,193,2,3,1,469,3,2636,3,12000.0,0.0,36000.0
5115,193,2,3,2,469,3,2636,3,15000.0,2250.0,42750.0
5116,193,2,3,1,469,3,2636,3,10800.0,0.0,32400.0
5117,345,1,,1,578,577,2658,3,12000.0,3600.0,32400.0
5118,92,1,,1,599,1275,2656,3,12000.0,0.0,36000.0
5119,313,2,4,2,483,4,1115,1,15000.0,0.0,15000.0
5120,99,2,3,1,572,3,2102,3,12000.0,1800.0,34200.0
5121,99,2,3,1,572,3,2102,3,13200.0,0.0,39600.0
5122,1270,1,,1,552,1545,2240,3,12000.0,1800.0,34200.0
5123,919,2,4,2,925,4,981,1,15000.0,0.0,15000.0
5124,1343,1,,1,989,1613,,2,13200.0,2640.0,23760.0
5125,424,1,,2,821,1509,2679,3,13500.0,4050.0,36450.0
5126,424,1,,2,821,1509,2679,2,15000.0,0.0,30000.0
5127,884,1,,1,427,639,2965,3,12000.0,1800.0,34200.0
5128,1398,1,,1,700,711,461,3,12600.0,3780.0,34020.0
5129,747,2,2,1,823,2,,1,12000.0,240.0,11760.0
5130,1285,1,,1,737,3127,2859,3,12000.0,1800.0,34200.0
5131,120,1,,1,493,1669,1558,1,13200.0,1320.0,11880.0
5132,1449,2,1,1,973,1,1528,2,12000.0,2400.0,21600.0
5133,814,1,,2,455,494,1201,1,15000.0,1500.0,13500.0
5134,814,1,,1,455,494,1201,1,12000.0,600.0,11400.0
5135,462,2,2,1,438,2,461,3,12000.0,720.0,35280.0
5136,462,2,2,1,438,2,461,2,12000.0,2400.0,21600.0
5137,127,1,,1,717,1982,1101,2,12600.0,1260.0,23940.0
5138,509,2,2,1,448,2,2694,3,12000.0,0.0,36000.0
5139,509,2,2,1,448,2,2694,1,12000.0,600.0,11400.0
5140,308,1,,1,628,1884,3076,3,12000.0,720.0,35280.0
5141,199,1,,1,687,2465,2053,3,12600.0,0.0,37800.0
5142,199,1,,2,687,2465,2053,3,15000.0,2250.0,42750.0
5143,320,1,,1,774,1687,179,2,12000.0,480.0,23520.0
5144,320,1,,2,774,1687,179,3,15000.0,4500.0,40500.0
5145,471,2,2,2,693,2,3158,3,16500.0,990.0,48510.0
5146,927,1,,1,988,2123,695,1,12000.0,0.0,12000.0
5147,1353,2,4,2,728,4,1644,1,15750.0,315.0,15435.0
5148,1353,2,4,1,728,4,1644,3,12000.0,1800.0,34200.0
5149,1307,1,,1,477,26,166,2,12000.0,480.0,23520.0
5150,1307,1,,2,477,26,166,2,15000.0,600.0,29400.0
5151,506,2,2,2,632,2,,1,15750.0,0.0,15750.0
5152,506,2,2,1,632,2,,2,13200.0,2640.0,23760.0
5153,575,2,1,1,455,1,2428,3,12000.0,3600.0,32400.0
5154,79,2,1,1,831,1,1559,3,10800.0,648.0,31752.0
5155,1118,1,,1,762,218,1322,2,12000.0,1200.0,22800.0
5156,735,1,,1,383,2419,728,1,12600.0,0.0,12600.0
5157,735,1,,1,383,2419,728,2,12000.0,2400.0,21600.0
5158,1246,2,3,2,369,3,514,2,15000.0,600.0,29400.0
5159,1246,2,3,1,369,3,514,1,12000.0,240.0,11760.0
5160,1078,1,,1,848,863,,1,12000.0,600.0,11400.0
5161,1142,1,,2,504,1331,,1,15000.0,0.0,15000.0
5162,474,2,1,2,491,1,1035,1,15000.0,0.0,15000.0
5163,1015,2,4,1,928,4,1171,2,12600.0,1260.0,23940.0
5164,970,2,1,1,659,1,,3,12000.0,0.0,36000.0
5165,962,2,1,2,442,1,,3,13500.0,810.0,39690.0
5166,1224,2,1,1,701,1,950,1,12000.0,1200.0,10800.0
5167,1330,1,,1,752,1351,1552,2,12000.0,2400.0,21600.0
5168,1330,1,,1,752,1351,1552,2,12000.0,0.0,24000.0
5169,1121,2,2,2,954,2,3011,2,15000.0,0.0,30000.0
5170,1,2,2,1,945,2,,3,12000.0,3600.0,32400.0
5171,530,1,,1,605,1933,543,2,12000.0,1200.0,22800.0
5172,793,2,2,1,722,2,74,3,12600.0,756.0,37044.0
5173,348,2,2,2,465,2,820,2,13500.0,540.0,26460.0
5174,621,1,,2,646,1094,3168,1,15000.0,1500.0,13500.0
5175,621,1,,2,646,1094,3168,2,15750.0,3150.0,28350.0
5176,621,1,,2,646,1094,3168,1,15000.0,0.0,15000.0
5177,279,2,1,2,467,1,1987,1,15000.0,0.0,15000.0
5178,462,1,,2,873,1442,613,3,15000.0,4500.0,40500.0
5179,78,2,1,1,557,1,,1,12600.0,630.0,11970.0
5180,613,1,,2,537,393,773,2,15000.0,1500.0,28500.0
5181,1101,2,1,2,821,1,1159,1,15000.0,300.0,14700.0
5182,154,1,,1,522,1244,163,2,12600.0,504.0,24696.0
5183,154,1,,2,522,1244,163,1,15000.0,300.0,14700.0
5184,558,1,,2,533,694,1476,1,13500.0,1350.0,12150.0
5185,373,1,,1,648,2256,558,3,12000.0,3600.0,32400.0
5186,373,1,,1,648,2256,558,2,12000.0,0.0,24000.0
5187,1385,1,,2,755,2185,2049,1,15000.0,1500.0,13500.0
5188,1235,2,2,1,604,2,490,3,12000.0,3600.0,32400.0
5189,1235,2,2,2,604,2,490,1,15000.0,750.0,14250.0
5190,346,1,,1,600,842,1219,3,12000.0,1800.0,34200.0
5191,1413,2,3,2,831,3,1489,1,13500.0,0.0,13500.0
5192,1072,2,1,2,449,1,2832,3,15000.0,0.0,45000.0
5193,59,1,,2,482,1700,39,3,15000.0,900.0,44100.0
5194,748,1,,1,836,1470,161,3,12000.0,0.0,36000.0
5195,1433,2,2,2,376,2,,3,15000.0,900.0,44100.0
5196,172,2,2,1,478,2,41,3,13200.0,1980.0,37620.0
5197,172,2,2,1,478,2,41,3,13200.0,0.0,39600.0
5198,380,1,,1,683,85,839,3,12600.0,1890.0,35910.0
5199,380,1,,1,683,85,839,1,12600.0,630.0,11970.0
5200,1245,1,,2,866,896,530,2,15000.0,600.0,29400.0
5201,345,1,,1,706,468,2785,3,12000.0,1800.0,34200.0
5202,1237,1,,2,889,362,103,1,15000.0,750.0,14250.0
5203,190,2,4,2,769,4,2225,1,15000.0,0.0,15000.0
5204,731,2,1,1,438,1,342,1,10800.0,1080.0,9720.0
5205,1423,1,,2,931,2914,,2,15000.0,1500.0,28500.0
5206,1262,1,,2,851,3141,1359,1,15000.0,1500.0,13500.0
5207,615,1,,1,976,2565,132,1,12000.0,600.0,11400.0
5208,615,1,,1,976,2565,132,1,12600.0,0.0,12600.0
5209,615,1,,1,976,2565,132,2,12000.0,1200.0,22800.0
5210,1481,2,3,1,441,3,2697,2,12000.0,2400.0,21600.0
5211,657,2,4,1,623,4,2739,2,10800.0,432.0,21168.0
5212,1304,2,4,2,803,4,1072,3,15000.0,2250.0,42750.0
5213,1438,2,2,2,980,2,1995,3,15000.0,0.0,45000.0
5214,1438,2,2,1,980,2,1995,2,10800.0,432.0,21168.0
5215,1275,2,1,2,552,1,,2,16500.0,1650.0,31350.0
5216,1251,2,4,2,763,4,994,2,15000.0,600.0,29400.0
5217,439,1,,1,936,2053,314,1,10800.0,540.0,10260.0
5218,439,1,,2,936,2053,314,2,15000.0,600.0,29400.0
5219,1110,1,,1,728,783,1838,1,10800.0,216.0,10584.0
5220,1110,1,,2,728,783,1838,2,13500.0,0.0,27000.0
5221,385,2,1,2,706,1,1778,1,15000.0,750.0,14250.0
5222,1163,2,1,1,735,1,,2,10800.0,1080.0,20520.0
5223,91,1,,1,624,2738,3147,2,10800.0,0.0,21600.0
5224,91,1,,1,624,2738,3147,3,10800.0,1620.0,30780.0
5225,91,1,,1,624,2738,3147,2,12000.0,1200.0,22800.0
5226,79,1,,1,751,2342,1747,1,12000.0,1200.0,10800.0
5227,724,1,,2,402,3093,2542,3,15000.0,0.0,45000.0
5228,602,1,,2,863,429,872,2,13500.0,1350.0,25650.0
5229,299,2,3,2,838,3,575,2,15000.0,600.0,29400.0
5230,879,1,,1,922,1538,2135,1,12000.0,0.0,12000.0
5231,872,2,4,2,631,4,2478,1,15000.0,750.0,14250.0
5232,872,2,4,1,631,4,2478,2,12000.0,2400.0,21600.0
5233,1194,1,,1,452,2081,136,3,12000.0,720.0,35280.0
5234,620,1,,2,621,2492,2269,1,13500.0,675.0,12825.0
5235,521,1,,2,959,2813,2946,3,15000.0,4500.0,40500.0
5236,257,2,4,2,667,4,2892,3,15000.0,4500.0,40500.0
5237,309,2,4,1,856,4,2700,3,10800.0,648.0,31752.0
5238,974,2,4,2,826,4,2508,2,15000.0,600.0,29400.0
5239,974,2,4,2,826,4,2508,1,15750.0,1575.0,14175.0
5240,308,2,1,1,887,1,2183,2,12000.0,2400.0,21600.0
5241,1418,1,,2,669,311,2030,3,15000.0,2250.0,42750.0
5242,106,2,2,1,714,2,,3,12000.0,0.0,36000.0
5243,858,1,,1,690,489,3071,2,12000.0,480.0,23520.0
5244,41,2,2,1,539,2,541,3,10800.0,1620.0,30780.0
5245,115,2,1,2,427,1,3114,3,15000.0,0.0,45000.0
5246,546,1,,1,892,466,2822,2,12600.0,504.0,24696.0
5247,546,1,,2,892,466,2822,2,15000.0,600.0,29400.0
5248,686,2,1,2,998,1,2301,3,15750.0,2362.5,44887.5
5249,831,1,,1,557,2939,2478,2,12000.0,2400.0,21600.0
5250,806,1,,2,551,1006,2138,2,16500.0,1650.0,31350.0
5251,640,2,3,1,828,3,870,2,12000.0,0.0,24000.0
5252,305,1,,1,968,2592,3154,2,13200.0,1320.0,25080.0
5253,803,1,,1,386,2597,314,2,10800.0,0.0,21600.0
5254,1221,2,3,1,375,3,,1,12000.0,1200.0,10800.0
5255,1221,2,3,2,375,3,,3,13500.0,4050.0,36450.0
5256,868,2,1,1,368,1,468,2,12000.0,1200.0,22800.0
5257,817,1,,2,669,505,130,2,15000.0,0.0,30000.0
5258,640,1,,2,891,2477,2142,2,15000.0,1500.0,28500.0
5259,991,1,,2,877,2487,1449,2,15000.0,600.0,29400.0
5260,1353,1,,1,641,524,1828,1,10800.0,1080.0,9720.0
5261,228,1,,2,590,311,2858,1,15750.0,1575.0,14175.0
5262,228,1,,1,590,311,2858,1,12000.0,0.0,12000.0
5263,1021,2,2,1,920,2,76,2,10800.0,1080.0,20520.0
5264,50,1,,1,592,410,2752,3,12000.0,0.0,36000.0
5265,949,2,2,1,399,2,387,2,12000.0,2400.0,21600.0
5266,949,2,2,1,399,2,387,2,12000.0,480.0,23520.0
5267,671,2,4,2,712,4,2411,2,15000.0,600.0,29400.0
5268,671,2,4,2,712,4,2411,2,13500.0,1350.0,25650.0
5269,449,1,,1,847,2024,642,2,12600.0,0.0,25200.0
5270,202,1,,2,692,2871,2578,2,16500.0,1650.0,31350.0
5271,202,1,,1,692,2871,2578,3,12000.0,3600.0,32400.0
5272,479,2,3,2,725,3,1277,2,15000.0,1500.0,28500.0
5273,204,1,,1,839,3015,242,1,12600.0,1260.0,11340.0
5274,539,2,2,1,903,2,625,3,10800.0,0.0,32400.0
5275,500,2,2,2,462,2,2900,3,13500.0,2025.0,38475.0
5276,1202,1,,1,723,1218,1155,3,13200.0,1980.0,37620.0
5277,1259,2,3,1,889,3,2810,1,13200.0,1320.0,11880.0
5278,1259,2,3,1,889,3,2810,3,12000.0,1800.0,34200.0
5279,397,2,4,2,840,4,1020,3,15750.0,2362.5,44887.5
5280,787,1,,2,652,3006,1583,1,13500.0,0.0,13500.0
5281,463,2,4,2,624,4,1858,1,15000.0,0.0,15000.0
5282,1044,2,3,2,524,3,639,3,15000.0,4500.0,40500.0
5283,1044,2,3,1,524,3,639,2,12600.0,1260.0,23940.0
5284,1044,2,3,1,524,3,639,3,12600.0,756.0,37044.0
5285,1154,1,,2,641,1702,344,1,15000.0,1500.0,13500.0
5286,485,1,,1,711,2501,323,3,12600.0,0.0,37800.0
5287,485,1,,2,711,2501,323,1,15000.0,1500.0,13500.0
5288,1070,1,,1,629,1332,378,1,12000.0,240.0,11760.0
5289,1070,1,,1,629,1332,378,2,12000.0,0.0,24000.0
5290,1070,1,,2,629,1332,378,3,13500.0,2025.0,38475.0
5291,415,2,4,2,660,4,598,3,16500.0,4950.0,44550.0
5292,280,1,,2,383,710,1682,3,13500.0,0.0,40500.0
5293,1422,2,3,1,788,3,3076,2,13200.0,2640.0,23760.0
5294,1422,2,3,1,788,3,3076,3,12000.0,1800.0,34200.0
5295,1245,1,,2,403,439,,1,15000.0,0.0,15000.0
5296,742,1,,2,1002,2441,2034,2,13500.0,1350.0,25650.0
5297,72,1,,2,581,1369,1091,2,15750.0,0.0,31500.0
5298,72,1,,1,581,1369,1091,3,12000.0,0.0,36000.0
5299,15,1,,2,824,2357,2444,2,15000.0,600.0,29400.0
5300,76,1,,1,378,2462,1580,3,12000.0,3600.0,32400.0
5301,935,1,,1,717,784,2000,2,12000.0,0.0,24000.0
5302,897,1,,2,800,2318,2764,3,15000.0,900.0,44100.0
5303,1265,2,2,2,612,2,2557,2,13500.0,1350.0,25650.0
5304,835,1,,1,648,1926,2495,2,12000.0,0.0,24000.0
5305,1149,1,,2,549,3062,2804,1,15000.0,0.0,15000.0
5306,1285,1,,1,495,2120,,3,12000.0,1800.0,34200.0
5307,1120,2,4,2,376,4,,2,15750.0,630.0,30870.0
5308,42,1,,2,617,2945,,2,15000.0,0.0,30000.0
5309,42,1,,2,617,2945,,1,15000.0,750.0,14250.0
5310,1127,1,,2,626,3156,2097,3,15750.0,4725.0,42525.0
5311,578,2,4,1,799,4,3023,2,12000.0,1200.0,22800.0
5312,28,1,,2,594,821,,3,16500.0,0.0,49500.0
5313,1201,2,2,1,743,2,367,3,13200.0,3960.0,35640.0
5314,1041,2,3,1,997,3,2002,1,12000.0,240.0,11760.0
5315,210,1,,2,421,2381,2478,1,13500.0,1350.0,12150.0
5316,210,1,,2,421,2381,2478,3,15000.0,2250.0,42750.0
5317,649,2,4,2,399,4,2952,2,15000.0,0.0,30000.0
5318,649,2,4,2,399,4,2952,3,15000.0,2250.0,42750.0
5319,649,2,4,1,399,4,2952,2,12000.0,2400.0,21600.0
5320,59,2,3,1,945,3,223,3,12000.0,1800.0,34200.0
5321,167,2,4,2,646,4,1539,2,15750.0,0.0,31500.0
5322,1107,1,,2,482,262,,2,15000.0,0.0,30000.0
5323,181,1,,1,659,2193,3172,2,12000.0,1200.0,22800.0
5324,181,1,,2,659,2193,3172,1,15000.0,300.0,14700.0
5325,1382,2,4,1,667,4,97,2,12000.0,480.0,23520.0
5326,352,1,,1,960,540,2021,2,13200.0,528.0,25872.0
5327,606,1,,2,398,2422,2793,2,15000.0,600.0,29400.0
5328,756,2,1,1,444,1,160,2,12000.0,0.0,24000.0
5329,756,2,1,1,444,1,160,1,10800.0,1080.0,9720.0
5330,1295,1,,1,651,618,2945,2,12000.0,480.0,23520.0
5331,1295,1,,1,651,618,2945,2,12000.0,0.0,24000.0
5332,1295,1,,2,651,618,2945,1,15000.0,0.0,15000.0
5333,47,1,,2,568,1717,560,2,15000.0,1500.0,28500.0
5334,901,2,4,1,602,4,1396,3,12600.0,0.0,37800.0
5335,447,2,2,1,486,2,3104,1,12000.0,0.0,12000.0
5336,914,1,,2,832,2680,2793,2,15000.0,3000.0,27000.0
5337,1462,2,2,2,732,2,2696,2,13500.0,540.0,26460.0
5338,164,2,2,2,644,2,1377,3,16500.0,990.0,48510.0
5339,960,1,,1,652,1513,1886,1,12000.0,240.0,11760.0
5340,1001,1,,1,781,2051,1134,1,10800.0,540.0,10260.0
5341,390,2,2,1,915,2,,1,12000.0,600.0,11400.0
5342,1011,1,,2,955,735,1748,2,15000.0,600.0,29400.0
5343,1011,1,,1,955,735,1748,1,12000.0,600.0,11400.0
5344,1369,1,,1,569,2741,1727,3,12600.0,1890.0,35910.0
5345,235,1,,1,818,1504,2271,3,12000.0,0.0,36000.0
5346,458,2,4,2,899,4,2399,2,15000.0,3000.0,27000.0
5347,458,2,4,2,899,4,2399,1,15000.0,1500.0,13500.0
5348,458,2,4,2,899,4,2399,2,15000.0,1500.0,28500.0
5349,1475,2,1,1,866,1,,3,10800.0,648.0,31752.0
5350,609,1,,1,369,2730,,1,12000.0,600.0,11400.0
5351,668,1,,2,937,226,,3,13500.0,4050.0,36450.0
5352,789,2,1,1,486,1,2106,2,12000.0,0.0,24000.0
5353,279,2,1,1,939,1,2223,1,12600.0,1260.0,11340.0
5354,489,2,2,2,766,2,574,1,15000.0,0.0,15000.0
5355,489,2,2,1,766,2,574,3,12600.0,1890.0,35910.0
5356,1388,1,,2,839,2780,2370,3,13500.0,0.0,40500.0
5357,1388,1,,1,839,2780,2370,1,10800.0,1080.0,9720.0
5358,752,1,,2,780,1023,2259,3,16500.0,0.0,49500.0
5359,1217,1,,1,653,1918,784,3,12000.0,0.0,36000.0
5360,1064,1,,1,893,717,1040,1,12600.0,0.0,12600.0
5361,1064,1,,2,893,717,1040,2,15000.0,1500.0,28500.0
5362,735,1,,2,872,1048,374,3,13500.0,0.0,40500.0
5363,133,2,4,1,789,4,2691,3,12000.0,0.0,36000.0
5364,133,2,4,1,789,4,2691,2,10800.0,2160.0,19440.0
5365,358,1,,1,990,2086,2437,1,12000.0,1200.0,10800.0
5366,1440,1,,1,833,346,,1,12000.0,240.0,11760.0
5367,1440,1,,2,833,346,,2,15000.0,1500.0,28500.0
5368,1067,1,,2,1001,750,577,2,16500.0,1650.0,31350.0
5369,1067,1,,2,1001,750,577,3,15000.0,4500.0,40500.0
5370,512,1,,2,787,2805,1408,3,15000.0,900.0,44100.0
5371,434,1,,1,599,503,2588,1,10800.0,216.0,10584.0
5372,434,1,,1,599,503,2588,2,12600.0,504.0,24696.0
5373,64,1,,1,694,2804,1397,1,10800.0,540.0,10260.0
5374,485,1,,2,850,3057,2093,1,15000.0,750.0,14250.0
5375,1014,2,3,1,928,3,2097,3,12000.0,0.0,36000.0
5376,1014,2,3,2,928,3,2097,1,15000.0,1500.0,13500.0
5377,204,1,,2,847,906,623,2,13500.0,0.0,27000.0
5378,1491,1,,2,402,1674,2080,1,15750.0,787.5,14962.5
5379,1356,1,,1,947,195,,2,12000.0,480.0,23520.0
5380,501,1,,1,551,1202,671,1,12000.0,600.0,11400.0
5381,501,1,,2,551,1202,671,1,13500.0,1350.0,12150.0
5382,214,1,,2,407,194,174,3,13500.0,2025.0,38475.0
5383,340,2,4,1,880,4,254,2,13200.0,0.0,26400.0
5384,775,2,1,2,838,1,1107,3,16500.0,2475.0,47025.0
5385,775,2,1,1,838,1,1107,2,12000.0,2400.0,21600.0
5386,1073,1,,2,596,2885,448,2,15000.0,0.0,30000.0
5387,343,2,3,1,994,3,1994,3,10800.0,0.0,32400.0
5388,343,2,3,1,994,3,1994,1,12000.0,0.0,12000.0
5389,343,2,3,2,994,3,1994,2,15000.0,600.0,29400.0
5390,1119,1,,2,881,67,1312,2,15000.0,600.0,29400.0
5391,1119,1,,2,881,67,1312,3,15000.0,4500.0,40500.0
5392,1449,2,2,1,1002,2,323,2,12000.0,0.0,24000.0
5393,51,1,,2,872,685,3204,2,15000.0,3000.0,27000.0
5394,1292,1,,1,869,361,2104,2,12000.0,2400.0,21600.0
5395,1292,1,,1,869,361,2104,1,12000.0,240.0,11760.0
5396,419,1,,2,513,2421,,2,13500.0,0.0,27000.0
5397,985,2,3,2,721,3,197,3,15000.0,0.0,45000.0
5398,985,2,3,1,721,3,197,1,13200.0,264.0,12936.0
5399,1327,1,,1,381,2958,512,2,12000.0,480.0,23520.0
5400,1327,1,,1,381,2958,512,1,12000.0,600.0,11400.0
5401,904,1,,1,614,3152,647,1,12000.0,240.0,11760.0
5402,904,1,,1,614,3152,647,2,13200.0,2640.0,23760.0
5403,232,2,4,1,503,4,,3,13200.0,1980.0,37620.0
5404,759,1,,1,620,381,1697,1,10800.0,540.0,10260.0
5405,1340,1,,2,368,1832,610,3,15000.0,0.0,45000.0
5406,554,1,,1,703,1057,2504,3,10800.0,0.0,32400.0
5407,1158,1,,1,588,2219,1555,2,12000.0,0.0,24000.0
5408,1163,2,2,1,435,2,2282,3,12000.0,1800.0,34200.0
5409,1379,1,,1,509,474,916,1,12600.0,252.0,12348.0
5410,296,1,,1,820,1197,1342,2,12000.0,0.0,24000.0
5411,296,1,,1,820,1197,1342,2,12600.0,0.0,25200.0
5412,236,1,,1,660,268,1756,2,10800.0,1080.0,20520.0
5413,236,1,,2,660,268,1756,1,13500.0,270.0,13230.0
5414,236,1,,1,660,268,1756,3,12000.0,3600.0,32400.0
5415,1394,1,,2,983,2090,3168,3,15000.0,4500.0,40500.0
5416,1394,1,,2,983,2090,3168,3,16500.0,0.0,49500.0
5417,269,2,3,2,654,3,,2,16500.0,660.0,32340.0
5418,269,2,3,1,654,3,,1,12000.0,240.0,11760.0
5419,448,1,,2,884,861,2288,2,15750.0,3150.0,28350.0
5420,1074,1,,1,891,262,2113,3,12600.0,3780.0,34020.0
5421,1313,1,,1,495,2163,424,3,12000.0,3600.0,32400.0
5422,363,1,,2,741,2344,,3,15000.0,4500.0,40500.0
5423,801,1,,2,989,2152,2385,3,16500.0,4950.0,44550.0
5424,1068,1,,1,726,1957,1539,3,12000.0,3600.0,32400.0
5425,1068,1,,1,726,1957,1539,2,12000.0,0.0,24000.0
5426,333,1,,1,772,27,2261,2,12600.0,1260.0,23940.0
5427,276,1,,1,633,81,1139,2,12000.0,1200.0,22800.0
5428,276,1,,1,633,81,1139,3,12600.0,3780.0,34020.0
5429,481,1,,1,777,3195,1040,2,13200.0,0.0,26400.0
5430,784,1,,2,589,151,1901,3,15000.0,2250.0,42750.0
5431,784,1,,1,589,151,1901,1,12000.0,1200.0,10800.0
5432,1451,2,4,1,917,4,,1,12600.0,252.0,12348.0
5433,1451,2,4,2,917,4,,1,15750.0,0.0,15750.0
5434,849,2,2,1,800,2,2937,2,12000.0,480.0,23520.0
5435,849,2,2,1,800,2,2937,3,13200.0,0.0,39600.0
5436,94,1,,2,424,430,,2,15000.0,0.0,30000.0
5437,752,1,,1,760,1899,1297,2,12000.0,2400.0,21600.0
5438,624,2,1,1,705,1,2272,2,10800.0,1080.0,20520.0
5439,624,2,1,2,705,1,2272,3,15750.0,0.0,47250.0
5440,624,2,1,2,705,1,2272,1,13500.0,675.0,12825.0
5441,1051,2,1,1,867,1,2613,3,12000.0,720.0,35280.0
5442,1051,2,1,1,867,1,2613,1,12000.0,1200.0,10800.0
5443,505,2,2,2,575,2,332,1,15000.0,750.0,14250.0
5444,127,2,2,2,488,2,732,2,15000.0,0.0,30000.0
5445,1111,1,,1,474,1122,2380,3,12000.0,0.0,36000.0
5446,652,2,1,1,864,1,981,2,12600.0,0.0,25200.0
5447,246,1,,1,817,2528,1062,1,12000.0,600.0,11400.0
5448,246,1,,2,817,2528,1062,3,15000.0,2250.0,42750.0
5449,839,1,,2,801,1821,218,2,15750.0,0.0,31500.0
5450,689,2,1,2,890,1,1108,1,15000.0,0.0,15000.0
5451,689,2,1,2,890,1,1108,1,15000.0,750.0,14250.0
5452,758,1,,1,449,1905,107,3,12000.0,1800.0,34200.0
5453,500,2,3,1,822,3,992,2,12000.0,480.0,23520.0
5454,1262,1,,1,509,2851,2205,2,12000.0,2400.0,21600.0
5455,415,2,4,1,691,4,2639,2,12000.0,2400.0,21600.0
5456,51,1,,2,379,3177,303,1,13500.0,0.0,13500.0
5457,352,2,1,1,745,1,3057,2,12000.0,2400.0,21600.0
5458,653,2,1,1,428,1,1283,2,12000.0,0.0,24000.0
5459,653,2,1,1,428,1,1283,1,10800.0,1080.0,9720.0
5460,653,2,1,2,428,1,1283,1,15000.0,750.0,14250.0
5461,223,1,,1,510,2817,33,3,12000.0,1800.0,34200.0
5462,1275,2,1,1,922,1,543,2,12000.0,480.0,23520.0
5463,522,2,1,1,633,1,3132,1,12000.0,600.0,11400.0
5464,522,2,1,2,633,1,3132,2,15000.0,3000.0,27000.0
5465,1496,1,,2,861,1160,,3,15000.0,4500.0,40500.0
5466,879,2,1,1,556,1,350,3,12000.0,0.0,36000.0
5467,1230,2,1,2,758,1,2640,3,16500.0,0.0,49500.0
5468,1230,2,1,1,758,1,2640,2,12000.0,1200.0,22800.0
5469,577,1,,1,662,2142,1036,3,12600.0,3780.0,34020.0
5470,822,1,,2,929,2874,2974,1,15000.0,0.0,15000.0
5471,822,1,,2,929,2874,2974,2,13500.0,1350.0,25650.0
5472,1431,1,,2,610,2552,1429,1,15000.0,1500.0,13500.0
5473,248,1,,2,740,2443,242,2,15750.0,1575.0,29925.0
5474,248,1,,2,740,2443,242,1,15000.0,1500.0,13500.0
5475,248,1,,2,740,2443,242,1,16500.0,0.0,16500.0
5476,1278,1,,1,443,942,2008,1,12000.0,1200.0,10800.0
5477,392,2,4,1,507,4,1037,2,12000.0,480.0,23520.0
5478,460,2,3,2,824,3,1007,3,15750.0,4725.0,42525.0
5479,1347,2,1,2,867,1,780,1,16500.0,825.0,15675.0
5480,1347,2,1,2,867,1,780,1,16500.0,330.0,16170.0
5481,534,2,4,1,611,4,1858,3,12600.0,0.0,37800.0
5482,534,2,4,2,611,4,1858,1,16500.0,1650.0,14850.0
5483,1166,1,,1,582,1441,1713,2,12000.0,480.0,23520.0
5484,1246,2,4,1,492,4,36,2,10800.0,2160.0,19440.0
5485,412,2,3,1,459,3,2,1,12000.0,1200.0,10800.0
5486,1026,1,,2,946,2551,,1,15000.0,300.0,14700.0
5487,1026,1,,2,946,2551,,3,15000.0,0.0,45000.0
5488,1249,2,2,1,544,2,1352,3,12000.0,3600.0,32400.0
5489,47,2,1,2,737,1,2268,1,15000.0,750.0,14250.0
5490,47,2,1,2,737,1,2268,3,15000.0,0.0,45000.0
5491,47,2,1,2,737,1,2268,3,15750.0,2362.5,44887.5
5492,488,1,,1,562,2371,2815,2,12000.0,1200.0,22800.0
5493,771,2,1,1,671,1,2394,3,10800.0,0.0,32400.0
5494,872,1,,1,1003,2742,3145,2,12600.0,0.0,25200.0
5495,339,1,,1,570,1502,163,3,12000.0,1800.0,34200.0
5496,339,1,,1,570,1502,163,2,12000.0,0.0,24000.0
5497,344,2,1,1,377,1,2775,3,12000.0,1800.0,34200.0
5498,533,2,4,1,817,4,1202,3,10800.0,3240.0,29160.0
5499,533,2,4,2,817,4,1202,1,13500.0,1350.0,12150.0
5500,893,2,1,1,968,1,1683,2,10800.0,432.0,21168.0
5501,489,2,4,1,561,4,986,3,12600.0,1890.0,35910.0
5502,489,2,4,1,561,4,986,1,10800.0,216.0,10584.0
5503,489,2,4,2,561,4,986,1,15000.0,1500.0,13500.0
5504,1410,2,4,1,958,4,1181,3,12000.0,1800.0,34200.0
5505,1410,2,4,1,958,4,1181,1,12000.0,1200.0,10800.0
5506,106,2,2,1,466,2,2440,2,12000.0,2400.0,21600.0
5507,106,2,2,2,466,2,2440,1,13500.0,675.0,12825.0
5508,243,2,3,2,764,3,1249,2,15000.0,0.0,30000.0
5509,243,2,3,2,764,3,1249,1,15000.0,750.0,14250.0
5510,1114,2,4,2,477,4,2989,1,15000.0,300.0,14700.0
5511,1114,2,4,1,477,4,2989,1,12000.0,240.0,11760.0
5512,1406,2,3,2,478,3,508,3,15750.0,2362.5,44887.5
5513,1406,2,3,2,478,3,508,3,15000.0,0.0,45000.0
5514,575,1,,1,802,2771,820,2,12000.0,480.0,23520.0
5515,473,2,4,2,700,4,1445,1,15000.0,1500.0,13500.0
5516,1031,2,1,1,920,1,1767,2,12000.0,1200.0,22800.0
5517,1385,1,,1,530,1945,2725,2,12000.0,480.0,23520.0
5518,1385,1,,2,530,1945,2725,3,15000.0,900.0,44100.0
5519,1190,1,,1,433,3116,2075,1,12000.0,600.0,11400.0
5520,1470,2,2,2,416,2,601,2,15000.0,600.0,29400.0
5521,387,1,,1,718,458,362,3,10800.0,648.0,31752.0
5522,162,2,2,2,657,2,891,3,15000.0,4500.0,40500.0
5523,294,1,,2,647,22,2909,2,15000.0,3000.0,27000.0
5524,294,1,,1,647,22,2909,2,12000.0,0.0,24000.0
5525,294,1,,2,647,22,2909,2,13500.0,1350.0,25650.0
5526,947,2,1,2,478,1,1768,2,15000.0,1500.0,28500.0
5527,930,1,,2,580,2822,1817,3,15000.0,900.0,44100.0
5528,1016,2,4,2,892,4,2716,3,15000.0,0.0,45000.0
5529,627,2,1,1,785,1,2187,2,12000.0,0.0,24000.0
5530,691,1,,2,439,2549,2772,2,15000.0,600.0,29400.0
5531,1185,1,,2,804,3031,796,2,13500.0,0.0,27000.0
5532,1185,1,,1,804,3031,796,3,12000.0,1800.0,34200.0
5533,409,1,,1,724,1790,1957,3,12000.0,1800.0,34200.0
5534,611,1,,1,596,2781,2970,2,10800.0,1080.0,20520.0
5535,876,1,,2,980,2380,391,3,15000.0,4500.0,40500.0
5536,11,1,,2,570,1395,1482,2,15000.0,1500.0,28500.0
5537,1103,1,,2,860,238,832,3,16500.0,4950.0,44550.0
5538,931,1,,1,465,1034,1900,1,12000.0,0.0,12000.0
5539,1132,1,,1,829,1721,1052,3,12000.0,3600.0,32400.0
5540,1487,1,,2,552,1453,,1,13500.0,675.0,12825.0
5541,1487,1,,1,552,1453,,1,10800.0,216.0,10584.0
5542,171,1,,1,674,2421,790,1,12600.0,1260.0,11340.0
5543,529,1,,1,881,2564,616,1,12000.0,600.0,11400.0
5544,433,1,,2,962,635,788,1,13500.0,0.0,13500.0
5545,461,1,,1,394,3147,1431,2,12000.0,1200.0,22800.0
5546,1172,2,2,2,988,2,1185,2,16500.0,3300.0,29700.0
5547,816,1,,2,981,643,242,2,15000.0,600.0,29400.0
5548,816,1,,1,981,643,242,1,12000.0,0.0,12000.0
5549,1032,1,,1,903,2014,303,2,13200.0,528.0,25872.0
5550,1261,1,,2,866,1023,2199,3,15750.0,4725.0,42525.0
5551,1261,1,,1,866,1023,2199,3,12600.0,1890.0,35910.0
5552,348,1,,1,453,3154,2931,3,13200.0,792.0,38808.0
5553,436,2,4,2,697,4,2759,1,13500.0,0.0,13500.0
5554,604,1,,2,911,1682,1681,3,15750.0,2362.5,44887.5
5555,615,1,,2,619,47,1607,3,15000.0,4500.0,40500.0
5556,361,1,,1,420,269,791,3,12600.0,756.0,37044.0
5557,855,1,,2,412,738,1080,2,13500.0,540.0,26460.0
5558,855,1,,2,412,738,1080,3,15000.0,0.0,45000.0
5559,1018,1,,2,947,872,558,1,13500.0,270.0,13230.0
5560,212,2,2,2,826,2,1237,1,16500.0,330.0,16170.0
5561,212,2,2,2,826,2,1237,2,15000.0,3000.0,27000.0
5562,212,2,2,2,826,2,1237,1,15750.0,0.0,15750.0
5563,359,1,,1,579,3111,1030,1,12000.0,240.0,11760.0
5564,1322,1,,2,467,639,1164,2,15000.0,1500.0,28500.0
5565,1322,1,,2,467,639,1164,3,15750.0,4725.0,42525.0
5566,271,1,,2,841,650,1656,1,13500.0,270.0,13230.0
5567,271,1,,2,841,650,1656,2,15000.0,3000.0,27000.0
5568,271,1,,2,841,650,1656,2,15000.0,0.0,30000.0
5569,369,1,,2,772,2783,168,1,15000.0,1500.0,13500.0
5570,670,1,,1,976,2520,1696,2,12600.0,0.0,25200.0
5571,670,1,,1,976,2520,1696,1,12000.0,600.0,11400.0
5572,510,1,,1,684,2668,,1,12000.0,600.0,11400.0
5573,274,2,4,1,818,4,1684,1,12000.0,0.0,12000.0
5574,1490,2,2,2,863,2,1472,3,15000.0,900.0,44100.0
5575,469,2,1,2,380,1,2204,1,15000.0,750.0,14250.0
5576,1012,1,,1,480,2256,2328,2,12000.0,1200.0,22800.0
5577,1012,1,,1,480,2256,2328,3,12600.0,0.0,37800.0
5578,1012,1,,2,480,2256,2328,2,15000.0,3000.0,27000.0
5579,1318,1,,1,393,984,2770,3,12000.0,720.0,35280.0
5580,1081,1,,2,506,2817,2404,1,15000.0,1500.0,13500.0
5581,495,2,1,1,647,1,931,1,12000.0,240.0,11760.0
5582,480,2,4,1,410,4,2817,2,10800.0,0.0,21600.0
5583,480,2,4,1,410,4,2817,3,12600.0,1890.0,35910.0
5584,1236,2,2,2,578,2,1424,1,15750.0,315.0,15435.0
5585,1237,1,,1,690,1914,2682,2,12000.0,1200.0,22800.0
5586,1237,1,,2,690,1914,2682,2,13500.0,2700.0,24300.0
5587,147,2,1,2,465,1,1928,1,15000.0,300.0,14700.0
5588,147,2,1,1,465,1,1928,2,12000.0,2400.0,21600.0
5589,1126,2,4,2,631,4,1390,1,15000.0,0.0,15000.0
5590,201,2,2,1,953,2,2698,3,12000.0,3600.0,32400.0
5591,569,1,,2,880,977,2254,3,15000.0,2250.0,42750.0
5592,1255,1,,1,380,435,1205,1,12000.0,600.0,11400.0
5593,392,1,,1,631,1298,1645,3,12600.0,0.0,37800.0
5594,649,2,4,1,455,4,2339,1,12000.0,0.0,12000.0
5595,1270,1,,2,920,2022,2071,3,13500.0,810.0,39690.0
5596,1230,1,,2,687,1104,2652,2,15000.0,600.0,29400.0
5597,433,1,,1,730,2165,1359,2,12000.0,2400.0,21600.0
5598,403,1,,2,762,2521,2837,2,15000.0,3000.0,27000.0
5599,967,1,,1,381,2294,2749,2,12000.0,1200.0,22800.0
5600,1048,2,1,2,889,1,,2,15000.0,0.0,30000.0
5601,651,2,1,1,928,1,557,1,13200.0,264.0,12936.0
5602,651,2,1,1,928,1,557,3,12000.0,3600.0,32400.0
5603,552,2,1,1,859,1,465,1,12000.0,600.0,11400.0
5604,552,2,1,1,859,1,465,3,13200.0,792.0,38808.0
5605,724,1,,2,774,2169,,3,15000.0,2250.0,42750.0
5606,308,1,,2,677,2990,1185,3,15000.0,4500.0,40500.0
5607,298,2,4,1,839,4,2910,2,10800.0,432.0,21168.0
5608,324,1,,1,523,1676,,3,12000.0,720.0,35280.0
5609,1340,2,3,1,567,3,1431,3,12000.0,1800.0,34200.0
5610,1340,2,3,1,567,3,1431,3,12600.0,1890.0,35910.0
5611,981,1,,2,472,2886,311,2,15000.0,1500.0,28500.0
5612,1432,2,4,1,594,4,260,1,12000.0,600.0,11400.0
5613,950,1,,2,715,170,,3,15000.0,0.0,45000.0
5614,487,1,,2,991,1096,2636,3,15000.0,4500.0,40500.0
5615,1311,1,,1,367,2963,23,1,12600.0,0.0,12600.0
5616,768,1,,2,856,2380,520,2,15000.0,0.0,30000.0
5617,768,1,,1,856,2380,520,1,12000.0,1200.0,10800.0
5618,189,2,2,2,662,2,889,3,13500.0,4050.0,36450.0
5619,1111,1,,2,372,849,317,2,15750.0,630.0,30870.0
5620,1272,1,,1,923,1546,2431,3,12000.0,720.0,35280.0
5621,1272,1,,1,923,1546,2431,2,12000.0,480.0,23520.0
5622,1272,1,,1,923,1546,2431,3,12600.0,3780.0,34020.0
5623,1034,2,1,2,604,1,2314,1,15000.0,0.0,15000.0
5624,1034,2,1,1,604,1,2314,3,12600.0,0.0,37800.0
5625,996,2,4,2,663,4,686,3,13500.0,4050.0,36450.0
5626,996,2,4,2,663,4,686,2,13500.0,1350.0,25650.0
5627,1368,2,3,1,880,3,1762,3,12000.0,0.0,36000.0
5628,285,1,,1,852,779,442,2,10800.0,1080.0,20520.0
5629,1000,2,3,2,671,3,,2,15000.0,3000.0,27000.0
5630,978,2,1,2,531,1,,2,15000.0,600.0,29400.0
5631,1255,2,3,1,474,3,408,3,12000.0,1800.0,34200.0
5632,155,1,,2,941,894,158,1,15000.0,0.0,15000.0
5633,155,1,,2,941,894,158,3,13500.0,4050.0,36450.0
5634,64,1,,2,851,877,2724,2,13500.0,2700.0,24300.0
5635,906,1,,2,450,94,2024,2,15000.0,1500.0,28500.0
5636,906,1,,1,450,94,2024,3,12000.0,0.0,36000.0
5637,257,1,,1,624,2938,403,3,12000.0,0.0,36000.0
5638,850,1,,1,946,2662,,2,12000.0,1200.0,22800.0
5639,1287,2,2,1,484,2,432,3,10800.0,3240.0,29160.0
5640,14,1,,2,795,2900,775,2,15000.0,1500.0,28500.0
5641,14,1,,2,795,2900,775,2,15000.0,1500.0,28500.0
5642,142,1,,1,722,1991,2749,1,12000.0,240.0,11760.0
5643,142,1,,2,722,1991,2749,3,13500.0,810.0,39690.0
5644,142,1,,1,722,1991,2749,2,10800.0,432.0,21168.0
5645,190,1,,1,684,1129,2855,3,12000.0,3600.0,32400.0
5646,747,1,,1,401,1094,1653,1,10800.0,216.0,10584.0
5647,401,1,,2,766,524,2401,1,15000.0,0.0,15000.0
5648,1306,2,2,1,874,2,,3,10800.0,3240.0,29160.0
5649,1306,2,2,1,874,2,,3,12600.0,0.0,37800.0
5650,677,1,,1,373,157,627,1,12000.0,240.0,11760.0
5651,236,1,,2,943,1522,955,3,15000.0,2250.0,42750.0
5652,1420,1,,2,636,41,1370,3,16500.0,2475.0,47025.0
5653,197,1,,2,985,717,2386,1,15750.0,787.5,14962.5
5654,428,1,,2,675,2008,2649,2,16500.0,1650.0,31350.0
5655,1304,2,2,2,759,2,711,3,15000.0,0.0,45000.0
5656,1398,2,2,2,600,2,676,3,15000.0,0.0,45000.0
5657,1398,2,2,1,600,2,676,1,12000.0,0.0,12000.0
5658,1159,1,,2,937,431,1716,2,15000.0,1500.0,28500.0
5659,996,1,,2,674,950,135,2,15000.0,600.0,29400.0
5660,988,1,,2,408,655,2649,1,15000.0,300.0,14700.0
5661,824,1,,2,610,460,2449,3,15000.0,2250.0,42750.0
5662,900,1,,2,573,1257,2279,3,15000.0,900.0,44100.0
5663,800,2,1,1,830,1,1144,1,10800.0,0.0,10800.0
5664,869,2,3,2,594,3,1256,2,15000.0,1500.0,28500.0
5665,1262,2,2,1,703,2,441,3,12000.0,3600.0,32400.0
5666,1262,2,2,2,703,2,441,3,15750.0,2362.5,44887.5
5667,1262,2,2,1,703,2,441,3,12000.0,1800.0,34200.0
5668,915,2,2,1,601,2,763,2,12000.0,1200.0,22800.0
5669,915,2,2,2,601,2,763,1,15000.0,750.0,14250.0
5670,255,1,,2,967,1661,489,3,16500.0,2475.0,47025.0
5671,254,1,,1,753,174,1828,1,10800.0,216.0,10584.0
5672,254,1,,2,753,174,1828,3,15000.0,900.0,44100.0
5673,563,2,2,2,569,2,2498,2,15750.0,1575.0,29925.0
5674,1151,2,2,2,960,2,1065,3,15750.0,4725.0,42525.0
5675,542,1,,1,861,1021,2238,1,12000.0,1200.0,10800.0
5676,542,1,,1,861,1021,2238,2,12000.0,0.0,24000.0
5677,542,1,,1,861,1021,2238,1,12000.0,1200.0,10800.0
5678,80,2,3,2,577,3,1310,1,15750.0,1575.0,14175.0
5679,80,2,3,2,577,3,1310,3,16500.0,0.0,49500.0
5680,429,1,,1,897,2448,2870,2,12000.0,0.0,24000.0
5681,1455,2,3,1,819,3,1006,2,10800.0,0.0,21600.0
5682,805,1,,1,480,960,884,1,12600.0,252.0,12348.0
5683,805,1,,1,480,960,884,3,12000.0,3600.0,32400.0
5684,805,1,,2,480,960,884,1,15000.0,1500.0,13500.0
5685,711,1,,2,402,1133,2181,2,15000.0,3000.0,27000.0
5686,711,1,,2,402,1133,2181,1,15750.0,315.0,15435.0
5687,123,1,,1,745,3098,1154,1,12600.0,1260.0,11340.0
5688,969,2,1,1,819,1,401,2,12000.0,480.0,23520.0
5689,612,2,1,1,701,1,,2,12600.0,2520.0,22680.0
5690,612,2,1,2,701,1,,3,15000.0,0.0,45000.0
5691,850,1,,1,420,98,2187,1,12000.0,1200.0,10800.0
5692,58,2,2,2,656,2,2522,2,15000.0,1500.0,28500.0
5693,440,1,,2,984,1997,1980,3,15000.0,0.0,45000.0
5694,477,1,,2,729,997,586,1,15000.0,750.0,14250.0
5695,328,1,,1,626,2129,103,2,12000.0,0.0,24000.0
5696,64,2,4,1,509,4,114,1,12600.0,630.0,11970.0
5697,9,1,,2,607,1770,2248,2,15000.0,1500.0,28500.0
5698,1018,1,,1,420,1692,665,2,10800.0,2160.0,19440.0
5699,887,1,,2,771,2598,3102,1,16500.0,330.0,16170.0
5700,809,1,,1,930,3029,2294,2,12600.0,2520.0,22680.0
5701,187,1,,2,634,2714,158,2,15750.0,0.0,31500.0
5702,594,2,3,2,429,3,,3,13500.0,4050.0,36450.0
5703,1416,1,,2,937,754,997,2,15000.0,3000.0,27000.0
5704,1416,1,,1,937,754,997,2,12000.0,0.0,24000.0
5705,698,2,2,2,793,2,1689,2,15000.0,1500.0,28500.0
5706,869,1,,1,391,167,267,1,12000.0,240.0,11760.0
5707,823,1,,1,868,2918,1610,3,10800.0,1620.0,30780.0
5708,170,1,,1,736,587,2041,2,12600.0,504.0,24696.0
5709,170,1,,1,736,587,2041,2,12000.0,0.0,24000.0
5710,1022,2,2,2,912,2,2631,1,15000.0,300.0,14700.0
5711,946,1,,2,533,2600,926,1,15000.0,1500.0,13500.0
5712,946,1,,2,533,2600,926,1,16500.0,330.0,16170.0
5713,946,1,,2,533,2600,926,2,15000.0,3000.0,27000.0
5714,1273,2,1,1,701,1,1545,2,12000.0,0.0,24000.0
5715,752,2,4,2,949,4,2521,1,15000.0,750.0,14250.0
5716,338,1,,2,927,683,2331,3,15000.0,900.0,44100.0
5717,1223,1,,1,537,2554,2987,1,12600.0,252.0,12348.0
5718,1014,2,4,2,656,4,1980,2,15000.0,0.0,30000.0
5719,1014,2,4,2,656,4,1980,2,13500.0,0.0,27000.0
5720,1204,2,1,2,557,1,1836,3,15000.0,2250.0,42750.0
5721,227,1,,2,444,1082,1812,2,15000.0,1500.0,28500.0
5722,54,1,,1,871,1230,3031,3,12000.0,0.0,36000.0
5723,1095,2,2,2,484,2,278,1,15000.0,750.0,14250.0
5724,955,1,,1,498,1896,1172,2,12000.0,1200.0,22800.0
5725,756,1,,2,565,28,,2,13500.0,1350.0,25650.0
5726,999,1,,2,513,1076,1963,2,13500.0,0.0,27000.0
5727,628,2,3,2,946,3,68,3,13500.0,4050.0,36450.0
5728,29,1,,1,792,2181,763,1,12600.0,0.0,12600.0
5729,892,2,3,1,777,3,870,3,12600.0,756.0,37044.0
5730,892,2,3,2,777,3,870,1,15000.0,0.0,15000.0
5731,1280,2,4,2,487,4,2826,1,15750.0,787.5,14962.5
5732,1129,1,,2,418,1623,1778,3,16500.0,4950.0,44550.0
5733,782,1,,2,931,1669,,2,16500.0,0.0,33000.0
5734,782,1,,2,931,1669,,3,15750.0,945.0,46305.0
5735,782,1,,1,931,1669,,2,12000.0,0.0,24000.0
5736,1038,1,,1,706,1216,2145,1,12000.0,0.0,12000.0
5737,1038,1,,2,706,1216,2145,1,15750.0,315.0,15435.0
5738,790,2,1,2,748,1,2650,3,13500.0,2025.0,38475.0
5739,790,2,1,1,748,1,2650,3,12000.0,720.0,35280.0
5740,1430,2,4,2,407,4,1140,3,15750.0,945.0,46305.0
5741,85,1,,1,462,1871,2282,1,12000.0,600.0,11400.0
5742,85,1,,1,462,1871,2282,1,12000.0,240.0,11760.0
5743,15,1,,2,705,3185,546,1,15750.0,787.5,14962.5
5744,15,1,,2,705,3185,546,3,15750.0,4725.0,42525.0
5745,72,1,,2,693,2580,1307,3,15750.0,0.0,47250.0
5746,636,2,4,1,405,4,2046,3,12600.0,0.0,37800.0
5747,1089,1,,2,883,575,56,3,13500.0,0.0,40500.0
5748,1089,1,,1,883,575,56,2,12000.0,0.0,24000.0
5749,791,1,,1,780,33,2763,1,12000.0,1200.0,10800.0
5750,144,2,1,2,724,1,1950,2,16500.0,0.0,33000.0
5751,1195,1,,2,482,327,279,2,13500.0,2700.0,24300.0
5752,901,1,,1,763,2994,980,2,10800.0,432.0,21168.0
5753,1320,2,2,1,374,2,1047,1,13200.0,1320.0,11880.0
5754,306,1,,1,628,1383,884,1,12600.0,630.0,11970.0
5755,28,2,1,1,497,1,1801,2,12600.0,1260.0,23940.0
5756,884,2,4,2,690,4,791,3,15000.0,900.0,44100.0
5757,382,2,3,1,472,3,355,3,12000.0,0.0,36000.0
5758,382,2,3,2,472,3,355,2,16500.0,660.0,32340.0
5759,1286,2,1,2,615,1,2645,1,16500.0,330.0,16170.0
5760,156,2,1,2,712,1,540,1,15000.0,1500.0,13500.0
5761,156,2,1,1,712,1,540,2,12600.0,2520.0,22680.0
5762,1119,1,,1,597,2130,156,3,12000.0,3600.0,32400.0
5763,1395,2,2,2,553,2,1286,2,13500.0,1350.0,25650.0
5764,402,1,,1,933,2224,1086,1,12600.0,630.0,11970.0
5765,981,1,,1,703,1492,540,1,13200.0,264.0,12936.0
5766,1247,1,,1,409,1604,953,3,12600.0,756.0,37044.0
5767,1247,1,,1,409,1604,953,1,12000.0,0.0,12000.0
5768,770,1,,2,751,1933,2815,3,15000.0,2250.0,42750.0
5769,1304,2,1,1,789,1,3179,2,10800.0,0.0,21600.0
5770,1486,1,,2,690,1611,2973,1,16500.0,0.0,16500.0
5771,475,2,2,1,738,2,1408,1,10800.0,540.0,10260.0
5772,305,2,2,2,894,2,629,1,15000.0,300.0,14700.0
5773,305,2,2,1,894,2,629,1,12600.0,0.0,12600.0
5774,1484,2,1,1,658,1,1664,1,12000.0,1200.0,10800.0
5775,1484,2,1,2,658,1,1664,1,13500.0,0.0,13500.0
5776,829,1,,2,536,142,239,2,16500.0,1650.0,31350.0
5777,1373,1,,2,795,761,2544,2,15000.0,600.0,29400.0
5778,539,1,,1,995,740,,1,12000.0,1200.0,10800.0
5779,1388,1,,2,486,1710,1807,1,15000.0,300.0,14700.0
5780,475,1,,1,614,2955,2594,2,12600.0,0.0,25200.0
5781,1441,1,,1,557,271,546,1,12000.0,600.0,11400.0
5782,1252,2,2,1,463,2,2952,1,13200.0,264.0,12936.0
5783,1252,2,2,1,463,2,2952,2,12000.0,0.0,24000.0
5784,384,1,,1,592,569,1810,3,12000.0,1800.0,34200.0
5785,329,2,3,1,744,3,1563,2,12000.0,0.0,24000.0
5786,542,1,,2,414,1598,1328,2,16500.0,1650.0,31350.0
5787,139,1,,2,614,1472,66,2,15000.0,0.0,30000.0
5788,139,1,,2,614,1472,66,2,15000.0,0.0,30000.0
5789,936,2,4,1,636,4,2202,2,12600.0,0.0,25200.0
5790,936,2,4,1,636,4,2202,2,13200.0,1320.0,25080.0
5791,547,2,3,2,749,3,877,2,15000.0,600.0,29400.0
5792,378,1,,2,948,2165,962,1,16500.0,330.0,16170.0
5793,37,1,,2,396,2459,2538,1,15000.0,0.0,15000.0
5794,1467,1,,1,675,2828,2530,1,10800.0,1080.0,9720.0
5795,1467,1,,2,675,2828,2530,3,15750.0,945.0,46305.0
5796,1113,2,2,1,675,2,635,3,12000.0,720.0,35280.0
5797,1113,2,2,2,675,2,635,2,15000.0,1500.0,28500.0
5798,1113,2,2,1,675,2,635,1,12600.0,252.0,12348.0
5799,450,1,,2,376,2005,227,1,15000.0,1500.0,13500.0
5800,822,1,,1,643,1108,2200,2,12000.0,0.0,24000.0
5801,155,1,,1,447,3100,,3,12000.0,1800.0,34200.0
5802,155,1,,2,447,3100,,1,15000.0,750.0,14250.0
5803,1307,1,,2,421,1341,2055,2,15750.0,630.0,30870.0
5804,1307,1,,1,421,1341,2055,1,12600.0,630.0,11970.0
5805,112,1,,1,924,690,,2,12000.0,0.0,24000.0
5806,1089,1,,2,475,2037,1239,2,15000.0,3000.0,27000.0
5807,1321,2,4,2,443,4,940,1,16500.0,330.0,16170.0
5808,611,1,,1,535,2716,850,3,12000.0,1800.0,34200.0
5809,611,1,,2,535,2716,850,3,15000.0,4500.0,40500.0
5810,168,1,,2,411,1243,1894,1,15000.0,1500.0,13500.0
5811,851,1,,1,875,1999,,2,10800.0,432.0,21168.0
5812,851,1,,1,875,1999,,2,12000.0,1200.0,22800.0
5813,626,1,,1,612,1535,1926,3,12000.0,720.0,35280.0
5814,626,1,,1,612,1535,1926,2,12600.0,1260.0,23940.0
5815,626,1,,2,612,1535,1926,1,15000.0,300.0,14700.0
5816,1459,1,,1,576,1590,119,3,12000.0,1800.0,34200.0
5817,1290,1,,2,679,1505,191,2,15000.0,0.0,30000.0
5818,1340,2,1,1,653,1,,3,12000.0,1800.0,34200.0
5819,943,1,,1,751,2241,402,3,12000.0,720.0,35280.0
5820,943,1,,2,751,2241,402,2,16500.0,3300.0,29700.0
5821,943,1,,2,751,2241,402,2,15000.0,0.0,30000.0
5822,99,1,,1,977,139,2012,3,12000.0,720.0,35280.0
5823,704,1,,1,763,988,2035,1,10800.0,1080.0,9720.0
5824,1248,1,,1,862,2446,,2,12600.0,504.0,24696.0
5825,507,2,2,2,832,2,3127,1,15000.0,300.0,14700.0
5826,37,1,,1,559,660,566,3,12000.0,1800.0,34200.0
5827,1090,2,1,2,841,1,225,3,16500.0,990.0,48510.0
5828,1090,2,1,2,841,1,225,1,15000.0,1500.0,13500.0
5829,23,1,,1,715,2508,3075,1,10800.0,1080.0,9720.0
5830,23,1,,2,715,2508,3075,3,13500.0,2025.0,38475.0
5831,959,1,,1,695,1173,203,3,12600.0,1890.0,35910.0
5832,819,2,1,2,829,1,,1,15000.0,300.0,14700.0
5833,927,2,1,2,930,1,1331,2,15000.0,600.0,29400.0
5834,927,2,1,1,930,1,1331,3,12000.0,0.0,36000.0
5835,860,2,3,2,501,3,3143,2,15000.0,0.0,30000.0
5836,1189,2,1,2,843,1,2638,1,15000.0,750.0,14250.0
5837,1189,2,1,1,843,1,2638,1,12600.0,252.0,12348.0
5838,916,1,,2,513,2485,1989,1,15000.0,300.0,14700.0
5839,292,1,,2,1004,848,2598,2,15000.0,0.0,30000.0
5840,488,2,1,2,777,1,,2,16500.0,3300.0,29700.0
5841,536,1,,2,729,2213,3168,1,16500.0,825.0,15675.0
5842,1237,1,,2,643,2448,1013,3,13500.0,2025.0,38475.0
5843,1023,2,3,2,751,3,402,2,15000.0,600.0,29400.0
5844,1023,2,3,2,751,3,402,3,15000.0,4500.0,40500.0
5845,1234,1,,1,560,1337,482,3,12000.0,720.0,35280.0
5846,245,1,,1,931,2846,3047,3,10800.0,1620.0,30780.0
5847,298,2,1,1,619,1,685,2,12000.0,0.0,24000.0
5848,36,1,,1,423,2946,2365,2,12600.0,504.0,24696.0
5849,1262,1,,2,770,1268,2607,1,15000.0,0.0,15000.0
5850,1262,1,,1,770,1268,2607,1,10800.0,540.0,10260.0
5851,518,1,,1,627,959,167,2,12000.0,0.0,24000.0
5852,882,2,1,2,927,1,,1,13500.0,1350.0,12150.0
5853,301,1,,1,924,1384,1371,2,10800.0,0.0,21600.0
5854,1159,2,2,2,896,2,2953,2,15000.0,600.0,29400.0
5855,605,1,,2,790,2441,1970,1,13500.0,675.0,12825.0
5856,605,1,,1,790,2441,1970,1,12000.0,1200.0,10800.0
5857,55,1,,1,417,457,1526,3,12000.0,0.0,36000.0
5858,1126,1,,1,774,1256,703,2,12000.0,1200.0,22800.0
5859,449,1,,1,447,1175,1033,3,10800.0,0.0,32400.0
5860,1424,1,,2,918,670,3035,2,15750.0,3150.0,28350.0
5861,68,2,3,1,488,3,460,3,12000.0,0.0,36000.0
5862,303,1,,2,822,1869,345,2,15750.0,1575.0,29925.0
5863,1338,2,2,2,561,2,843,2,16500.0,3300.0,29700.0
5864,1256,2,3,1,734,3,,1,10800.0,1080.0,9720.0
5865,1111,1,,2,620,367,262,1,15750.0,0.0,15750.0
5866,1111,1,,2,620,367,262,2,15000.0,1500.0,28500.0
5867,1487,1,,2,946,2895,1686,3,15000.0,900.0,44100.0
5868,715,1,,2,827,1761,228,2,15000.0,600.0,29400.0
5869,818,1,,2,756,2160,2900,2,15000.0,600.0,29400.0
5870,1365,1,,1,556,1366,2911,2,12000.0,2400.0,21600.0
5871,1365,1,,2,556,1366,2911,3,15000.0,0.0,45000.0
5872,1465,1,,1,515,2223,2131,2,12600.0,504.0,24696.0
5873,1215,1,,1,858,2260,1447,3,10800.0,1620.0,30780.0
5874,522,1,,2,929,1393,1534,1,15750.0,0.0,15750.0
5875,943,1,,1,510,998,2979,2,12000.0,2400.0,21600.0
5876,943,1,,2,510,998,2979,1,16500.0,0.0,16500.0
5877,943,1,,1,510,998,2979,2,10800.0,1080.0,20520.0
5878,358,1,,2,988,134,3087,1,15000.0,0.0,15000.0
5879,253,2,1,2,414,1,933,2,15750.0,0.0,31500.0
5880,96,1,,2,672,893,,2,16500.0,0.0,33000.0
5881,335,2,3,2,548,3,,2,15000.0,3000.0,27000.0
5882,166,2,1,1,632,1,834,1,12000.0,0.0,12000.0
5883,606,1,,1,735,2674,1920,1,12600.0,252.0,12348.0
5884,1198,1,,1,948,136,2933,3,10800.0,0.0,32400.0
5885,981,2,1,1,930,1,1050,2,12000.0,480.0,23520.0
5886,981,2,1,1,930,1,1050,2,10800.0,0.0,21600.0
5887,85,1,,1,822,1502,1678,1,12600.0,0.0,12600.0
5888,644,2,3,1,523,3,637,2,12000.0,480.0,23520.0
5889,644,2,3,2,523,3,637,2,15000.0,3000.0,27000.0
5890,227,1,,1,830,2426,2123,2,12000.0,480.0,23520.0
5891,491,1,,2,700,2071,1581,3,13500.0,810.0,39690.0
5892,96,1,,1,392,1137,1065,3,12000.0,3600.0,32400.0
5893,96,1,,2,392,1137,1065,2,15000.0,600.0,29400.0
5894,96,1,,1,392,1137,1065,1,12600.0,0.0,12600.0
5895,1233,2,1,1,833,1,1057,1,10800.0,216.0,10584.0
5896,581,1,,1,954,2448,,3,10800.0,3240.0,29160.0
5897,1044,1,,1,792,2035,1970,1,12600.0,1260.0,11340.0
5898,501,1,,2,528,203,2490,1,15000.0,1500.0,13500.0
5899,733,1,,2,867,2438,357,2,13500.0,0.0,27000.0
5900,298,1,,1,393,1012,2730,1,13200.0,660.0,12540.0
5901,298,1,,1,393,1012,2730,1,12600.0,630.0,11970.0
5902,858,1,,2,903,1097,1072,3,15000.0,0.0,45000.0
5903,689,2,2,2,440,2,3189,3,15750.0,945.0,46305.0
5904,331,1,,2,395,2947,2152,3,15750.0,2362.5,44887.5
5905,331,1,,1,395,2947,2152,1,12000.0,240.0,11760.0
5906,1134,1,,2,940,895,2050,3,13500.0,0.0,40500.0
5907,638,1,,2,413,387,1335,2,15750.0,630.0,30870.0
5908,638,1,,1,413,387,1335,1,12000.0,240.0,11760.0
5909,499,2,1,2,825,1,940,3,15000.0,0.0,45000.0
5910,588,1,,1,633,2441,2178,3,12000.0,0.0,36000.0
5911,716,2,1,2,862,1,714,2,15000.0,0.0,30000.0
5912,716,2,1,1,862,1,714,3,13200.0,1980.0,37620.0
5913,495,2,4,2,619,4,98,3,15000.0,0.0,45000.0
5914,495,2,4,1,619,4,98,2,12000.0,0.0,24000.0
5915,495,2,4,1,619,4,98,1,12000.0,1200.0,10800.0
5916,1370,1,,1,851,2657,128,1,10800.0,0.0,10800.0
5917,1370,1,,1,851,2657,128,2,12000.0,1200.0,22800.0
5918,1370,1,,1,851,2657,128,1,12000.0,600.0,11400.0
5919,617,1,,1,845,3011,1046,3,12000.0,3600.0,32400.0
5920,617,1,,1,845,3011,1046,3,12000.0,0.0,36000.0
5921,246,1,,2,807,1189,710,1,13500.0,675.0,12825.0
5922,208,1,,2,896,1190,,3,15000.0,900.0,44100.0
5923,732,1,,1,492,2600,295,3,13200.0,3960.0,35640.0
5924,61,1,,1,952,1035,2922,2,12000.0,2400.0,21600.0
5925,61,1,,2,952,1035,2922,2,15000.0,600.0,29400.0
5926,61,1,,1,952,1035,2922,3,12000.0,1800.0,34200.0
5927,546,1,,1,777,2496,,1,10800.0,540.0,10260.0
5928,973,1,,2,986,555,462,3,15000.0,2250.0,42750.0
5929,1058,2,2,1,399,2,2436,2,10800.0,1080.0,20520.0
5930,1058,2,2,1,399,2,2436,3,12600.0,1890.0,35910.0
5931,665,1,,2,787,123,1023,1,15750.0,315.0,15435.0
5932,1168,1,,1,818,3005,2455,3,12000.0,1800.0,34200.0
5933,41,2,4,2,545,4,2924,1,15750.0,315.0,15435.0
5934,677,1,,1,476,2008,238,1,12600.0,1260.0,11340.0
5935,404,1,,1,823,169,2866,3,10800.0,3240.0,29160.0
5936,642,2,4,1,590,4,2696,2,12000.0,0.0,24000.0
5937,896,1,,1,443,793,,1,12600.0,252.0,12348.0
5938,896,1,,2,443,793,,2,15000.0,0.0,30000.0
5939,555,2,2,2,880,2,2870,1,15000.0,750.0,14250.0
5940,555,2,2,2,880,2,2870,3,15000.0,900.0,44100.0
5941,423,1,,1,552,901,3046,2,13200.0,0.0,26400.0
5942,694,1,,1,617,2491,19,1,12000.0,600.0,11400.0
5943,694,1,,1,617,2491,19,3,12600.0,756.0,37044.0
5944,1299,2,3,2,895,3,2690,1,15000.0,750.0,14250.0
5945,1373,2,3,2,460,3,2942,2,13500.0,2700.0,24300.0
5946,1037,1,,2,943,2503,1718,2,15000.0,600.0,29400.0
5947,1037,1,,1,943,2503,1718,2,12000.0,2400.0,21600.0
5948,1037,1,,2,943,2503,1718,1,15750.0,1575.0,14175.0
5949,302,1,,2,981,1948,2905,2,15000.0,0.0,30000.0
5950,940,1,,2,569,1992,3066,3,15000.0,0.0,45000.0
5951,940,1,,2,569,1992,3066,1,15000.0,1500.0,13500.0
5952,714,1,,2,994,1794,1267,1,15000.0,750.0,14250.0
5953,1026,2,1,2,715,1,326,1,13500.0,0.0,13500.0
5954,259,2,3,1,726,3,,2,12000.0,2400.0,21600.0
5955,430,2,1,1,524,1,859,2,12000.0,480.0,23520.0
5956,1017,2,4,2,564,4,3106,1,15000.0,750.0,14250.0
5957,26,1,,2,741,2220,2715,1,16500.0,1650.0,14850.0
5958,736,2,4,2,424,4,2981,3,15750.0,0.0,47250.0
5959,736,2,4,2,424,4,2981,3,15000.0,4500.0,40500.0
5960,1481,1,,1,771,1410,,2,12600.0,504.0,24696.0
5961,1483,1,,1,849,1857,1754,3,12600.0,0.0,37800.0
5962,1483,1,,2,849,1857,1754,3,15000.0,4500.0,40500.0
5963,522,2,3,1,588,3,2891,3,12000.0,0.0,36000.0
5964,522,2,3,2,588,3,2891,3,15750.0,945.0,46305.0
5965,1450,2,4,1,542,4,,1,12000.0,0.0,12000.0
5966,1033,1,,2,417,2182,1556,2,13500.0,540.0,26460.0
5967,957,1,,1,567,3157,2909,2,12000.0,1200.0,22800.0
5968,1363,1,,1,772,124,176,1,13200.0,0.0,13200.0
5969,1300,1,,1,805,1877,245,3,12600.0,3780.0,34020.0
5970,620,2,1,1,892,1,2311,1,12000.0,0.0,12000.0
5971,620,2,1,1,892,1,2311,1,12000.0,240.0,11760.0
5972,1024,2,4,2,550,4,869,1,15000.0,750.0,14250.0
5973,995,1,,1,806,117,112,1,12600.0,252.0,12348.0
5974,119,1,,2,835,1204,1901,3,15000.0,2250.0,42750.0
5975,124,2,4,2,858,4,3200,1,15000.0,0.0,15000.0
5976,603,1,,1,838,1306,2954,3,12000.0,1800.0,34200.0
5977,500,2,2,2,905,2,417,1,15000.0,1500.0,13500.0
5978,1464,2,4,1,398,4,2796,3,13200.0,792.0,38808.0
5979,1464,2,4,1,398,4,2796,3,13200.0,1980.0,37620.0
5980,1464,2,4,1,398,4,2796,3,12600.0,1890.0,35910.0
5981,515,1,,2,958,913,122,3,15000.0,4500.0,40500.0
5982,515,1,,2,958,913,122,1,15000.0,750.0,14250.0
5983,359,1,,2,600,2289,1394,3,15000.0,2250.0,42750.0
5984,207,1,,2,771,462,,3,16500.0,0.0,49500.0
5985,362,1,,2,509,2857,1093,1,15750.0,787.5,14962.5
5986,254,1,,2,643,651,2327,3,15000.0,2250.0,42750.0
5987,809,1,,1,684,260,2353,2,12000.0,480.0,23520.0
5988,494,1,,1,963,2640,2007,2,12600.0,1260.0,23940.0
5989,494,1,,2,963,2640,2007,3,15000.0,4500.0,40500.0
5990,494,1,,1,963,2640,2007,2,12000.0,0.0,24000.0
5991,879,2,1,1,744,1,1141,3,12000.0,720.0,35280.0
5992,159,1,,1,918,587,,3,12600.0,0.0,37800.0
5993,159,1,,2,918,587,,3,15000.0,0.0,45000.0
5994,1074,2,4,1,487,4,214,2,12000.0,1200.0,22800.0
5995,29,2,4,1,453,4,759,3,10800.0,3240.0,29160.0
5996,338,1,,2,998,2061,,3,15000.0,0.0,45000.0
5997,751,1,,2,382,3,1392,1,15000.0,0.0,15000.0
5998,751,1,,1,382,3,1392,3,13200.0,0.0,39600.0
5999,1461,1,,2,756,429,2714,1,15000.0,0.0,15000.0
6000,772,1,,2,494,43,2259,2,15000.0,3000.0,27000.0
6001,878,1,,1,915,973,41,3,12000.0,1800.0,34200.0
6002,332,1,,1,577,1156,1667,2,12000.0,480.0,23520.0
6003,332,1,,2,577,1156,1667,3,16500.0,2475.0,47025.0
6004,332,1,,2,577,1156,1667,2,15750.0,0.0,31500.0
6005,464,2,2,1,400,2,90,2,12600.0,0.0,25200.0
6006,464,2,2,2,400,2,90,1,15000.0,0.0,15000.0
6007,1146,1,,1,637,1154,1595,1,12000.0,1200.0,10800.0
6008,1212,2,4,1,903,4,730,1,12000.0,0.0,12000.0
6009,1050,2,4,1,495,4,2133,1,12000.0,600.0,11400.0
6010,938,1,,1,986,2859,173,2,13200.0,2640.0,23760.0
6011,938,1,,2,986,2859,173,1,15750.0,787.5,14962.5
6012,300,1,,2,798,3188,492,1,15000.0,1500.0,13500.0
6013,992,1,,1,724,3025,2804,3,12000.0,1800.0,34200.0
6014,447,2,1,2,642,1,1978,2,15000.0,1500.0,28500.0
6015,957,2,1,2,946,1,2269,3,16500.0,990.0,48510.0
6016,957,2,1,2,946,1,2269,3,15000.0,4500.0,40500.0
6017,957,2,1,2,946,1,2269,2,15000.0,3000.0,27000.0
6018,472,2,4,1,657,4,2195,1,12600.0,0.0,12600.0
6019,1304,2,4,2,923,4,1544,1,15000.0,1500.0,13500.0
6020,254,1,,1,975,2383,2549,3,12000.0,720.0,35280.0
6021,254,1,,1,975,2383,2549,3,12000.0,0.0,36000.0
6022,1125,2,1,1,761,1,1437,3,10800.0,648.0,31752.0
6023,107,1,,2,995,1563,680,3,15000.0,900.0,44100.0
6024,1237,1,,1,868,2198,,1,12000.0,600.0,11400.0
6025,1237,1,,2,868,2198,,3,15000.0,0.0,45000.0
6026,293,2,4,1,726,4,286,3,12600.0,1890.0,35910.0
6027,879,2,1,1,602,1,3049,1,12600.0,0.0,12600.0
6028,246,1,,1,570,1949,2020,1,12000.0,600.0,11400.0
6029,1032,2,1,2,865,1,554,2,16500.0,1650.0,31350.0
6030,1021,2,2,2,558,2,313,3,13500.0,0.0,40500.0
6031,1021,2,2,2,558,2,313,1,16500.0,825.0,15675.0
6032,1024,1,,1,463,270,,2,12000.0,1200.0,22800.0
6033,1024,1,,2,463,270,,3,15000.0,4500.0,40500.0
6034,525,2,2,1,827,2,2573,3,12000.0,3600.0,32400.0
6035,1080,1,,2,618,3008,2552,3,15000.0,0.0,45000.0
6036,1080,1,,1,618,3008,2552,3,12000.0,0.0,36000.0
6037,610,2,4,1,522,4,24,3,10800.0,648.0,31752.0
6038,610,2,4,1,522,4,24,2,10800.0,1080.0,20520.0
6039,485,1,,2,627,1818,513,3,15000.0,0.0,45000.0
6040,1034,1,,2,457,826,,1,15000.0,750.0,14250.0
6041,61,2,1,2,532,1,969,1,15000.0,750.0,14250.0
6042,61,2,1,1,532,1,969,3,12000.0,720.0,35280.0
6043,801,2,1,1,647,1,2420,2,12000.0,1200.0,22800.0
6044,801,2,1,1,647,1,2420,2,10800.0,432.0,21168.0
6045,382,1,,1,523,3155,3,3,12000.0,720.0,35280.0
6046,382,1,,2,523,3155,3,2,15000.0,0.0,30000.0
6047,774,1,,1,970,132,3022,2,12000.0,0.0,24000.0
6048,634,2,1,1,456,1,8,2,13200.0,528.0,25872.0
6049,1029,1,,2,733,1925,2701,3,15000.0,2250.0,42750.0
6050,1363,1,,2,371,2179,1584,2,13500.0,0.0,27000.0
6051,690,2,2,1,433,2,2531,3,10800.0,1620.0,30780.0
6052,178,1,,2,510,2500,15,2,13500.0,1350.0,25650.0
6053,811,2,1,1,970,1,1086,1,12000.0,1200.0,10800.0
6054,811,2,1,1,970,1,1086,3,12600.0,0.0,37800.0
6055,251,1,,2,718,2617,8,3,15750.0,0.0,47250.0
6056,251,1,,2,718,2617,8,3,15750.0,945.0,46305.0
6057,70,1,,1,623,637,339,1,12600.0,0.0,12600.0
6058,1281,2,1,2,909,1,2596,3,13500.0,0.0,40500.0
6059,435,1,,1,717,2779,2695,3,10800.0,3240.0,29160.0
6060,383,1,,1,874,1830,393,3,13200.0,1980.0,37620.0
6061,34,1,,1,754,2776,2240,2,12000.0,1200.0,22800.0
6062,34,1,,1,754,2776,2240,1,12000.0,0.0,12000.0
6063,217,2,2,1,425,2,1200,2,12000.0,0.0,24000.0
6064,851,2,1,1,497,1,518,2,13200.0,2640.0,23760.0
6065,1428,2,3,1,613,3,1592,1,12000.0,240.0,11760.0
6066,1448,1,,2,668,858,,1,13500.0,1350.0,12150.0
6067,1448,1,,1,668,858,,1,10800.0,216.0,10584.0
6068,1383,2,1,1,465,1,,3,13200.0,792.0,38808.0
6069,1383,2,1,1,465,1,,3,12000.0,0.0,36000.0
6070,1497,2,1,1,659,1,2734,1,12000.0,240.0,11760.0
6071,661,2,2,1,771,2,721,2,13200.0,0.0,26400.0
6072,1165,1,,2,487,2022,195,1,15000.0,0.0,15000.0
6073,145,2,4,1,675,4,,3,12000.0,3600.0,32400.0
6074,961,1,,2,418,1924,784,2,16500.0,660.0,32340.0
6075,960,1,,1,783,1863,229,3,10800.0,3240.0,29160.0
6076,1270,2,4,2,795,4,716,3,13500.0,2025.0,38475.0
6077,1270,2,4,1,795,4,716,3,12000.0,720.0,35280.0
6078,508,1,,1,909,2864,2206,3,10800.0,1620.0,30780.0
6079,508,1,,2,909,2864,2206,2,13500.0,0.0,27000.0
6080,1232,2,4,1,781,4,2876,3,12000.0,3600.0,32400.0
6081,1232,2,4,1,781,4,2876,1,12000.0,1200.0,10800.0
6082,1494,2,3,2,461,3,,1,15000.0,1500.0,13500.0
6083,1494,2,3,2,461,3,,2,13500.0,2700.0,24300.0
6084,422,2,1,2,738,1,891,2,15000.0,0.0,30000.0
6085,1157,1,,1,513,1245,1868,2,12000.0,1200.0,22800.0
6086,154,1,,1,390,1107,162,3,12000.0,3600.0,32400.0
6087,394,2,1,1,872,1,709,1,10800.0,216.0,10584.0
6088,394,2,1,2,777,1,,2,15000.0,3000.0,27000.0
6089,394,2,1,1,777,1,,3,12000.0,1800.0,34200.0
6090,153,2,4,2,942,4,,3,15000.0,900.0,44100.0
6091,1465,2,4,1,904,4,2274,1,12000.0,240.0,11760.0
6092,461,2,4,1,986,4,2759,3,12000.0,1800.0,34200.0
6093,900,2,4,1,689,4,1071,1,10800.0,540.0,10260.0
6094,852,1,,1,869,341,1607,1,12000.0,0.0,12000.0
6095,1015,2,2,2,548,2,1777,3,15000.0,4500.0,40500.0
6096,1015,2,2,1,548,2,1777,2,12000.0,1200.0,22800.0
6097,1385,2,2,2,968,2,,3,15750.0,0.0,47250.0
6098,1385,2,2,1,968,2,,1,12600.0,1260.0,11340.0
6099,1311,1,,2,444,2650,2342,3,16500.0,0.0,49500.0
6100,1311,1,,2,444,2650,2342,2,15000.0,3000.0,27000.0
6101,1034,1,,2,731,3116,697,2,15000.0,3000.0,27000.0
6102,384,1,,1,807,1190,170,3,12000.0,1800.0,34200.0
6103,384,1,,1,807,1190,170,2,12000.0,480.0,23520.0
6104,744,1,,2,936,130,538,2,15000.0,0.0,30000.0
6105,744,1,,1,936,130,538,2,12600.0,0.0,25200.0
6106,932,2,4,1,649,4,1106,2,12000.0,480.0,23520.0
6107,932,2,4,1,649,4,1106,2,12600.0,0.0,25200.0
6108,640,1,,1,704,2977,535,1,12000.0,0.0,12000.0
6109,930,2,2,1,939,2,1934,2,12000.0,2400.0,21600.0
6110,1164,1,,1,814,540,458,3,12000.0,720.0,35280.0
6111,1164,1,,2,814,540,458,1,15000.0,750.0,14250.0
6112,1164,1,,2,814,540,458,2,15750.0,0.0,31500.0
6113,700,1,,2,509,1470,312,2,15000.0,600.0,29400.0
6114,700,1,,2,509,1470,312,3,16500.0,4950.0,44550.0
6115,608,1,,1,451,2541,1475,3,12000.0,3600.0,32400.0
6116,1076,1,,2,782,706,399,1,15000.0,300.0,14700.0
6117,113,2,1,2,927,1,1701,2,15000.0,0.0,30000.0
6118,883,1,,2,626,43,270,3,15000.0,900.0,44100.0
6119,177,1,,2,781,1130,1241,1,15750.0,1575.0,14175.0
6120,177,1,,1,781,1130,1241,3,12600.0,1890.0,35910.0
6121,609,1,,2,618,2745,207,2,13500.0,1350.0,25650.0
6122,688,2,2,2,592,2,1401,2,15000.0,0.0,30000.0
6123,688,2,2,2,592,2,1401,3,16500.0,4950.0,44550.0
6124,438,1,,2,877,304,123,2,15000.0,3000.0,27000.0
6125,315,1,,1,541,1335,2021,3,10800.0,0.0,32400.0
6126,67,2,2,1,404,2,717,3,10800.0,3240.0,29160.0
6127,67,2,2,1,404,2,717,1,12000.0,240.0,11760.0
6128,868,2,1,2,890,1,2117,3,13500.0,2025.0,38475.0
6129,868,2,1,2,890,1,2117,2,15750.0,1575.0,29925.0
6130,110,1,,1,721,1776,699,2,12000.0,2400.0,21600.0
6131,110,1,,2,721,1776,699,1,15000.0,0.0,15000.0
6132,482,2,3,1,828,3,3049,3,12000.0,3600.0,32400.0
6133,684,2,1,2,497,1,975,1,13500.0,1350.0,12150.0
6134,1116,1,,1,636,3106,2434,3,12000.0,720.0,35280.0
6135,1116,1,,1,636,3106,2434,3,12000.0,1800.0,34200.0
6136,371,1,,1,993,499,2953,2,12000.0,2400.0,21600.0
6137,371,1,,1,993,499,2953,2,12000.0,480.0,23520.0
6138,20,1,,2,925,8,1117,3,15750.0,0.0,47250.0
6139,488,1,,2,599,2018,499,1,15000.0,0.0,15000.0
6140,488,1,,2,599,2018,499,2,15750.0,0.0,31500.0
6141,539,1,,2,382,2738,2685,2,15750.0,3150.0,28350.0
6142,539,1,,2,382,2738,2685,1,15000.0,750.0,14250.0
6143,1183,2,3,1,578,3,2111,2,12600.0,504.0,24696.0
6144,1183,2,3,1,578,3,2111,2,12000.0,1200.0,22800.0
6145,145,2,4,1,634,4,2749,2,12000.0,0.0,24000.0
6146,1296,1,,2,637,2549,2163,3,13500.0,0.0,40500.0
6147,713,1,,1,482,2602,2924,1,12000.0,0.0,12000.0
6148,541,1,,1,713,3044,1521,1,13200.0,264.0,12936.0
6149,157,2,1,1,818,1,1712,2,12600.0,0.0,25200.0
6150,157,2,1,2,818,1,1712,2,15000.0,1500.0,28500.0
6151,157,2,1,1,818,1,1712,1,12000.0,0.0,12000.0
6152,1370,1,,2,639,2110,3153,1,15000.0,750.0,14250.0
6153,1455,2,3,1,924,3,1241,1,12600.0,630.0,11970.0
6154,657,2,1,2,782,1,860,2,15000.0,0.0,30000.0
6155,955,2,4,1,949,4,1367,3,12000.0,0.0,36000.0
6156,955,2,4,2,949,4,1367,1,15000.0,750.0,14250.0
6157,955,2,4,1,949,4,1367,2,13200.0,0.0,26400.0
6158,84,2,4,1,475,4,2124,3,12000.0,1800.0,34200.0
6159,900,2,1,1,612,1,,1,12000.0,1200.0,10800.0
6160,479,1,,1,914,2749,542,3,12000.0,1800.0,34200.0
6161,479,1,,2,914,2749,542,1,15000.0,1500.0,13500.0
6162,164,1,,1,735,602,2397,3,13200.0,3960.0,35640.0
6163,255,2,2,1,868,2,3007,2,12000.0,0.0,24000.0
6164,733,1,,2,990,747,577,2,15750.0,3150.0,28350.0
6165,192,2,1,1,956,1,2713,3,10800.0,648.0,31752.0
6166,1083,2,2,1,745,2,188,1,10800.0,540.0,10260.0
6167,1083,2,2,2,745,2,188,1,15000.0,750.0,14250.0
6168,780,2,4,2,820,4,789,2,15000.0,3000.0,27000.0
6169,242,1,,1,604,2089,1521,2,10800.0,1080.0,20520.0
6170,555,1,,2,549,166,147,3,15000.0,2250.0,42750.0
6171,256,1,,2,765,792,842,1,16500.0,0.0,16500.0
6172,635,1,,2,426,2279,,3,13500.0,810.0,39690.0
6173,349,2,3,1,562,3,938,3,12000.0,1800.0,34200.0
6174,349,2,3,1,562,3,938,1,10800.0,216.0,10584.0
6175,306,1,,2,783,1528,2034,1,15000.0,300.0,14700.0
6176,969,2,3,1,378,3,1566,3,12000.0,1800.0,34200.0
6177,969,2,3,2,378,3,1566,2,15000.0,3000.0,27000.0
6178,1180,2,3,1,614,3,2025,2,12000.0,1200.0,22800.0
6179,37,1,,2,463,391,101,3,15750.0,945.0,46305.0
6180,37,1,,1,463,391,101,2,12000.0,1200.0,22800.0
6181,37,1,,2,463,391,101,2,15000.0,600.0,29400.0
6182,846,1,,1,968,369,946,1,12000.0,240.0,11760.0
6183,329,1,,1,567,2778,2375,3,12600.0,756.0,37044.0
6184,140,2,3,1,579,3,2722,2,13200.0,528.0,25872.0
6185,163,2,2,1,860,2,2138,2,12000.0,0.0,24000.0
6186,86,1,,1,768,792,2431,2,12000.0,0.0,24000.0
6187,521,2,2,2,624,2,2845,1,15000.0,1500.0,13500.0
6188,487,1,,2,942,2737,959,1,15750.0,1575.0,14175.0
6189,487,1,,2,942,2737,959,1,13500.0,675.0,12825.0
6190,639,2,2,2,976,2,2842,3,15000.0,2250.0,42750.0
6191,1191,1,,2,576,2066,,1,15000.0,0.0,15000.0
6192,1377,2,4,1,744,4,2145,1,12000.0,0.0,12000.0
6193,286,2,4,2,467,4,2986,1,15000.0,300.0,14700.0
6194,1324,2,3,2,875,3,1890,3,15750.0,0.0,47250.0
6195,702,2,1,2,615,1,991,2,15750.0,0.0,31500.0
6196,694,1,,2,383,1293,641,2,13500.0,2700.0,24300.0
6197,665,2,1,2,993,1,1818,3,13500.0,2025.0,38475.0
6198,244,2,1,2,412,1,1241,2,15000.0,0.0,30000.0
6199,244,2,1,1,412,1,1241,3,12000.0,0.0,36000.0
6200,585,1,,1,846,723,553,2,12000.0,0.0,24000.0
6201,651,1,,2,929,561,472,1,13500.0,270.0,13230.0
6202,1408,1,,1,764,2999,1878,2,12600.0,2520.0,22680.0
6203,339,2,2,1,868,2,2893,3,12000.0,720.0,35280.0
6204,1110,2,3,2,392,3,1141,1,15000.0,0.0,15000.0
6205,1311,2,4,1,843,4,1141,3,10800.0,0.0,32400.0
6206,827,1,,1,420,1468,1809,1,12000.0,240.0,11760.0
6207,1382,1,,1,975,398,1791,3,13200.0,3960.0,35640.0
6208,1382,1,,1,975,398,1791,3,12600.0,1890.0,35910.0
6209,1382,1,,2,975,398,1791,1,15750.0,787.5,14962.5
6210,554,1,,1,720,2425,2215,3,12000.0,3600.0,32400.0
6211,554,1,,1,720,2425,2215,3,10800.0,3240.0,29160.0
6212,710,1,,1,517,1835,2596,2,12000.0,2400.0,21600.0
6213,1085,1,,2,751,1382,2588,1,15000.0,750.0,14250.0
6214,449,1,,1,518,1317,1776,2,10800.0,0.0,21600.0
6215,1359,1,,1,373,1840,1569,3,13200.0,0.0,39600.0
6216,956,1,,2,786,3117,2106,1,15750.0,1575.0,14175.0
6217,143,2,4,1,612,4,1510,2,13200.0,528.0,25872.0
6218,12,1,,1,444,2615,1739,2,12000.0,2400.0,21600.0
6219,29,1,,1,380,1353,,2,13200.0,2640.0,23760.0
6220,688,1,,1,1001,2353,2044,1,12000.0,600.0,11400.0
6221,991,2,4,1,465,4,,2,13200.0,1320.0,25080.0
6222,468,2,4,1,804,4,580,2,12000.0,2400.0,21600.0
6223,650,1,,1,571,2143,1739,3,12000.0,0.0,36000.0
6224,1002,1,,1,560,1399,2890,2,12000.0,1200.0,22800.0
6225,539,1,,2,696,3087,494,2,15750.0,0.0,31500.0
6226,397,2,3,2,397,3,2820,3,13500.0,2025.0,38475.0
6227,1059,2,1,2,627,1,3093,2,15000.0,0.0,30000.0
6228,363,1,,1,512,1396,,1,12000.0,0.0,12000.0
6229,806,2,4,1,599,4,1560,3,10800.0,3240.0,29160.0
6230,949,2,4,2,495,4,120,1,15000.0,0.0,15000.0
6231,949,2,4,2,495,4,120,1,15000.0,750.0,14250.0
6232,949,2,4,2,495,4,120,3,15000.0,2250.0,42750.0
6233,837,1,,1,538,780,2086,3,12600.0,756.0,37044.0
6234,1035,2,3,1,812,3,,1,13200.0,660.0,12540.0
6235,485,1,,1,707,894,790,1,12000.0,240.0,11760.0
6236,778,1,,2,831,1295,1653,3,13500.0,810.0,39690.0
6237,1076,1,,1,572,2926,2095,3,12000.0,1800.0,34200.0
6238,658,1,,1,636,903,490,1,12000.0,600.0,11400.0
6239,658,1,,2,636,903,490,1,15750.0,787.5,14962.5
6240,1402,1,,2,447,2038,2812,1,15750.0,787.5,14962.5
6241,1402,1,,2,447,2038,2812,3,15000.0,4500.0,40500.0
6242,303,1,,1,829,1664,2616,1,10800.0,0.0,10800.0
6243,1078,1,,1,894,2779,3101,3,12600.0,1890.0,35910.0
6244,1388,2,3,2,854,3,2582,1,15000.0,0.0,15000.0
6245,1388,2,3,1,854,3,2582,2,12000.0,480.0,23520.0
6246,1388,2,3,1,854,3,2582,2,12000.0,1200.0,22800.0
6247,1286,2,2,1,656,2,325,3,12000.0,3600.0,32400.0
6248,703,2,3,1,556,3,,1,12600.0,252.0,12348.0
6249,250,2,4,1,987,4,2898,2,12000.0,1200.0,22800.0
6250,781,1,,1,395,93,,1,12600.0,1260.0,11340.0
6251,781,1,,1,395,93,,2,12600.0,504.0,24696.0
6252,1033,2,1,1,771,1,1421,2,12600.0,504.0,24696.0
6253,1255,1,,2,504,1103,306,1,15000.0,300.0,14700.0
6254,703,1,,1,997,80,1875,2,10800.0,1080.0,20520.0
6255,824,1,,1,561,626,1858,3,12600.0,3780.0,34020.0
6256,863,1,,2,700,2153,864,3,15000.0,2250.0,42750.0
6257,348,1,,2,912,2435,1568,3,15000.0,4500.0,40500.0
6258,1186,2,4,1,605,4,1442,3,12000.0,3600.0,32400.0
6259,618,2,4,2,948,4,1839,1,13500.0,675.0,12825.0
6260,244,2,4,2,437,4,2162,1,15000.0,0.0,15000.0
6261,1082,1,,1,994,1444,927,3,12600.0,0.0,37800.0
6262,97,1,,1,647,1512,407,3,13200.0,3960.0,35640.0
6263,502,2,1,2,798,1,,1,15000.0,750.0,14250.0
6264,284,1,,1,513,889,3141,2,12000.0,480.0,23520.0
6265,1112,1,,2,742,9,1043,3,15000.0,2250.0,42750.0
6266,864,2,3,1,998,3,2853,2,12000.0,0.0,24000.0
6267,1288,2,1,2,944,1,369,2,15000.0,3000.0,27000.0
6268,1288,2,1,1,944,1,369,3,10800.0,3240.0,29160.0
6269,1169,1,,1,421,937,1158,1,12000.0,600.0,11400.0
6270,1271,1,,2,500,2033,1855,2,15000.0,600.0,29400.0
6271,996,2,1,2,632,1,575,3,15750.0,945.0,46305.0
6272,737,2,1,1,526,1,1014,2,13200.0,528.0,25872.0
6273,467,1,,1,786,2476,2308,2,12000.0,2400.0,21600.0
6274,467,1,,2,786,2476,2308,1,15750.0,1575.0,14175.0
6275,232,1,,1,842,2853,2835,1,10800.0,540.0,10260.0
6276,232,1,,2,842,2853,2835,2,15000.0,1500.0,28500.0
6277,808,1,,2,629,1220,2851,1,15750.0,1575.0,14175.0
6278,808,1,,2,629,1220,2851,2,15000.0,0.0,30000.0
6279,808,1,,1,629,1220,2851,3,10800.0,0.0,32400.0
6280,1141,1,,1,469,680,1388,1,12000.0,0.0,12000.0
6281,363,2,3,2,521,3,987,1,15000.0,300.0,14700.0
6282,720,1,,2,869,1403,1750,2,15000.0,1500.0,28500.0
6283,720,1,,2,869,1403,1750,3,15000.0,900.0,44100.0
6284,507,1,,2,853,2903,1237,3,13500.0,0.0,40500.0
6285,507,1,,1,853,2903,1237,1,12000.0,0.0,12000.0
6286,1040,1,,1,537,2138,2008,1,12000.0,1200.0,10800.0
6287,1040,1,,2,537,2138,2008,1,15000.0,750.0,14250.0
6288,1040,1,,1,537,2138,2008,3,13200.0,792.0,38808.0
6289,180,1,,1,964,288,2010,2,13200.0,0.0,26400.0
6290,1385,2,3,1,448,3,79,1,12000.0,1200.0,10800.0
6291,185,2,4,1,958,4,582,1,12000.0,600.0,11400.0
6292,238,1,,1,429,3150,281,2,13200.0,1320.0,25080.0
6293,536,1,,1,438,3189,1859,3,12000.0,1800.0,34200.0
6294,1229,1,,1,994,606,2095,3,12600.0,1890.0,35910.0
6295,814,1,,1,893,1963,3035,2,12600.0,504.0,24696.0
6296,1055,1,,2,863,1166,1576,3,15750.0,4725.0,42525.0
6297,1196,1,,1,467,34,87,1,12000.0,600.0,11400.0
6298,1068,2,3,1,695,3,2828,2,10800.0,2160.0,19440.0
6299,1068,2,3,2,695,3,2828,2,15750.0,1575.0,29925.0
6300,865,2,2,2,665,2,624,2,15000.0,600.0,29400.0
6301,1331,1,,2,867,2665,587,2,15000.0,1500.0,28500.0
6302,1331,1,,1,867,2665,587,2,12000.0,2400.0,21600.0
6303,299,1,,1,392,910,836,2,12000.0,480.0,23520.0
6304,1394,2,4,2,566,4,732,1,15000.0,0.0,15000.0
6305,1394,2,4,2,566,4,732,1,15000.0,750.0,14250.0
6306,912,2,1,1,822,1,2568,3,12000.0,0.0,36000.0
6307,858,1,,1,768,560,2911,3,12000.0,1800.0,34200.0
6308,899,2,4,1,434,4,3189,2,10800.0,432.0,21168.0
6309,899,2,4,1,434,4,3189,3,13200.0,0.0,39600.0
6310,229,2,2,2,771,2,795,2,15000.0,3000.0,27000.0
6311,134,2,1,1,962,1,1372,2,12000.0,0.0,24000.0
6312,657,1,,2,569,2064,648,3,15000.0,0.0,45000.0
6313,657,1,,1,569,2064,648,3,12600.0,756.0,37044.0
6314,657,1,,1,569,2064,648,1,10800.0,0.0,10800.0
6315,210,1,,1,793,416,827,1,10800.0,216.0,10584.0
6316,210,1,,2,793,416,827,2,15000.0,600.0,29400.0
6317,1400,1,,1,633,945,950,1,12600.0,1260.0,11340.0
6318,23,2,1,2,545,1,1844,2,15000.0,3000.0,27000.0
6319,23,2,1,1,545,1,1844,3,12000.0,3600.0,32400.0
6320,23,2,1,1,545,1,1844,3,10800.0,648.0,31752.0
6321,339,2,1,1,947,1,1577,2,12600.0,0.0,25200.0
6322,1043,2,2,2,563,2,1048,1,13500.0,1350.0,12150.0
6323,829,1,,2,587,1136,1672,3,15000.0,0.0,45000.0
6324,932,2,1,1,797,1,2105,2,13200.0,0.0,26400.0
6325,932,2,1,2,797,1,2105,1,15000.0,750.0,14250.0
6326,433,2,1,1,471,1,219,1,13200.0,660.0,12540.0
6327,1280,2,2,2,887,2,988,3,15750.0,4725.0,42525.0
6328,1463,2,1,2,525,1,2664,2,15750.0,630.0,30870.0
6329,1314,2,2,2,528,2,3135,1,15000.0,1500.0,13500.0
6330,812,1,,2,489,2153,100,3,15000.0,900.0,44100.0
6331,1159,2,4,2,948,4,1885,1,15000.0,300.0,14700.0
6332,1424,1,,2,754,2118,,2,15000.0,600.0,29400.0
6333,276,1,,1,803,701,,3,12000.0,3600.0,32400.0
6334,276,1,,1,803,701,,1,12000.0,0.0,12000.0
6335,132,2,2,2,823,2,84,3,15000.0,4500.0,40500.0
6336,270,2,3,1,974,3,532,1,12000.0,1200.0,10800.0
6337,779,2,1,2,801,1,2901,1,15000.0,300.0,14700.0
6338,779,2,1,1,801,1,2901,2,12000.0,0.0,24000.0
6339,1015,2,4,2,497,4,2331,3,16500.0,4950.0,44550.0
6340,314,2,3,1,765,3,2330,1,10800.0,540.0,10260.0
6341,1489,1,,2,500,1989,2415,2,16500.0,0.0,33000.0
6342,425,1,,1,563,1134,2375,3,12600.0,756.0,37044.0
6343,157,2,1,2,576,1,2001,1,13500.0,0.0,13500.0
6344,157,2,1,1,576,1,2001,2,12000.0,2400.0,21600.0
6345,1421,2,2,2,957,2,324,3,15750.0,945.0,46305.0
6346,1421,2,2,2,957,2,324,2,13500.0,0.0,27000.0
6347,384,1,,1,736,1693,,2,12000.0,2400.0,21600.0
6348,1336,2,2,1,423,2,833,3,12000.0,720.0,35280.0
6349,1330,1,,2,566,2801,,2,15750.0,0.0,31500.0
6350,1330,1,,2,566,2801,,2,15000.0,600.0,29400.0
6351,943,1,,2,673,2161,2370,2,15000.0,3000.0,27000.0
6352,943,1,,1,673,2161,2370,3,12000.0,0.0,36000.0
6353,943,1,,2,673,2161,2370,1,15000.0,1500.0,13500.0
6354,225,1,,1,798,3136,3156,3,12000.0,720.0,35280.0
6355,784,2,4,2,797,4,961,1,15000.0,1500.0,13500.0
6356,784,2,4,2,797,4,961,3,15000.0,0.0,45000.0
6357,1209,2,4,1,916,4,708,3,12000.0,3600.0,32400.0
6358,339,1,,1,996,1550,2968,3,13200.0,1980.0,37620.0
6359,920,2,2,1,590,2,2833,3,10800.0,1620.0,30780.0
6360,920,2,2,1,590,2,2833,2,10800.0,432.0,21168.0
6361,627,1,,2,765,2814,841,2,15000.0,3000.0,27000.0
6362,261,2,2,2,526,2,1021,1,16500.0,0.0,16500.0
6363,261,2,2,2,526,2,1021,3,15750.0,4725.0,42525.0
6364,672,1,,1,526,1573,,3,12000.0,1800.0,34200.0
6365,672,1,,1,526,1573,,3,12000.0,0.0,36000.0
6366,1350,1,,1,657,335,389,2,12000.0,480.0,23520.0
6367,1350,1,,1,657,335,389,3,12000.0,1800.0,34200.0
6368,259,2,3,2,849,3,1413,2,15750.0,630.0,30870.0
6369,259,2,3,2,849,3,1413,1,15000.0,1500.0,13500.0
6370,1354,2,4,1,697,4,2437,2,12000.0,1200.0,22800.0
6371,1354,2,4,1,697,4,2437,1,12600.0,0.0,12600.0
6372,1310,1,,2,869,1381,169,3,13500.0,0.0,40500.0
6373,1310,1,,1,869,1381,169,3,12600.0,0.0,37800.0
6374,1224,2,2,1,885,2,372,2,12000.0,2400.0,21600.0
6375,850,1,,1,548,981,,2,12000.0,1200.0,22800.0
6376,1284,2,1,2,476,1,,1,13500.0,675.0,12825.0
6377,1127,2,1,2,847,1,915,1,16500.0,825.0,15675.0
6378,133,2,2,1,736,2,725,3,10800.0,0.0,32400.0
6379,1154,1,,2,737,1403,351,1,15000.0,300.0,14700.0
6380,73,2,4,1,849,4,1864,2,12000.0,0.0,24000.0
6381,1222,1,,2,613,3150,3046,1,15750.0,0.0,15750.0
6382,119,1,,1,399,1316,1974,1,12000.0,0.0,12000.0
6383,1190,2,2,1,903,2,,2,12600.0,1260.0,23940.0
6384,1500,1,,2,470,1736,1749,2,15000.0,1500.0,28500.0
6385,148,2,3,1,450,3,784,3,12600.0,0.0,37800.0
6386,233,1,,1,604,2569,1412,2,13200.0,1320.0,25080.0
6387,685,1,,1,377,525,2724,1,12000.0,0.0,12000.0
6388,1183,2,1,1,974,1,2643,2,13200.0,1320.0,25080.0
6389,427,2,1,1,376,1,,2,12600.0,0.0,25200.0
6390,996,1,,2,453,1664,2536,3,15000.0,2250.0,42750.0
6391,74,2,1,2,412,1,984,3,15000.0,900.0,44100.0
6392,407,1,,2,867,292,2814,1,16500.0,825.0,15675.0
6393,407,1,,2,867,292,2814,2,13500.0,2700.0,24300.0
6394,1121,1,,2,556,2440,2382,2,15000.0,1500.0,28500.0
6395,1209,1,,1,784,563,2921,2,12000.0,2400.0,21600.0
6396,494,1,,1,487,3053,2613,3,13200.0,792.0,38808.0
6397,494,1,,2,487,3053,2613,2,15000.0,1500.0,28500.0
6398,494,1,,2,487,3053,2613,2,13500.0,2700.0,24300.0
6399,1026,1,,1,681,979,2473,3,12600.0,756.0,37044.0
6400,773,1,,1,949,3093,148,1,12000.0,600.0,11400.0
6401,91,1,,1,832,925,256,1,10800.0,1080.0,9720.0
6402,301,1,,1,581,1564,2349,2,12000.0,1200.0,22800.0
6403,33,2,1,1,651,1,413,1,13200.0,660.0,12540.0
6404,33,2,1,2,651,1,413,3,15000.0,4500.0,40500.0
6405,1480,1,,2,893,3147,2086,1,15000.0,1500.0,13500.0
6406,1480,1,,1,893,3147,2086,2,12000.0,0.0,24000.0
6407,635,2,1,2,544,1,3083,3,15000.0,900.0,44100.0
6408,823,1,,1,563,1418,382,1,12000.0,240.0,11760.0
6409,49,2,1,2,570,1,157,3,15000.0,0.0,45000.0
6410,422,1,,1,607,385,2724,3,12000.0,3600.0,32400.0
6411,649,2,2,1,844,2,,3,12000.0,3600.0,32400.0
6412,351,2,4,2,684,4,,2,15750.0,0.0,31500.0
6413,1335,1,,2,672,2818,2568,2,15000.0,0.0,30000.0
6414,382,2,2,1,861,2,1473,2,10800.0,2160.0,19440.0
6415,1466,1,,2,832,472,2866,3,15750.0,0.0,47250.0
6416,546,1,,1,895,1898,1579,2,13200.0,2640.0,23760.0
6417,160,2,3,2,547,3,3083,1,15000.0,0.0,15000.0
6418,1075,2,4,1,452,4,2187,2,12600.0,1260.0,23940.0
6419,1075,2,4,1,452,4,2187,1,12000.0,0.0,12000.0
6420,455,2,1,2,700,1,177,2,15000.0,0.0,30000.0
6421,241,1,,2,732,103,2931,2,16500.0,1650.0,31350.0
6422,241,1,,1,732,103,2931,2,12600.0,2520.0,22680.0
6423,241,1,,1,732,103,2931,1,12000.0,240.0,11760.0
6424,710,2,2,1,819,2,228,1,12000.0,0.0,12000.0
6425,645,1,,1,805,2681,1087,3,12000.0,3600.0,32400.0
6426,645,1,,1,805,2681,1087,3,12600.0,0.0,37800.0
6427,367,2,2,2,529,2,151,2,15000.0,600.0,29400.0
6428,367,2,2,2,529,2,151,1,15000.0,750.0,14250.0
6429,890,2,4,2,685,4,1018,2,15000.0,1500.0,28500.0
6430,890,2,4,2,685,4,1018,3,15000.0,900.0,44100.0
6431,927,1,,1,877,963,1348,2,12000.0,480.0,23520.0
6432,133,1,,1,854,2804,2652,3,12000.0,1800.0,34200.0
6433,524,2,2,1,750,2,1976,2,12000.0,0.0,24000.0
6434,524,2,2,1,750,2,1976,3,12000.0,720.0,35280.0
6435,635,1,,1,674,2561,200,2,12000.0,480.0,23520.0
6436,1206,1,,1,543,1129,2666,2,13200.0,0.0,26400.0
6437,1461,1,,2,420,1366,1524,2,15000.0,3000.0,27000.0
6438,1461,1,,1,420,1366,1524,1,10800.0,0.0,10800.0
6439,601,1,,1,824,222,2363,3,12000.0,3600.0,32400.0
6440,1057,1,,1,720,1710,1120,3,12600.0,3780.0,34020.0
6441,357,2,4,1,585,4,540,1,12000.0,1200.0,10800.0
6442,1261,1,,1,444,592,,3,10800.0,0.0,32400.0
6443,26,1,,1,768,301,491,2,12600.0,504.0,24696.0
6444,588,2,3,1,844,3,1157,3,10800.0,0.0,32400.0
6445,17,1,,1,405,1091,2013,2,12000.0,1200.0,22800.0
6446,730,1,,2,493,863,1925,1,15750.0,0.0,15750.0
6447,730,1,,2,493,863,1925,1,15000.0,0.0,15000.0
6448,874,2,4,2,925,4,3109,2,15000.0,600.0,29400.0
6449,961,1,,2,793,2453,2588,2,15750.0,630.0,30870.0
6450,1127,1,,2,412,2091,2863,3,15000.0,2250.0,42750.0
6451,1324,1,,2,777,3004,296,3,15000.0,2250.0,42750.0
6452,8,1,,1,709,2125,1402,1,12000.0,1200.0,10800.0
6453,906,2,3,1,482,3,1087,2,12000.0,0.0,24000.0
6454,807,1,,1,836,1111,335,3,13200.0,3960.0,35640.0
6455,1111,2,3,2,592,3,125,3,15000.0,4500.0,40500.0
6456,1111,2,3,1,592,3,125,1,12000.0,600.0,11400.0
6457,1279,1,,2,580,2943,2957,3,13500.0,0.0,40500.0
6458,728,1,,1,526,25,2382,2,12000.0,1200.0,22800.0
6459,728,1,,1,526,25,2382,3,12000.0,720.0,35280.0
6460,337,1,,1,787,2512,2078,2,10800.0,2160.0,19440.0
6461,1302,1,,1,1004,547,2107,3,13200.0,0.0,39600.0
6462,832,2,4,1,648,4,,2,10800.0,0.0,21600.0
6463,226,2,4,2,970,4,2050,1,15750.0,1575.0,14175.0
6464,810,2,2,2,506,2,2006,2,15000.0,600.0,29400.0
6465,810,2,2,1,506,2,2006,3,12000.0,3600.0,32400.0
6466,810,2,2,2,506,2,2006,3,15000.0,4500.0,40500.0
6467,923,2,1,2,767,1,1890,1,16500.0,825.0,15675.0
6468,816,1,,1,881,2971,,2,12600.0,1260.0,23940.0
6469,816,1,,2,881,2971,,3,15000.0,4500.0,40500.0
6470,1205,1,,1,443,2275,384,3,12000.0,3600.0,32400.0
6471,1205,1,,1,443,2275,384,3,12000.0,0.0,36000.0
6472,1205,1,,1,443,2275,384,2,12000.0,480.0,23520.0
6473,240,1,,2,747,845,2099,2,15000.0,1500.0,28500.0
6474,867,1,,1,603,1250,2735,1,12000.0,240.0,11760.0
6475,867,1,,1,603,1250,2735,2,10800.0,432.0,21168.0
6476,60,2,3,2,935,3,3100,3,15000.0,900.0,44100.0
6477,676,1,,1,648,1835,2227,2,10800.0,432.0,21168.0
6478,676,1,,1,648,1835,2227,3,12000.0,720.0,35280.0
6479,1029,2,1,1,914,1,1721,3,12000.0,3600.0,32400.0
6480,453,2,3,1,395,3,,3,10800.0,1620.0,30780.0
6481,1480,2,1,1,700,1,2150,2,12000.0,2400.0,21600.0
6482,1480,2,1,2,700,1,2150,1,15000.0,0.0,15000.0
6483,1480,2,1,1,700,1,2150,3,12000.0,720.0,35280.0
6484,865,1,,1,705,2193,,2,12000.0,480.0,23520.0
6485,865,1,,1,705,2193,,3,12600.0,3780.0,34020.0
6486,922,1,,2,385,519,604,2,15000.0,3000.0,27000.0
6487,922,1,,2,385,519,604,1,16500.0,330.0,16170.0
6488,883,2,4,1,456,4,444,2,12000.0,1200.0,22800.0
6489,883,2,4,1,456,4,444,3,12000.0,0.0,36000.0
6490,204,1,,2,820,2162,981,3,16500.0,4950.0,44550.0
6491,983,2,3,2,452,3,1335,1,15000.0,1500.0,13500.0
6492,983,2,3,2,452,3,1335,2,15000.0,600.0,29400.0
6493,34,2,2,1,572,2,3148,2,12000.0,480.0,23520.0
6494,517,2,2,2,623,2,195,3,15000.0,4500.0,40500.0
6495,517,2,2,1,623,2,195,3,12000.0,3600.0,32400.0
6496,517,2,2,1,623,2,195,2,12000.0,2400.0,21600.0
6497,181,2,1,2,513,1,605,2,15000.0,1500.0,28500.0
6498,477,2,2,2,993,2,1925,2,15000.0,3000.0,27000.0
6499,344,1,,1,955,317,2941,2,12000.0,2400.0,21600.0
6500,206,2,2,2,425,2,25,1,15000.0,1500.0,13500.0
6501,861,1,,1,783,303,40,2,13200.0,1320.0,25080.0
6502,301,1,,2,653,162,3135,1,16500.0,0.0,16500.0
6503,1130,2,3,2,797,3,295,2,15000.0,0.0,30000.0
6504,1130,2,3,1,797,3,295,3,12000.0,0.0,36000.0
6505,1116,2,4,2,514,4,2181,2,15000.0,3000.0,27000.0
6506,81,1,,2,774,141,1171,2,16500.0,0.0,33000.0
6507,954,2,4,1,716,4,3076,3,12000.0,720.0,35280.0
6508,954,2,4,2,716,4,3076,3,15000.0,0.0,45000.0
6509,77,2,2,2,777,2,,1,15000.0,0.0,15000.0
6510,549,2,3,2,681,3,1013,3,15000.0,4500.0,40500.0
6511,547,2,3,1,592,3,497,2,12000.0,2400.0,21600.0
6512,991,2,3,2,676,3,1314,1,15000.0,300.0,14700.0
6513,991,2,3,2,676,3,1314,1,15000.0,750.0,14250.0
6514,991,2,3,2,676,3,1314,1,15000.0,750.0,14250.0
6515,605,1,,1,605,2392,2707,1,13200.0,0.0,13200.0
6516,605,1,,1,605,2392,2707,2,12000.0,2400.0,21600.0
6517,605,1,,1,605,2392,2707,1,12000.0,600.0,11400.0
6518,249,2,3,1,447,3,,2,13200.0,0.0,26400.0
6519,547,2,3,1,474,3,955,3,12000.0,720.0,35280.0
6520,1343,2,3,2,971,3,,3,15750.0,4725.0,42525.0
6521,1343,2,3,1,971,3,,3,12000.0,0.0,36000.0
6522,1498,1,,2,729,860,2851,2,15000.0,3000.0,27000.0
6523,1498,1,,2,729,860,2851,3,15000.0,4500.0,40500.0
6524,1337,2,4,2,716,4,549,3,13500.0,2025.0,38475.0
6525,142,2,4,1,573,4,645,2,12000.0,2400.0,21600.0
6526,1390,2,4,1,493,4,423,1,10800.0,540.0,10260.0
6527,1390,2,4,2,493,4,423,1,13500.0,0.0,13500.0
6528,1211,1,,2,579,1362,2298,2,16500.0,1650.0,31350.0
6529,1299,2,4,1,887,4,,2,12000.0,0.0,24000.0
6530,1351,2,1,2,785,1,685,1,15000.0,300.0,14700.0
6531,638,1,,1,981,2363,1905,2,12000.0,1200.0,22800.0
6532,638,1,,2,981,2363,1905,3,13500.0,810.0,39690.0
6533,50,2,2,1,893,2,287,1,12000.0,0.0,12000.0
6534,50,2,2,2,893,2,287,1,15750.0,0.0,15750.0
6535,314,1,,1,731,1102,2033,2,12600.0,504.0,24696.0
6536,314,1,,2,731,1102,2033,1,15750.0,787.5,14962.5
6537,1398,2,4,1,394,4,1091,1,12600.0,1260.0,11340.0
6538,340,1,,2,629,3019,,3,15750.0,0.0,47250.0
6539,1162,2,3,1,496,3,,1,12000.0,600.0,11400.0
6540,1500,2,4,2,385,4,810,1,15750.0,0.0,15750.0
6541,1240,2,2,2,599,2,2858,3,13500.0,2025.0,38475.0
6542,1251,2,3,2,982,3,1348,1,15000.0,1500.0,13500.0
6543,1251,2,3,2,982,3,1348,2,15000.0,3000.0,27000.0
6544,1484,1,,1,477,1847,2342,3,13200.0,792.0,38808.0
6545,1484,1,,1,477,1847,2342,2,12000.0,1200.0,22800.0
6546,395,1,,1,974,1973,,1,12600.0,0.0,12600.0
6547,395,1,,2,974,1973,,1,15000.0,300.0,14700.0
6548,839,2,4,1,730,4,205,3,12600.0,3780.0,34020.0
6549,839,2,4,2,730,4,205,2,13500.0,2700.0,24300.0
6550,839,2,4,1,730,4,205,1,10800.0,216.0,10584.0
6551,643,1,,2,955,2306,2554,2,13500.0,540.0,26460.0
6552,643,1,,1,955,2306,2554,3,12000.0,3600.0,32400.0
6553,231,1,,1,563,3026,1799,2,10800.0,1080.0,20520.0
6554,69,1,,1,659,2406,1971,2,12000.0,480.0,23520.0
6555,348,1,,1,668,1661,,3,12000.0,1800.0,34200.0
6556,621,1,,1,644,2589,2576,3,12000.0,720.0,35280.0
6557,1138,2,1,2,573,1,1660,3,15000.0,2250.0,42750.0
6558,1104,1,,1,580,1369,2585,1,12000.0,240.0,11760.0
6559,1104,1,,1,580,1369,2585,1,12000.0,240.0,11760.0
6560,302,1,,1,584,2801,,2,12000.0,1200.0,22800.0
6561,334,1,,2,827,2221,,2,15000.0,1500.0,28500.0
6562,660,2,2,2,704,2,3039,3,16500.0,0.0,49500.0
6563,704,2,3,1,858,3,2009,1,12600.0,0.0,12600.0
6564,704,2,3,2,858,3,2009,1,15000.0,300.0,14700.0
6565,201,1,,2,754,1649,2752,2,15000.0,600.0,29400.0
6566,256,2,2,1,706,2,632,1,12600.0,0.0,12600.0
6567,1136,1,,2,390,168,1963,1,15000.0,750.0,14250.0
6568,1059,1,,2,970,102,,1,15000.0,750.0,14250.0
6569,1059,1,,2,970,102,,1,15000.0,750.0,14250.0
6570,152,1,,1,961,2744,61,1,12000.0,1200.0,10800.0
6571,582,1,,1,834,2892,977,3,10800.0,3240.0,29160.0
6572,1138,1,,1,761,716,,1,10800.0,0.0,10800.0
6573,1154,1,,2,661,62,838,3,15000.0,900.0,44100.0
6574,898,1,,1,589,2144,436,2,12600.0,0.0,25200.0
6575,819,2,2,1,596,2,711,1,13200.0,1320.0,11880.0
6576,497,1,,1,386,1504,1945,2,13200.0,0.0,26400.0
6577,95,1,,2,967,3191,1310,3,15000.0,0.0,45000.0
6578,95,1,,2,967,3191,1310,1,15000.0,300.0,14700.0
6579,423,2,3,2,849,3,2770,3,15750.0,2362.5,44887.5
6580,548,2,1,1,436,1,1830,3,12000.0,1800.0,34200.0
6581,234,2,1,2,935,1,231,1,16500.0,1650.0,14850.0
6582,234,2,1,2,935,1,231,2,16500.0,0.0,33000.0
6583,63,1,,1,643,1141,1382,1,12000.0,240.0,11760.0
6584,63,1,,1,643,1141,1382,2,12000.0,1200.0,22800.0
6585,1226,1,,2,557,1523,1888,1,15000.0,0.0,15000.0
6586,33,2,2,1,863,2,693,2,12600.0,504.0,24696.0
6587,475,1,,1,494,1784,1443,1,12000.0,1200.0,10800.0
6588,475,1,,1,494,1784,1443,2,13200.0,1320.0,25080.0
6589,1359,2,2,1,988,2,2106,2,12600.0,504.0,24696.0
6590,401,2,2,1,770,2,2029,2,12000.0,480.0,23520.0
6591,1189,1,,1,925,1042,,2,12000.0,2400.0,21600.0
6592,1189,1,,1,925,1042,,1,12000.0,1200.0,10800.0
6593,824,2,4,1,853,4,2417,1,12000.0,0.0,12000.0
6594,648,1,,2,695,889,1499,2,15000.0,1500.0,28500.0
6595,894,2,4,1,934,4,1103,2,12000.0,0.0,24000.0
6596,1227,1,,1,611,829,3057,3,12000.0,3600.0,32400.0
6597,817,2,2,2,652,2,2536,2,15000.0,3000.0,27000.0
6598,817,2,2,2,652,2,2536,3,15750.0,2362.5,44887.5
6599,1335,2,2,1,699,2,2670,1,12600.0,252.0,12348.0
6600,1335,2,2,2,699,2,2670,3,15000.0,4500.0,40500.0
6601,1335,2,2,1,699,2,2670,1,12000.0,600.0,11400.0
6602,1224,2,3,2,901,3,967,2,15000.0,0.0,30000.0
6603,994,1,,2,409,2287,2983,2,15750.0,0.0,31500.0
6604,994,1,,1,409,2287,2983,2,12000.0,0.0,24000.0
6605,1304,2,3,2,601,3,491,1,15750.0,0.0,15750.0
6606,329,2,4,2,423,4,794,1,15000.0,750.0,14250.0
6607,548,1,,2,391,393,1310,1,13500.0,1350.0,12150.0
6608,942,1,,1,464,1830,2465,3,12000.0,720.0,35280.0
6609,1276,2,2,1,855,2,468,2,12000.0,480.0,23520.0
6610,112,2,3,2,979,3,2772,1,15000.0,300.0,14700.0
6611,1224,1,,2,862,2628,1805,1,15000.0,0.0,15000.0
6612,1132,1,,1,434,1819,98,3,12000.0,0.0,36000.0
6613,256,2,4,1,860,4,1574,3,12600.0,3780.0,34020.0
6614,424,1,,1,605,2976,356,3,12000.0,3600.0,32400.0
6615,554,2,1,2,487,1,2945,1,13500.0,0.0,13500.0
6616,554,2,1,2,487,1,2945,1,16500.0,1650.0,14850.0
6617,554,2,1,1,487,1,2945,2,13200.0,0.0,26400.0
6618,724,2,2,1,381,2,488,2,12000.0,2400.0,21600.0
6619,821,1,,1,648,2597,800,3,10800.0,0.0,32400.0
6620,1022,2,2,1,479,2,2164,1,12000.0,240.0,11760.0
6621,200,1,,2,805,1750,2697,3,15000.0,2250.0,42750.0
6622,200,1,,1,805,1750,2697,3,12000.0,0.0,36000.0
6623,191,1,,1,959,2396,437,2,10800.0,0.0,21600.0
6624,1079,2,3,2,923,3,2481,1,15000.0,1500.0,13500.0
6625,1079,2,3,1,923,3,2481,2,10800.0,0.0,21600.0
6626,656,2,1,2,621,1,2969,3,13500.0,2025.0,38475.0
6627,400,1,,2,537,2373,1840,1,15000.0,1500.0,13500.0
6628,578,1,,2,781,1531,1154,1,15000.0,300.0,14700.0
6629,578,1,,1,781,1531,1154,1,12000.0,1200.0,10800.0
6630,812,2,3,2,435,3,1767,1,16500.0,330.0,16170.0
6631,812,2,3,1,435,3,1767,2,10800.0,0.0,21600.0
6632,812,2,3,2,435,3,1767,2,13500.0,1350.0,25650.0
6633,296,1,,1,807,1141,1072,2,12600.0,1260.0,23940.0
6634,762,1,,2,516,1951,2098,2,15750.0,3150.0,28350.0
6635,712,2,4,1,905,4,2917,1,12000.0,1200.0,10800.0
6636,80,2,1,1,492,1,2935,3,12000.0,3600.0,32400.0
6637,80,2,1,2,492,1,2935,1,16500.0,825.0,15675.0
6638,80,2,1,1,492,1,2935,3,10800.0,0.0,32400.0
6639,362,2,2,1,538,2,1712,1,12000.0,600.0,11400.0
6640,194,2,4,2,917,4,2308,3,15000.0,4500.0,40500.0
6641,1028,1,,2,834,446,732,2,15000.0,3000.0,27000.0
6642,20,1,,2,542,310,470,2,13500.0,1350.0,25650.0
6643,20,1,,2,542,310,470,3,15000.0,900.0,44100.0
6644,16,1,,1,664,3076,1007,2,13200.0,528.0,25872.0
6645,1453,1,,2,868,2022,2101,2,13500.0,0.0,27000.0
6646,1465,1,,1,481,1828,2319,1,12000.0,240.0,11760.0
6647,1465,1,,2,481,1828,2319,2,15000.0,0.0,30000.0
6648,1465,1,,2,481,1828,2319,1,15750.0,787.5,14962.5
6649,147,1,,2,412,505,,2,15000.0,1500.0,28500.0
6650,144,2,2,1,813,2,2979,2,12600.0,504.0,24696.0
6651,144,2,2,2,813,2,2979,3,15000.0,2250.0,42750.0
6652,1425,1,,1,703,2180,1853,3,10800.0,1620.0,30780.0
6653,1425,1,,2,703,2180,1853,1,15000.0,750.0,14250.0
6654,665,2,4,1,601,4,1400,2,12000.0,1200.0,22800.0
6655,130,1,,1,379,1897,175,3,12600.0,756.0,37044.0
6656,371,1,,1,617,3185,1997,1,12600.0,252.0,12348.0
6657,343,2,2,2,865,2,2572,2,15000.0,3000.0,27000.0
6658,1281,2,4,1,860,4,1740,1,10800.0,0.0,10800.0
6659,1304,1,,1,572,1806,561,2,12000.0,480.0,23520.0
6660,766,1,,2,755,2103,1045,2,15000.0,600.0,29400.0
6661,766,1,,1,755,2103,1045,1,12000.0,1200.0,10800.0
6662,845,1,,2,677,1253,253,1,15750.0,315.0,15435.0
6663,845,1,,2,677,1253,253,3,15000.0,0.0,45000.0
6664,35,2,3,1,486,3,2322,2,12000.0,480.0,23520.0
6665,47,2,3,1,820,3,350,1,10800.0,540.0,10260.0
6666,590,1,,1,940,2702,2086,1,12000.0,1200.0,10800.0
6667,28,1,,2,661,3141,1481,1,15000.0,1500.0,13500.0
6668,695,2,1,1,858,1,1601,3,13200.0,3960.0,35640.0
6669,695,2,1,1,858,1,1601,1,12000.0,240.0,11760.0
6670,1013,1,,1,790,828,1803,3,12600.0,0.0,37800.0
6671,1013,1,,1,790,828,1803,2,12000.0,480.0,23520.0
6672,159,2,2,2,940,2,,3,15000.0,0.0,45000.0
6673,159,2,2,1,940,2,,3,12000.0,720.0,35280.0
6674,589,1,,1,824,2995,2336,1,12000.0,1200.0,10800.0
6675,589,1,,2,824,2995,2336,1,16500.0,330.0,16170.0
6676,833,1,,1,996,196,2062,3,12000.0,0.0,36000.0
6677,833,1,,1,996,196,2062,3,12000.0,3600.0,32400.0
6678,211,1,,2,628,332,2553,1,13500.0,0.0,13500.0
6679,211,1,,2,628,332,2553,1,15750.0,0.0,15750.0
6680,208,2,3,2,660,3,,2,15750.0,0.0,31500.0
6681,1025,2,4,2,874,4,810,1,13500.0,1350.0,12150.0
6682,928,1,,2,410,3020,,2,15000.0,0.0,30000.0
6683,852,1,,1,812,2052,626,1,12000.0,1200.0,10800.0
6684,852,1,,2,812,2052,626,2,15750.0,3150.0,28350.0
6685,687,2,1,2,411,1,155,2,15000.0,1500.0,28500.0
6686,687,2,1,1,411,1,155,3,12000.0,1800.0,34200.0
6687,687,2,1,1,411,1,155,3,12000.0,720.0,35280.0
6688,638,2,4,2,942,4,878,1,15750.0,0.0,15750.0
6689,1094,1,,1,701,2803,2774,2,12000.0,2400.0,21600.0
6690,68,1,,2,512,1406,512,2,15000.0,0.0,30000.0
6691,68,1,,2,512,1406,512,2,15000.0,0.0,30000.0
6692,68,1,,1,512,1406,512,3,10800.0,1620.0,30780.0
6693,1269,1,,1,563,801,1560,3,13200.0,3960.0,35640.0
6694,1269,1,,2,563,801,1560,3,15000.0,900.0,44100.0
6695,142,1,,2,410,896,502,2,13500.0,540.0,26460.0
6696,1205,1,,1,677,2434,1012,2,12000.0,480.0,23520.0
6697,1205,1,,2,677,2434,1012,1,15000.0,0.0,15000.0
6698,460,1,,2,399,2169,452,3,15750.0,0.0,47250.0
6699,460,1,,2,399,2169,452,2,16500.0,0.0,33000.0
6700,859,2,3,1,839,3,2726,1,12000.0,1200.0,10800.0
6701,1144,2,2,1,518,2,,2,10800.0,432.0,21168.0
6702,145,2,1,1,577,1,2562,3,12000.0,3600.0,32400.0
6703,1204,2,4,2,479,4,,1,15000.0,750.0,14250.0
6704,896,1,,2,868,618,1462,1,13500.0,270.0,13230.0
6705,896,1,,1,868,618,1462,3,12000.0,0.0,36000.0
6706,1144,1,,1,656,193,,1,10800.0,0.0,10800.0
6707,1007,2,4,1,916,4,1997,3,12000.0,1800.0,34200.0
6708,964,1,,1,891,574,,2,12000.0,0.0,24000.0
6709,496,1,,2,497,27,58,2,15000.0,600.0,29400.0
6710,483,2,4,2,662,4,1840,2,15000.0,0.0,30000.0
6711,483,2,4,2,662,4,1840,1,15000.0,300.0,14700.0
6712,418,1,,2,574,2347,1604,3,15000.0,0.0,45000.0
6713,18,1,,2,929,2621,1247,1,15000.0,1500.0,13500.0
6714,18,1,,2,929,2621,1247,2,15000.0,1500.0,28500.0
6715,1104,1,,1,429,271,1166,3,12000.0,720.0,35280.0
6716,1104,1,,1,429,271,1166,3,10800.0,3240.0,29160.0
6717,706,1,,1,766,1452,953,1,10800.0,216.0,10584.0
6718,460,1,,1,933,692,2107,2,12000.0,480.0,23520.0
6719,460,1,,1,933,692,2107,3,12000.0,0.0,36000.0
6720,460,1,,2,933,692,2107,2,16500.0,660.0,32340.0
6721,1424,1,,2,376,2509,180,1,15000.0,300.0,14700.0
6722,519,1,,1,438,313,3104,1,12600.0,0.0,12600.0
6723,519,1,,1,438,313,3104,1,12000.0,1200.0,10800.0
6724,57,2,3,1,748,3,360,3,10800.0,0.0,32400.0
6725,57,2,3,2,748,3,360,3,15000.0,0.0,45000.0
6726,1013,1,,1,571,1957,,3,10800.0,648.0,31752.0
6727,497,1,,2,769,341,2318,3,15000.0,900.0,44100.0
6728,724,1,,2,729,754,510,1,15000.0,0.0,15000.0
6729,1211,2,4,2,491,4,539,2,15000.0,3000.0,27000.0
6730,978,1,,1,634,3171,1500,3,12000.0,0.0,36000.0
6731,67,2,4,2,625,4,2862,2,15000.0,0.0,30000.0
6732,694,2,4,1,771,4,1521,1,12000.0,0.0,12000.0
6733,694,2,4,1,771,4,1521,2,12000.0,480.0,23520.0
6734,4,1,,1,721,2115,2620,3,12000.0,1800.0,34200.0
6735,434,1,,1,772,2109,1181,2,12000.0,0.0,24000.0
6736,385,1,,1,766,2009,138,1,12000.0,240.0,11760.0
6737,539,2,1,1,635,1,1172,2,10800.0,2160.0,19440.0
6738,306,1,,1,512,1234,292,3,13200.0,3960.0,35640.0
6739,306,1,,2,512,1234,292,1,13500.0,270.0,13230.0
6740,306,1,,2,512,1234,292,2,13500.0,1350.0,25650.0
6741,441,1,,1,721,2238,564,1,12000.0,600.0,11400.0
6742,441,1,,1,721,2238,564,2,10800.0,1080.0,20520.0
6743,1090,1,,2,724,806,1558,2,15000.0,1500.0,28500.0
6744,1090,1,,2,724,806,1558,3,13500.0,810.0,39690.0
6745,1405,1,,2,827,167,,1,15000.0,300.0,14700.0
6746,712,1,,2,397,397,2093,1,16500.0,330.0,16170.0
6747,712,1,,1,397,397,2093,1,12600.0,630.0,11970.0
6748,66,1,,1,506,3182,1270,1,12600.0,0.0,12600.0
6749,788,2,2,1,658,2,2208,2,12000.0,0.0,24000.0
6750,355,2,3,1,528,3,2090,3,13200.0,1980.0,37620.0
6751,913,1,,2,983,64,1683,1,15750.0,315.0,15435.0
6752,902,1,,1,804,240,641,1,12000.0,240.0,11760.0
6753,1123,2,2,1,572,2,2847,1,10800.0,540.0,10260.0
6754,776,2,1,1,534,1,,3,10800.0,0.0,32400.0
6755,776,2,1,2,534,1,,3,15000.0,900.0,44100.0
6756,776,2,1,1,534,1,,2,13200.0,0.0,26400.0
6757,811,1,,1,540,1324,2628,1,12000.0,0.0,12000.0
6758,811,1,,1,540,1324,2628,1,12000.0,600.0,11400.0
6759,1342,1,,1,973,2602,968,3,12600.0,0.0,37800.0
6760,544,1,,2,590,468,252,2,16500.0,1650.0,31350.0
6761,277,1,,1,893,965,1915,1,12000.0,1200.0,10800.0
6762,922,2,3,1,693,3,2466,2,12000.0,2400.0,21600.0
6763,1327,1,,1,754,3097,1838,2,12000.0,2400.0,21600.0
6764,147,2,4,1,374,4,2529,1,12000.0,240.0,11760.0
6765,761,2,2,1,657,2,1593,3,10800.0,648.0,31752.0
6766,1368,1,,2,837,2882,2892,1,15000.0,300.0,14700.0
6767,1368,1,,2,837,2882,2892,2,15750.0,1575.0,29925.0
6768,661,1,,1,597,1672,2367,3,12000.0,3600.0,32400.0
6769,1348,2,3,1,951,3,2325,3,12000.0,3600.0,32400.0
6770,1348,2,3,2,951,3,2325,3,13500.0,2025.0,38475.0
6771,241,1,,2,478,1893,3187,1,15000.0,0.0,15000.0
6772,273,1,,1,430,1362,2638,3,12000.0,3600.0,32400.0
6773,273,1,,2,430,1362,2638,1,13500.0,675.0,12825.0
6774,156,2,2,1,615,2,106,1,12000.0,240.0,11760.0
6775,1492,1,,1,529,1609,158,3,10800.0,3240.0,29160.0
6776,1492,1,,2,529,1609,158,2,16500.0,660.0,32340.0
6777,1123,2,1,2,563,1,336,1,15000.0,0.0,15000.0
6778,773,2,3,2,723,3,,3,15000.0,900.0,44100.0
6779,79,2,3,2,401,3,1595,2,15000.0,1500.0,28500.0
6780,79,2,3,1,401,3,1595,2,12000.0,480.0,23520.0
6781,262,1,,1,545,1945,189,2,12000.0,1200.0,22800.0
6782,1040,2,2,2,711,2,,2,16500.0,3300.0,29700.0
6783,1040,2,2,1,711,2,,2,12000.0,1200.0,22800.0
6784,1040,2,2,1,711,2,,3,12000.0,0.0,36000.0
6785,1250,2,3,2,994,3,3138,2,13500.0,0.0,27000.0
6786,717,1,,2,898,3157,2535,3,13500.0,810.0,39690.0
6787,717,1,,1,898,3157,2535,1,12000.0,1200.0,10800.0
6788,173,1,,1,630,2965,2343,2,12000.0,480.0,23520.0
6789,1011,1,,1,756,1774,156,2,12000.0,0.0,24000.0
6790,1011,1,,1,756,1774,156,1,12000.0,1200.0,10800.0
6791,276,1,,2,834,991,1329,3,15750.0,2362.5,44887.5
6792,803,1,,2,430,1438,3169,1,15000.0,1500.0,13500.0
6793,803,1,,2,430,1438,3169,3,15000.0,4500.0,40500.0
6794,803,1,,2,430,1438,3169,1,15000.0,1500.0,13500.0
6795,177,2,4,1,650,4,2083,1,10800.0,0.0,10800.0
6796,1042,1,,1,483,2264,892,3,12000.0,3600.0,32400.0
6797,809,1,,2,944,1667,,1,13500.0,1350.0,12150.0
6798,257,2,3,1,498,3,987,1,12000.0,1200.0,10800.0
6799,257,2,3,1,498,3,987,3,12600.0,756.0,37044.0
6800,649,2,2,1,414,2,37,1,12000.0,240.0,11760.0
6801,964,2,3,2,831,3,2724,2,15750.0,630.0,30870.0
6802,1349,2,2,2,533,2,234,3,15000.0,900.0,44100.0
6803,1418,1,,1,851,309,1423,1,13200.0,660.0,12540.0
6804,1396,2,3,1,794,3,1230,3,12600.0,3780.0,34020.0
6805,152,2,3,1,915,3,3071,1,13200.0,660.0,12540.0
6806,577,2,1,2,915,1,1521,2,15000.0,0.0,30000.0
6807,577,2,1,1,915,1,1521,3,12000.0,3600.0,32400.0
6808,112,1,,2,798,1934,2032,2,15000.0,0.0,30000.0
6809,1216,1,,1,888,243,,3,12000.0,1800.0,34200.0
6810,473,2,2,2,884,2,68,3,15000.0,0.0,45000.0
6811,343,1,,2,861,2027,,3,16500.0,4950.0,44550.0
6812,343,1,,2,861,2027,,3,15000.0,4500.0,40500.0
6813,821,1,,1,961,2262,1489,1,13200.0,264.0,12936.0
6814,108,1,,1,526,1692,44,1,12000.0,600.0,11400.0
6815,108,1,,2,526,1692,44,1,16500.0,1650.0,14850.0
6816,687,1,,1,964,767,2883,3,12000.0,0.0,36000.0
6817,687,1,,1,964,767,2883,2,12000.0,2400.0,21600.0
6818,520,1,,1,969,122,1052,1,12000.0,240.0,11760.0
6819,1426,2,2,1,696,2,1412,1,12000.0,240.0,11760.0
6820,1008,1,,2,442,862,3103,1,15000.0,1500.0,13500.0
6821,1008,1,,2,442,862,3103,1,15000.0,1500.0,13500.0
6822,1008,1,,1,442,862,3103,1,13200.0,660.0,12540.0
6823,1449,2,1,1,532,1,2791,1,12600.0,0.0,12600.0
6824,1449,2,1,1,532,1,2791,2,12000.0,1200.0,22800.0
6825,109,1,,1,841,915,762,2,13200.0,1320.0,25080.0
6826,23,1,,2,918,204,2296,3,15000.0,900.0,44100.0
6827,820,1,,1,568,2864,2389,1,13200.0,264.0,12936.0
6828,820,1,,1,568,2864,2389,3,12600.0,1890.0,35910.0
6829,824,1,,2,606,2165,325,3,15000.0,4500.0,40500.0
6830,641,2,1,1,513,1,1716,1,12000.0,240.0,11760.0
6831,641,2,1,2,513,1,1716,1,16500.0,825.0,15675.0
6832,1206,1,,1,871,1357,819,2,12000.0,2400.0,21600.0
6833,446,2,2,1,402,2,951,2,12000.0,480.0,23520.0
6834,497,2,2,2,498,2,625,3,15000.0,900.0,44100.0
6835,882,2,3,2,390,3,1338,3,15000.0,900.0,44100.0
6836,882,2,3,1,390,3,1338,1,12600.0,1260.0,11340.0
6837,882,2,3,1,390,3,1338,2,12000.0,1200.0,22800.0
6838,1477,1,,2,409,1890,2879,2,15000.0,0.0,30000.0
6839,1129,2,1,1,779,1,2426,3,12000.0,1800.0,34200.0
6840,144,2,1,2,414,1,1452,2,15000.0,1500.0,28500.0
6841,6,2,2,2,782,2,1693,2,16500.0,0.0,33000.0
6842,107,2,1,1,765,1,2036,2,12000.0,1200.0,22800.0
6843,1033,1,,1,996,44,2846,3,12000.0,720.0,35280.0
6844,297,1,,1,959,2112,1798,1,10800.0,216.0,10584.0
6845,529,1,,2,911,337,1830,2,13500.0,540.0,26460.0
6846,1371,2,3,1,697,3,2847,1,12000.0,600.0,11400.0
6847,219,2,2,1,403,2,825,1,12000.0,0.0,12000.0
6848,405,1,,1,922,2248,1904,1,12000.0,240.0,11760.0
6849,954,1,,1,750,1117,,3,10800.0,648.0,31752.0
6850,963,1,,1,677,2851,2808,1,13200.0,660.0,12540.0
6851,963,1,,2,677,2851,2808,2,15750.0,3150.0,28350.0
6852,963,1,,1,677,2851,2808,3,12000.0,720.0,35280.0
6853,1171,1,,1,865,1957,2853,3,12000.0,3600.0,32400.0
6854,1171,1,,1,865,1957,2853,1,12600.0,1260.0,11340.0
6855,413,2,3,2,487,3,,1,15000.0,0.0,15000.0
6856,1137,2,1,1,742,1,2927,1,12000.0,1200.0,10800.0
6857,884,2,4,1,968,4,2342,2,12000.0,0.0,24000.0
6858,1285,2,1,2,637,1,3105,3,15000.0,0.0,45000.0
6859,1285,2,1,2,637,1,3105,3,15000.0,4500.0,40500.0
6860,983,2,2,1,916,2,2696,2,12000.0,2400.0,21600.0
6861,247,2,4,1,374,4,,3,12000.0,3600.0,32400.0
6862,1081,2,4,1,841,4,749,2,12000.0,480.0,23520.0
6863,253,1,,1,654,1920,1575,3,12000.0,3600.0,32400.0
6864,1473,1,,1,676,1962,1091,2,12000.0,480.0,23520.0
6865,1473,1,,2,676,1962,1091,3,13500.0,2025.0,38475.0
6866,1473,1,,2,676,1962,1091,1,15750.0,315.0,15435.0
6867,329,1,,1,476,2750,,1,13200.0,660.0,12540.0
6868,671,1,,1,778,2549,1429,3,12600.0,756.0,37044.0
6869,671,1,,1,778,2549,1429,2,12600.0,504.0,24696.0
6870,282,1,,2,613,1362,855,3,15000.0,4500.0,40500.0
6871,583,2,3,1,642,3,3115,3,12000.0,720.0,35280.0
6872,1052,2,3,2,471,3,2034,2,15000.0,3000.0,27000.0
6873,552,1,,1,802,2366,2745,3,12600.0,1890.0,35910.0
6874,503,2,4,1,717,4,1297,1,12000.0,0.0,12000.0
6875,503,2,4,2,717,4,1297,2,15000.0,1500.0,28500.0
6876,46,2,4,1,736,4,2313,2,12600.0,504.0,24696.0
6877,46,2,4,2,736,4,2313,1,15000.0,750.0,14250.0
6878,594,1,,2,367,793,3037,2,15000.0,1500.0,28500.0
6879,594,1,,2,367,793,3037,2,15000.0,600.0,29400.0
6880,719,1,,2,369,2383,1302,2,16500.0,660.0,32340.0
6881,1084,1,,2,684,2813,2695,1,13500.0,0.0,13500.0
6882,12,2,4,2,765,4,1840,1,16500.0,825.0,15675.0
6883,12,2,4,1,765,4,1840,2,12000.0,2400.0,21600.0
6884,1479,2,4,1,904,4,625,3,12000.0,1800.0,34200.0
6885,122,1,,2,863,3126,690,2,13500.0,1350.0,25650.0
6886,598,1,,1,951,564,1812,2,12000.0,2400.0,21600.0
6887,1156,1,,1,775,806,3014,3,12000.0,3600.0,32400.0
6888,1156,1,,1,775,806,3014,3,12600.0,0.0,37800.0
6889,1035,2,2,2,445,2,,3,15000.0,900.0,44100.0
6890,811,2,3,2,650,3,752,1,15000.0,750.0,14250.0
6891,69,1,,1,706,2031,597,1,12600.0,1260.0,11340.0
6892,69,1,,1,706,2031,597,3,12000.0,1800.0,34200.0
6893,69,1,,1,706,2031,597,2,12000.0,480.0,23520.0
6894,1496,2,1,1,571,1,946,3,12000.0,0.0,36000.0
6895,605,1,,2,406,2952,2259,2,15750.0,3150.0,28350.0
6896,1378,2,4,1,665,4,2349,2,12000.0,480.0,23520.0
6897,606,1,,2,774,2708,634,3,13500.0,810.0,39690.0
6898,59,1,,2,426,726,1616,1,15000.0,0.0,15000.0
6899,421,1,,2,898,3189,705,3,15000.0,2250.0,42750.0
6900,1334,2,1,1,593,1,495,1,12000.0,1200.0,10800.0
6901,983,1,,1,682,2906,2988,3,12000.0,720.0,35280.0
6902,676,1,,2,424,210,350,2,15000.0,1500.0,28500.0
6903,1394,2,3,1,818,3,3090,3,12000.0,1800.0,34200.0
6904,953,1,,2,691,1018,,3,15750.0,4725.0,42525.0
6905,401,2,2,2,732,2,,3,15000.0,0.0,45000.0
6906,1367,1,,1,374,605,2522,3,12000.0,0.0,36000.0
6907,662,1,,1,758,333,675,3,12600.0,1890.0,35910.0
6908,662,1,,1,758,333,675,3,12000.0,1800.0,34200.0
6909,684,2,3,1,648,3,90,2,13200.0,2640.0,23760.0
6910,684,2,3,2,648,3,90,1,15000.0,750.0,14250.0
6911,914,2,4,2,604,4,1524,1,15000.0,300.0,14700.0
6912,235,2,3,1,791,3,,1,12600.0,0.0,12600.0
6913,223,2,2,2,879,2,1109,3,15000.0,4500.0,40500.0
6914,223,2,2,2,879,2,1109,2,15000.0,0.0,30000.0
6915,38,1,,2,880,386,,2,13500.0,2700.0,24300.0
6916,482,1,,1,467,10,,2,10800.0,432.0,21168.0
6917,1352,1,,1,891,3152,916,3,10800.0,648.0,31752.0
6918,1352,1,,1,891,3152,916,1,12000.0,0.0,12000.0
6919,385,2,1,1,405,1,155,2,13200.0,1320.0,25080.0
6920,126,1,,2,442,1582,2527,1,13500.0,0.0,13500.0
6921,635,1,,2,447,2598,2050,2,15000.0,0.0,30000.0
6922,709,1,,2,443,1730,2494,3,13500.0,0.0,40500.0
6923,1469,2,4,1,453,4,101,2,12000.0,1200.0,22800.0
6924,752,1,,1,802,2598,529,1,10800.0,0.0,10800.0
6925,1366,2,2,2,847,2,1357,1,15750.0,0.0,15750.0
6926,1366,2,2,1,847,2,1357,3,13200.0,792.0,38808.0
6927,474,2,1,1,702,1,125,1,12000.0,600.0,11400.0
6928,136,1,,2,944,2539,1248,3,13500.0,2025.0,38475.0
6929,930,1,,1,573,2377,600,1,13200.0,660.0,12540.0
6930,930,1,,1,573,2377,600,3,12000.0,0.0,36000.0
6931,150,1,,1,653,2773,1730,2,12000.0,2400.0,21600.0
6932,836,1,,1,853,1046,2935,2,12000.0,2400.0,21600.0
6933,836,1,,1,853,1046,2935,2,12000.0,1200.0,22800.0
6934,836,1,,2,853,1046,2935,1,13500.0,0.0,13500.0
6935,779,1,,2,921,931,1402,3,15000.0,2250.0,42750.0
6936,127,1,,2,532,2995,3077,3,16500.0,0.0,49500.0
6937,1409,1,,2,701,810,2804,1,15000.0,300.0,14700.0
6938,1475,2,1,2,603,1,,3,16500.0,0.0,49500.0
6939,1475,2,1,2,603,1,,3,15000.0,4500.0,40500.0
6940,222,2,3,1,717,3,2038,3,12000.0,720.0,35280.0
6941,1396,1,,1,734,581,1465,1,12000.0,240.0,11760.0
6942,1132,2,3,1,679,3,2865,2,10800.0,432.0,21168.0
6943,1132,2,3,1,679,3,2865,2,12000.0,480.0,23520.0
6944,1301,2,2,1,909,2,,2,12000.0,480.0,23520.0
6945,1301,2,2,2,909,2,,1,15000.0,750.0,14250.0
6946,42,2,4,1,670,4,1333,3,12000.0,3600.0,32400.0
6947,900,1,,2,856,318,927,3,15000.0,2250.0,42750.0
6948,890,1,,1,408,655,489,2,12000.0,480.0,23520.0
6949,303,2,4,1,437,4,2891,1,12000.0,0.0,12000.0
6950,754,2,2,2,510,2,724,3,15000.0,900.0,44100.0
6951,1023,2,4,2,834,4,1893,2,13500.0,1350.0,25650.0
6952,163,2,2,1,827,2,2129,3,13200.0,792.0,38808.0
6953,682,2,3,2,402,3,2754,3,13500.0,810.0,39690.0
6954,680,1,,1,843,192,1231,2,12000.0,2400.0,21600.0
6955,1340,1,,2,459,2882,1984,3,15750.0,0.0,47250.0
6956,412,1,,2,569,1453,1356,3,15000.0,900.0,44100.0
6957,384,1,,2,570,652,567,3,16500.0,0.0,49500.0
6958,949,1,,2,777,2922,,3,15000.0,4500.0,40500.0
6959,630,2,3,1,473,3,1210,3,12600.0,0.0,37800.0
6960,1480,2,3,2,593,3,2857,3,15000.0,4500.0,40500.0
6961,493,1,,1,412,432,2306,1,10800.0,1080.0,9720.0
6962,337,2,1,2,667,1,36,2,15000.0,1500.0,28500.0
6963,1364,1,,1,518,139,740,2,12000.0,0.0,24000.0
6964,357,1,,1,750,2931,456,3,12000.0,3600.0,32400.0
6965,532,2,2,1,876,2,202,1,12600.0,252.0,12348.0
6966,781,2,3,2,973,3,11,1,15000.0,300.0,14700.0
6967,781,2,3,1,973,3,11,2,12000.0,480.0,23520.0
6968,659,1,,1,740,381,1615,2,12000.0,480.0,23520.0
6969,382,2,2,2,431,2,2010,3,15000.0,0.0,45000.0
6970,1048,2,4,2,606,4,,2,15000.0,3000.0,27000.0
6971,855,1,,2,669,5,,3,15000.0,0.0,45000.0
6972,1413,2,1,1,915,1,1014,1,12000.0,0.0,12000.0
6973,1304,2,3,2,800,3,806,3,15000.0,2250.0,42750.0
6974,1015,2,4,1,898,4,2363,2,12000.0,2400.0,21600.0
6975,796,2,1,1,759,1,1466,2,12000.0,2400.0,21600.0
6976,877,2,2,1,404,2,241,2,12000.0,0.0,24000.0
6977,658,1,,2,714,2710,3191,2,15000.0,600.0,29400.0
6978,451,2,2,2,604,2,182,1,15000.0,0.0,15000.0
6979,451,2,2,2,604,2,182,2,13500.0,2700.0,24300.0
6980,1007,1,,2,1001,1983,2209,1,15000.0,1500.0,13500.0
6981,1007,1,,2,1001,1983,2209,2,13500.0,2700.0,24300.0
6982,1071,2,2,1,439,2,1100,2,12600.0,0.0,25200.0
6983,326,2,3,1,629,3,809,3,12000.0,720.0,35280.0
6984,1329,1,,1,954,2018,102,1,12000.0,240.0,11760.0
6985,403,1,,1,636,1570,2210,1,13200.0,0.0,13200.0
6986,138,2,1,1,660,1,797,2,13200.0,0.0,26400.0
6987,821,1,,2,505,3078,930,1,13500.0,0.0,13500.0
6988,607,1,,2,896,382,88,3,15000.0,900.0,44100.0
6989,1210,2,2,1,874,2,1837,3,12000.0,3600.0,32400.0
6990,211,2,4,1,624,4,109,3,12600.0,3780.0,34020.0
6991,1217,2,1,1,520,1,,1,12000.0,240.0,11760.0
6992,1217,2,1,1,520,1,,2,12000.0,480.0,23520.0
6993,630,2,1,1,609,1,3033,2,12000.0,480.0,23520.0
6994,1127,1,,2,424,3146,69,3,15000.0,4500.0,40500.0
6995,1127,1,,1,424,3146,69,1,13200.0,1320.0,11880.0
6996,1339,1,,2,541,2205,1399,1,15000.0,0.0,15000.0
6997,1296,1,,2,945,1825,3192,2,15000.0,1500.0,28500.0
6998,408,2,3,2,553,3,,3,13500.0,810.0,39690.0
6999,1056,1,,2,964,1965,1584,1,15750.0,315.0,15435.0
7000,349,1,,2,446,1405,2285,2,16500.0,3300.0,29700.0
7001,151,2,2,1,535,2,2595,1,12000.0,0.0,12000.0
7002,1261,1,,1,647,3081,3144,2,10800.0,432.0,21168.0
7003,676,1,,2,623,2811,,2,15000.0,600.0,29400.0
7004,77,1,,1,550,1288,2126,3,12000.0,3600.0,32400.0
7005,1171,1,,2,978,3040,,3,15000.0,2250.0,42750.0
7006,1171,1,,1,978,3040,,1,13200.0,1320.0,11880.0
7007,1339,1,,2,958,2448,2045,2,15000.0,600.0,29400.0
7008,711,2,2,2,587,2,2608,1,16500.0,1650.0,14850.0
7009,1140,2,2,2,899,2,669,2,15000.0,600.0,29400.0
7010,1176,1,,2,488,1407,1305,2,15000.0,600.0,29400.0
7011,265,1,,1,981,1103,639,3,12000.0,3600.0,32400.0
7012,711,2,3,1,786,3,2256,2,13200.0,528.0,25872.0
7013,490,1,,2,828,2162,1805,1,15000.0,1500.0,13500.0
7014,490,1,,1,828,2162,1805,1,10800.0,1080.0,9720.0
7015,837,1,,1,861,2149,,3,13200.0,3960.0,35640.0
7016,180,1,,2,965,1919,2414,2,15000.0,600.0,29400.0
7017,180,1,,2,965,1919,2414,1,15750.0,315.0,15435.0
7018,452,2,2,1,990,2,1615,1,10800.0,0.0,10800.0
7019,452,2,2,1,990,2,1615,1,12000.0,1200.0,10800.0
7020,644,1,,2,839,1995,801,2,15000.0,3000.0,27000.0
7021,1276,2,4,1,871,4,1685,3,12000.0,720.0,35280.0
7022,370,1,,1,877,572,2655,1,12000.0,240.0,11760.0
7023,455,1,,2,670,3185,1100,3,13500.0,0.0,40500.0
7024,275,1,,1,413,992,837,1,12600.0,630.0,11970.0
7025,1420,2,1,2,958,1,1290,1,13500.0,270.0,13230.0
7026,1420,2,1,1,958,1,1290,3,12000.0,720.0,35280.0
7027,1420,2,1,1,958,1,1290,1,12000.0,600.0,11400.0
7028,808,1,,2,436,84,2067,1,15000.0,300.0,14700.0
7029,808,1,,2,436,84,2067,1,15000.0,1500.0,13500.0
7030,535,1,,1,748,2985,1363,2,12000.0,2400.0,21600.0
7031,535,1,,2,748,2985,1363,2,15000.0,600.0,29400.0
7032,179,1,,2,539,2491,2516,3,15000.0,900.0,44100.0
7033,267,2,2,1,968,2,74,3,12000.0,3600.0,32400.0
7034,1382,1,,2,427,1541,2800,3,16500.0,4950.0,44550.0
7035,1382,1,,2,427,1541,2800,3,15750.0,2362.5,44887.5
7036,934,2,4,1,952,4,2357,1,12000.0,1200.0,10800.0
7037,934,2,4,1,952,4,2357,3,13200.0,792.0,38808.0
7038,1217,1,,2,858,2419,586,2,15000.0,600.0,29400.0
7039,209,1,,2,997,731,76,3,15000.0,4500.0,40500.0
7040,1317,2,3,2,895,3,55,1,15000.0,300.0,14700.0
7041,873,2,1,2,986,1,120,3,15000.0,900.0,44100.0
7042,873,2,1,2,986,1,120,3,16500.0,0.0,49500.0
7043,133,2,4,2,962,4,1001,2,15000.0,1500.0,28500.0
7044,220,2,3,1,682,3,,2,12600.0,0.0,25200.0
7045,848,1,,1,638,891,,1,12000.0,240.0,11760.0
7046,1090,1,,1,821,1152,,2,12000.0,480.0,23520.0
7047,494,1,,1,813,2378,867,2,12000.0,480.0,23520.0
7048,991,2,3,1,602,3,2832,1,12600.0,0.0,12600.0
7049,32,2,2,2,949,2,1082,3,15000.0,4500.0,40500.0
7050,840,2,3,1,481,3,3098,2,12000.0,480.0,23520.0
7051,829,2,3,2,495,3,2276,2,15000.0,1500.0,28500.0
7052,685,1,,2,982,582,709,3,13500.0,810.0,39690.0
7053,1303,1,,2,518,3072,638,3,15000.0,0.0,45000.0
7054,514,1,,1,528,2758,,2,12000.0,0.0,24000.0
7055,514,1,,2,528,2758,,2,15000.0,3000.0,27000.0
7056,131,2,2,1,1003,2,1616,1,13200.0,264.0,12936.0
7057,680,1,,1,949,2488,2007,3,10800.0,648.0,31752.0
7058,165,1,,2,497,2843,1585,2,15750.0,630.0,30870.0
7059,1409,2,2,2,552,2,769,3,15000.0,0.0,45000.0
7060,548,2,2,2,795,2,,1,15000.0,0.0,15000.0
7061,941,1,,2,562,1068,125,3,15000.0,4500.0,40500.0
7062,941,1,,2,562,1068,125,2,15750.0,1575.0,29925.0
7063,456,2,3,1,388,3,1706,1,12000.0,1200.0,10800.0
7064,675,1,,2,435,1670,30,2,15000.0,0.0,30000.0
7065,303,1,,2,770,2006,1481,3,15000.0,2250.0,42750.0
7066,1371,2,4,1,707,4,438,3,12000.0,1800.0,34200.0
7067,225,2,3,2,643,3,340,2,15750.0,1575.0,29925.0
7068,741,1,,2,544,1079,1005,1,15000.0,300.0,14700.0
7069,507,2,4,2,585,4,3049,3,15000.0,2250.0,42750.0
7070,381,1,,1,719,2990,,2,12000.0,2400.0,21600.0
7071,166,2,4,1,745,4,2355,2,10800.0,0.0,21600.0
7072,166,2,4,2,745,4,2355,1,15000.0,750.0,14250.0
7073,1440,2,3,2,551,3,2028,2,15000.0,600.0,29400.0
7074,1400,1,,2,444,460,3175,2,13500.0,1350.0,25650.0
7075,627,1,,2,958,2871,2026,3,15000.0,900.0,44100.0
7076,638,1,,1,484,2723,350,3,12000.0,0.0,36000.0
7077,703,2,1,1,386,1,1654,1,13200.0,0.0,13200.0
7078,1315,2,1,1,783,1,,3,12000.0,3600.0,32400.0
7079,1315,2,1,1,783,1,,3,12000.0,3600.0,32400.0
7080,540,1,,1,831,611,3158,2,12000.0,1200.0,22800.0
7081,540,1,,1,831,611,3158,1,12000.0,0.0,12000.0
7082,352,1,,2,849,1275,1514,2,15000.0,0.0,30000.0
7083,565,1,,2,624,540,2763,3,15000.0,0.0,45000.0
7084,549,1,,2,721,2008,848,1,15750.0,1575.0,14175.0
7085,1273,1,,1,563,1790,2756,3,12000.0,3600.0,32400.0
7086,1273,1,,1,563,1790,2756,1,12000.0,600.0,11400.0
7087,1273,1,,1,563,1790,2756,3,12000.0,720.0,35280.0
7088,713,1,,1,545,42,2666,2,12000.0,2400.0,21600.0
7089,1439,1,,2,955,873,545,3,13500.0,0.0,40500.0
7090,1439,1,,2,955,873,545,1,13500.0,675.0,12825.0
7091,1070,1,,1,603,2775,3194,2,12000.0,1200.0,22800.0
7092,281,2,1,2,501,1,1029,3,15000.0,900.0,44100.0
7093,281,2,1,1,501,1,1029,2,12000.0,2400.0,21600.0
7094,250,1,,1,496,1897,2722,3,12000.0,720.0,35280.0
7095,728,1,,1,738,2889,2121,2,12000.0,0.0,24000.0
7096,758,1,,1,474,1193,2452,1,12000.0,0.0,12000.0
7097,486,1,,1,522,16,1304,2,12600.0,1260.0,23940.0
7098,284,2,2,1,403,2,791,3,10800.0,0.0,32400.0
7099,284,2,2,2,403,2,791,2,15000.0,600.0,29400.0
7100,391,1,,1,854,346,959,2,12000.0,2400.0,21600.0
7101,326,1,,2,999,1189,2279,2,13500.0,2700.0,24300.0
7102,511,1,,1,444,438,935,2,10800.0,2160.0,19440.0
7103,866,1,,1,810,2599,1213,2,12000.0,1200.0,22800.0
7104,494,2,1,2,457,1,1413,1,15000.0,0.0,15000.0
7105,494,2,1,2,457,1,1413,3,15000.0,900.0,44100.0
7106,761,1,,1,826,3156,3002,1,10800.0,216.0,10584.0
7107,1105,1,,1,558,1468,697,3,12000.0,3600.0,32400.0
7108,1105,1,,1,558,1468,697,2,13200.0,528.0,25872.0
7109,1105,1,,1,558,1468,697,3,10800.0,0.0,32400.0
7110,809,1,,1,631,1802,,1,12000.0,1200.0,10800.0
7111,1259,2,1,2,556,1,936,2,15000.0,3000.0,27000.0
7112,1259,2,1,2,556,1,936,1,15000.0,300.0,14700.0
7113,72,1,,1,759,2098,1101,1,12000.0,0.0,12000.0
7114,962,1,,2,895,18,924,1,15000.0,300.0,14700.0
7115,962,1,,2,895,18,924,3,13500.0,4050.0,36450.0
7116,962,1,,1,895,18,924,2,12000.0,1200.0,22800.0
7117,365,1,,1,687,1852,41,1,12000.0,240.0,11760.0
7118,1440,1,,1,709,2243,1564,2,12600.0,1260.0,23940.0
7119,1440,1,,2,709,2243,1564,3,15000.0,4500.0,40500.0
7120,535,2,1,1,573,1,2748,3,10800.0,648.0,31752.0
7121,638,2,1,1,764,1,352,3,12000.0,0.0,36000.0
7122,1322,1,,2,450,2174,2996,1,15000.0,300.0,14700.0
7123,846,1,,1,769,2452,91,1,12000.0,1200.0,10800.0
7124,212,1,,1,549,3184,1993,2,12000.0,0.0,24000.0
7125,212,1,,1,549,3184,1993,2,12000.0,1200.0,22800.0
7126,155,2,3,2,965,3,,1,13500.0,1350.0,12150.0
7127,1463,2,4,2,637,4,2625,2,15000.0,1500.0,28500.0
7128,328,2,1,2,567,1,886,3,15750.0,0.0,47250.0
7129,618,1,,1,581,2392,754,3,12000.0,3600.0,32400.0
7130,440,2,3,2,825,3,1473,1,16500.0,1650.0,14850.0
7131,440,2,3,1,825,3,1473,1,12000.0,0.0,12000.0
7132,670,2,4,1,586,4,1712,3,12600.0,3780.0,34020.0
7133,670,2,4,1,586,4,1712,1,12600.0,0.0,12600.0
7134,578,1,,2,944,1432,184,1,15000.0,750.0,14250.0
7135,246,2,3,1,701,3,1372,1,12000.0,0.0,12000.0
7136,1308,1,,2,529,1633,893,3,15000.0,2250.0,42750.0
7137,1308,1,,1,529,1633,893,3,12000.0,720.0,35280.0
7138,614,2,3,1,448,3,,3,10800.0,648.0,31752.0
7139,260,1,,1,577,1739,13,1,12000.0,600.0,11400.0
7140,828,1,,2,967,841,561,3,15000.0,2250.0,42750.0
7141,853,1,,2,764,1673,2560,3,15000.0,4500.0,40500.0
7142,891,1,,2,487,2491,,1,15000.0,300.0,14700.0
7143,891,1,,1,487,2491,,2,12000.0,0.0,24000.0
7144,891,1,,2,487,2491,,3,15000.0,0.0,45000.0
7145,951,2,2,2,1004,2,454,3,15000.0,0.0,45000.0
7146,1005,2,3,2,962,3,1492,2,15000.0,0.0,30000.0
7147,201,2,4,1,470,4,2775,2,12600.0,0.0,25200.0
7148,100,2,1,2,738,1,1750,2,15000.0,600.0,29400.0
7149,164,1,,2,372,2844,2561,3,16500.0,2475.0,47025.0
7150,1194,2,3,1,702,3,859,2,12000.0,1200.0,22800.0
7151,290,1,,1,944,305,2371,3,12000.0,720.0,35280.0
7152,290,1,,2,944,305,2371,2,13500.0,0.0,27000.0
7153,101,1,,2,553,870,1007,2,15000.0,600.0,29400.0
7154,1082,1,,2,783,2306,704,1,15000.0,1500.0,13500.0
7155,1076,2,1,2,539,1,2916,2,15000.0,600.0,29400.0
7156,330,2,3,1,740,3,317,3,12000.0,1800.0,34200.0
7157,330,2,3,1,740,3,317,1,12000.0,0.0,12000.0
7158,212,1,,1,805,2128,118,1,12000.0,240.0,11760.0
7159,504,1,,1,995,254,1575,2,12000.0,0.0,24000.0
7160,504,1,,1,995,254,1575,2,10800.0,1080.0,20520.0
7161,637,1,,1,766,633,1902,2,12600.0,0.0,25200.0
7162,637,1,,2,766,633,1902,3,13500.0,4050.0,36450.0
7163,485,1,,1,706,1977,,1,12000.0,600.0,11400.0
7164,1322,1,,2,769,627,2225,3,15000.0,2250.0,42750.0
7165,303,2,4,2,883,4,2041,3,15000.0,4500.0,40500.0
7166,724,2,1,1,987,1,2570,3,12000.0,0.0,36000.0
7167,1086,2,1,1,467,1,3105,2,12000.0,0.0,24000.0
7168,1086,2,1,1,467,1,3105,3,12000.0,1800.0,34200.0
7169,514,2,1,2,805,1,609,3,15000.0,2250.0,42750.0
7170,1475,1,,1,385,1157,462,3,12000.0,0.0,36000.0
7171,1475,1,,2,385,1157,462,1,13500.0,0.0,13500.0
7172,963,1,,1,866,3142,,3,12000.0,720.0,35280.0
7173,330,2,3,2,497,3,,2,15000.0,0.0,30000.0
7174,435,2,2,1,979,2,1712,1,10800.0,0.0,10800.0
7175,435,2,2,1,979,2,1712,3,12000.0,3600.0,32400.0
7176,1292,1,,2,490,2170,778,2,15000.0,3000.0,27000.0
7177,983,1,,1,823,2069,2935,1,13200.0,0.0,13200.0
7178,983,1,,1,823,2069,2935,3,12000.0,0.0,36000.0
7179,1235,1,,1,529,547,3138,1,12600.0,0.0,12600.0
7180,1235,1,,2,529,547,3138,2,15000.0,600.0,29400.0
7181,788,2,4,1,634,4,942,3,13200.0,1980.0,37620.0
7182,786,2,4,2,483,4,740,1,15000.0,300.0,14700.0
7183,1323,1,,2,504,1129,3119,1,15000.0,1500.0,13500.0
7184,902,2,3,1,877,3,2739,1,10800.0,1080.0,9720.0
7185,902,2,3,2,877,3,2739,1,15000.0,0.0,15000.0
7186,1220,2,3,1,382,3,2092,3,13200.0,3960.0,35640.0
7187,1315,2,2,2,832,2,557,1,15000.0,1500.0,13500.0
7188,1315,2,2,1,832,2,557,2,12000.0,2400.0,21600.0
7189,774,1,,1,428,1474,794,2,10800.0,2160.0,19440.0
7190,454,1,,2,920,2055,2885,3,15000.0,4500.0,40500.0
7191,1309,1,,1,605,3165,1980,1,12600.0,252.0,12348.0
7192,1108,1,,1,759,890,1409,3,12000.0,0.0,36000.0
7193,1108,1,,2,759,890,1409,3,15000.0,2250.0,42750.0
7194,596,2,3,2,988,3,3043,2,15750.0,630.0,30870.0
7195,596,2,3,2,988,3,3043,2,15000.0,3000.0,27000.0
7196,283,2,4,1,871,4,1499,3,12600.0,756.0,37044.0
7197,283,2,4,2,871,4,1499,1,15750.0,315.0,15435.0
7198,1406,1,,1,707,1572,1634,2,12000.0,2400.0,21600.0
7199,382,1,,2,417,1802,1962,3,15000.0,0.0,45000.0
7200,651,2,4,1,532,4,1668,1,12000.0,1200.0,10800.0
7201,1160,1,,1,553,2177,762,1,12000.0,1200.0,10800.0
7202,414,2,2,2,920,2,,1,15000.0,750.0,14250.0
7203,323,2,3,1,875,3,183,1,12600.0,252.0,12348.0
7204,824,1,,2,663,2543,2137,1,15000.0,1500.0,13500.0
7205,1340,1,,1,688,2938,1124,1,12600.0,1260.0,11340.0
7206,1340,1,,2,688,2938,1124,2,13500.0,2700.0,24300.0
7207,1340,1,,2,688,2938,1124,2,15000.0,1500.0,28500.0
7208,40,2,3,1,817,3,557,1,12000.0,0.0,12000.0
7209,40,2,3,1,817,3,557,2,12000.0,480.0,23520.0
7210,1456,1,,1,1003,2892,2074,3,13200.0,792.0,38808.0
7211,680,1,,2,761,1552,2653,1,15000.0,750.0,14250.0
7212,995,1,,1,577,1306,1979,3,12000.0,1800.0,34200.0
7213,27,2,4,2,371,4,3049,2,13500.0,0.0,27000.0
7214,54,1,,2,691,491,1435,1,15000.0,1500.0,13500.0
7215,623,1,,1,793,2912,,2,12000.0,0.0,24000.0
7216,623,1,,1,793,2912,,1,10800.0,0.0,10800.0
7217,758,2,1,1,771,1,2532,2,12000.0,2400.0,21600.0
7218,997,1,,1,757,2553,1322,3,12000.0,720.0,35280.0
7219,1433,1,,2,745,1767,609,2,15000.0,600.0,29400.0
7220,1433,1,,1,745,1767,609,1,12000.0,0.0,12000.0
7221,61,1,,1,973,460,196,2,10800.0,432.0,21168.0
7222,61,1,,1,973,460,196,2,10800.0,2160.0,19440.0
7223,1092,1,,2,694,651,984,3,15750.0,4725.0,42525.0
7224,250,1,,2,702,1842,2316,2,15000.0,0.0,30000.0
7225,1043,2,1,1,944,1,112,1,10800.0,1080.0,9720.0
7226,101,1,,1,499,3023,,3,10800.0,3240.0,29160.0
7227,719,1,,2,401,1555,1212,1,15000.0,300.0,14700.0
7228,544,1,,2,600,2488,1975,1,13500.0,675.0,12825.0
7229,1082,1,,2,477,1336,631,2,15000.0,600.0,29400.0
7230,1082,1,,1,477,1336,631,3,12600.0,0.0,37800.0
7231,415,1,,1,790,1647,1635,3,12000.0,3600.0,32400.0
7232,1428,1,,1,598,286,14,2,10800.0,1080.0,20520.0
7233,1428,1,,1,598,286,14,2,12000.0,480.0,23520.0
7234,322,2,2,1,856,2,,3,12000.0,720.0,35280.0
7235,124,2,3,2,899,3,2778,3,15000.0,900.0,44100.0
7236,272,1,,2,791,35,3013,3,16500.0,990.0,48510.0
7237,272,1,,2,791,35,3013,2,15000.0,3000.0,27000.0
7238,589,1,,1,914,618,1267,2,12600.0,2520.0,22680.0
7239,589,1,,2,914,618,1267,3,15000.0,900.0,44100.0
7240,505,2,2,2,395,2,1590,3,15000.0,2250.0,42750.0
7241,505,2,2,1,395,2,1590,3,12000.0,3600.0,32400.0
7242,1124,1,,1,825,2266,612,2,12000.0,1200.0,22800.0
7243,965,1,,2,879,899,1097,3,15750.0,4725.0,42525.0
7244,965,1,,1,879,899,1097,2,12600.0,2520.0,22680.0
7245,320,1,,1,467,2896,226,2,12000.0,480.0,23520.0
7246,897,1,,2,917,2669,600,1,15000.0,0.0,15000.0
7247,1218,2,4,1,398,4,1886,1,12000.0,0.0,12000.0
7248,1483,2,1,2,928,1,2852,1,15000.0,750.0,14250.0
7249,694,1,,2,541,1026,1424,3,15750.0,945.0,46305.0
7250,728,2,4,1,881,4,3151,1,12600.0,252.0,12348.0
7251,728,2,4,2,881,4,3151,3,15000.0,2250.0,42750.0
7252,327,2,1,1,698,1,613,1,12000.0,0.0,12000.0
7253,43,1,,2,428,1739,851,2,16500.0,3300.0,29700.0
7254,962,2,4,2,445,4,,1,16500.0,330.0,16170.0
7255,1417,2,3,2,516,3,3043,2,15000.0,600.0,29400.0
7256,634,1,,1,856,1062,2057,1,12600.0,252.0,12348.0
7257,1123,2,2,2,686,2,259,1,15000.0,300.0,14700.0
7258,260,2,4,2,402,4,112,3,15000.0,900.0,44100.0
7259,260,2,4,1,402,4,112,2,12000.0,480.0,23520.0
7260,1158,1,,1,392,1434,,3,10800.0,0.0,32400.0
7261,616,1,,2,945,5,89,2,15000.0,1500.0,28500.0
7262,838,2,3,2,1001,3,1706,3,15000.0,2250.0,42750.0
7263,838,2,3,1,1001,3,1706,1,12000.0,1200.0,10800.0
7264,1094,2,1,2,439,1,2733,2,15000.0,3000.0,27000.0
7265,1094,2,1,1,439,1,2733,1,12000.0,1200.0,10800.0
7266,594,1,,2,401,1811,2209,3,15000.0,0.0,45000.0
7267,756,1,,2,981,329,2553,3,15000.0,900.0,44100.0
7268,1019,2,4,1,959,4,2454,2,13200.0,528.0,25872.0
7269,1019,2,4,2,959,4,2454,1,15000.0,0.0,15000.0
7270,618,2,1,2,745,1,2747,3,16500.0,0.0,49500.0
7271,618,2,1,2,745,1,2747,1,15000.0,0.0,15000.0
7272,75,2,3,2,540,3,702,3,15000.0,2250.0,42750.0
7273,217,2,4,2,702,4,233,2,16500.0,3300.0,29700.0
7274,1365,2,3,2,492,3,1661,1,16500.0,330.0,16170.0
7275,625,2,2,1,630,2,3049,1,12600.0,630.0,11970.0
7276,319,1,,1,601,2157,454,1,12600.0,630.0,11970.0
7277,569,1,,1,397,2133,1772,1,12600.0,1260.0,11340.0
7278,569,1,,2,397,2133,1772,1,15000.0,300.0,14700.0
7279,1469,2,4,1,786,4,2515,3,12000.0,1800.0,34200.0
7280,1265,2,3,2,496,3,2993,3,15750.0,2362.5,44887.5
7281,128,2,3,2,583,3,977,2,15000.0,1500.0,28500.0
7282,377,2,3,1,637,3,347,2,13200.0,528.0,25872.0
7283,377,2,3,2,637,3,347,2,16500.0,1650.0,31350.0
7284,1452,1,,1,992,2878,1059,2,12000.0,2400.0,21600.0
7285,150,1,,2,508,1707,967,1,15750.0,315.0,15435.0
7286,236,1,,2,553,1267,1645,3,15750.0,945.0,46305.0
7287,317,1,,1,392,1114,2951,2,12000.0,1200.0,22800.0
7288,879,1,,2,579,1657,2123,2,15000.0,600.0,29400.0
7289,445,2,4,1,715,4,3155,2,12600.0,0.0,25200.0
7290,924,2,3,2,591,3,,3,15750.0,945.0,46305.0
7291,859,1,,1,852,1892,2199,3,10800.0,0.0,32400.0
7292,218,2,3,1,469,3,35,1,10800.0,0.0,10800.0
7293,1191,2,3,1,407,3,2556,2,10800.0,432.0,21168.0
7294,522,2,2,2,446,2,2580,1,15750.0,787.5,14962.5
7295,522,2,2,2,446,2,2580,2,15000.0,0.0,30000.0
7296,600,1,,2,528,2094,439,3,15000.0,4500.0,40500.0
7297,577,2,3,1,660,3,899,3,12000.0,1800.0,34200.0
7298,577,2,3,1,660,3,899,1,12000.0,600.0,11400.0
7299,41,2,2,2,463,2,2280,2,15000.0,1500.0,28500.0
7300,1251,1,,1,957,1383,,2,12000.0,1200.0,22800.0
7301,887,2,3,1,801,3,2904,1,10800.0,540.0,10260.0
7302,887,2,3,1,801,3,2904,2,13200.0,528.0,25872.0
7303,922,1,,1,854,688,2282,2,13200.0,1320.0,25080.0
7304,645,2,4,1,663,4,1869,3,12000.0,0.0,36000.0
7305,1090,1,,1,547,1596,2671,2,12000.0,0.0,24000.0
7306,1090,1,,2,547,1596,2671,3,15000.0,2250.0,42750.0
7307,1323,2,1,1,475,1,,1,10800.0,1080.0,9720.0
7308,591,1,,2,451,95,549,3,15000.0,4500.0,40500.0
7309,591,1,,1,451,95,549,1,12000.0,0.0,12000.0
7310,67,1,,1,1001,2975,970,1,12000.0,0.0,12000.0
7311,305,1,,1,497,2450,1184,1,12000.0,1200.0,10800.0
7312,305,1,,1,497,2450,1184,2,12000.0,0.0,24000.0
7313,67,2,1,1,975,1,851,3,12600.0,1890.0,35910.0
7314,1146,1,,1,829,2574,1178,2,12000.0,0.0,24000.0
7315,264,2,3,1,732,3,893,2,12000.0,480.0,23520.0
7316,731,1,,1,670,2064,1366,3,12000.0,0.0,36000.0
7317,731,1,,1,670,2064,1366,2,12600.0,0.0,25200.0
7318,1236,1,,1,901,806,1588,1,10800.0,540.0,10260.0
7319,104,1,,2,415,1084,838,1,15000.0,0.0,15000.0
7320,1164,2,1,2,600,1,1127,1,13500.0,270.0,13230.0
7321,1164,2,1,1,600,1,1127,2,12000.0,480.0,23520.0
7322,436,1,,2,1003,1467,120,3,13500.0,810.0,39690.0
7323,399,1,,2,994,2965,1218,2,15000.0,1500.0,28500.0
7324,931,1,,1,963,3039,1104,1,12000.0,0.0,12000.0
7325,931,1,,1,963,3039,1104,3,12000.0,720.0,35280.0
7326,1191,1,,1,577,1765,72,1,12000.0,240.0,11760.0
7327,1235,1,,1,564,763,181,3,12000.0,3600.0,32400.0
7328,642,1,,2,782,3045,,2,13500.0,540.0,26460.0
7329,642,1,,1,782,3045,,1,12000.0,600.0,11400.0
7330,38,1,,1,779,29,574,3,12000.0,720.0,35280.0
7331,38,1,,2,779,29,574,1,15000.0,750.0,14250.0
7332,858,1,,1,487,2936,91,3,12000.0,1800.0,34200.0
7333,858,1,,1,487,2936,91,3,10800.0,648.0,31752.0
7334,766,1,,2,875,1007,3049,1,15000.0,1500.0,13500.0
7335,88,2,4,1,466,4,2302,1,10800.0,540.0,10260.0
7336,358,1,,2,863,1941,2908,3,15000.0,4500.0,40500.0
7337,879,1,,1,968,345,1734,1,12000.0,600.0,11400.0
7338,516,2,2,2,876,2,,1,15750.0,1575.0,14175.0
7339,22,1,,2,666,2794,,1,15000.0,1500.0,13500.0
7340,376,2,1,1,434,1,344,2,13200.0,528.0,25872.0
7341,591,2,4,2,953,4,2290,2,16500.0,660.0,32340.0
7342,549,1,,1,849,2051,2594,1,10800.0,0.0,10800.0
7343,783,1,,1,472,130,2074,3,12600.0,756.0,37044.0
7344,783,1,,1,472,130,2074,3,12000.0,0.0,36000.0
7345,1155,1,,2,709,453,751,1,15000.0,1500.0,13500.0
7346,1472,1,,2,768,1746,130,2,15000.0,0.0,30000.0
7347,637,1,,1,457,1725,,1,12000.0,240.0,11760.0
7348,372,2,2,1,564,2,2424,2,12000.0,0.0,24000.0
7349,664,1,,1,888,1891,2366,3,10800.0,1620.0,30780.0
7350,664,1,,1,888,1891,2366,3,12000.0,3600.0,32400.0
7351,164,1,,1,594,2656,180,1,12000.0,0.0,12000.0
7352,1062,2,1,2,903,1,2083,1,15000.0,750.0,14250.0
7353,1062,2,1,1,903,1,2083,3,12600.0,0.0,37800.0
7354,990,1,,2,542,926,2344,2,15000.0,3000.0,27000.0
7355,990,1,,2,542,926,2344,1,15000.0,1500.0,13500.0
7356,708,2,2,2,768,2,1845,3,15000.0,4500.0,40500.0
7357,1117,1,,1,849,2608,2086,3,12000.0,0.0,36000.0
7358,1484,1,,1,672,845,3072,2,10800.0,0.0,21600.0
7359,732,2,1,1,879,1,,3,12600.0,1890.0,35910.0
7360,393,1,,1,884,1467,1954,3,12000.0,3600.0,32400.0
7361,1403,1,,1,716,2124,2433,1,12000.0,0.0,12000.0
7362,826,2,4,2,976,4,553,1,13500.0,675.0,12825.0
7363,826,2,4,2,976,4,553,1,15000.0,0.0,15000.0
7364,1034,1,,2,382,1397,2327,3,16500.0,4950.0,44550.0
7365,1132,2,1,1,606,1,282,2,12000.0,480.0,23520.0
7366,985,2,1,2,715,1,,1,15000.0,750.0,14250.0
7367,665,2,1,2,547,1,2543,1,15750.0,315.0,15435.0
7368,1123,1,,1,987,2413,2157,1,12000.0,0.0,12000.0
7369,784,1,,2,520,3077,2121,2,15000.0,0.0,30000.0
7370,602,2,4,2,867,4,302,1,15000.0,1500.0,13500.0
7371,1059,2,4,2,464,4,1923,3,15750.0,0.0,47250.0
7372,1059,2,4,2,464,4,1923,3,15000.0,900.0,44100.0
7373,1215,1,,1,597,3186,2001,3,12600.0,1890.0,35910.0
7374,429,2,2,2,477,2,2653,2,15000.0,3000.0,27000.0
7375,631,2,2,2,710,2,,3,15750.0,2362.5,44887.5
7376,372,1,,1,907,2579,57,2,12000.0,0.0,24000.0
7377,32,2,4,2,810,4,2160,1,15000.0,750.0,14250.0
7378,277,1,,1,598,1941,1099,1,12000.0,1200.0,10800.0
7379,243,2,3,2,998,3,2051,1,15000.0,750.0,14250.0
7380,693,2,2,2,554,2,,3,15000.0,4500.0,40500.0
7381,1241,2,1,2,693,1,2652,1,13500.0,1350.0,12150.0
7382,1241,2,1,1,693,1,2652,3,13200.0,0.0,39600.0
7383,1241,2,1,2,693,1,2652,3,16500.0,2475.0,47025.0
7384,536,1,,2,1004,2841,1208,1,15000.0,300.0,14700.0
7385,1302,1,,2,569,3116,934,1,16500.0,825.0,15675.0
7386,1302,1,,1,569,3116,934,1,10800.0,1080.0,9720.0
7387,1302,1,,2,569,3116,934,3,13500.0,810.0,39690.0
7388,1179,2,4,2,892,4,2361,2,13500.0,1350.0,25650.0
7389,444,2,2,1,831,2,638,2,12000.0,480.0,23520.0
7390,993,1,,1,476,1858,2380,3,12000.0,0.0,36000.0
7391,993,1,,1,476,1858,2380,3,12000.0,720.0,35280.0
7392,939,1,,2,994,1903,1274,3,13500.0,2025.0,38475.0
7393,502,1,,2,505,819,811,3,15000.0,900.0,44100.0
7394,502,1,,1,505,819,811,2,10800.0,1080.0,20520.0
7395,22,1,,2,576,2300,1984,1,13500.0,675.0,12825.0
7396,856,1,,2,969,2925,1623,1,16500.0,0.0,16500.0
7397,1436,2,2,1,865,2,814,1,12600.0,252.0,12348.0
7398,1436,2,2,1,865,2,814,1,12000.0,0.0,12000.0
7399,1335,1,,1,367,2321,873,1,10800.0,0.0,10800.0
7400,856,2,1,2,805,1,2990,3,15000.0,900.0,44100.0
7401,325,1,,1,392,1954,1818,1,12600.0,630.0,11970.0
7402,229,1,,2,553,399,310,2,15000.0,3000.0,27000.0
7403,229,1,,1,553,399,310,3,12600.0,3780.0,34020.0
7404,357,2,2,2,739,2,,2,15000.0,1500.0,28500.0
7405,29,2,4,1,394,4,,3,12600.0,0.0,37800.0
7406,306,2,1,2,790,1,2139,3,15000.0,0.0,45000.0
7407,710,1,,2,787,2120,1229,2,15000.0,3000.0,27000.0
7408,11,2,3,1,971,3,2553,3,12600.0,756.0,37044.0
7409,785,1,,2,872,518,2897,1,13500.0,675.0,12825.0
7410,785,1,,2,872,518,2897,3,15000.0,900.0,44100.0
7411,785,1,,1,872,518,2897,1,12000.0,240.0,11760.0
7412,691,1,,2,962,1440,1589,1,15000.0,300.0,14700.0
7413,691,1,,2,962,1440,1589,3,15000.0,2250.0,42750.0
7414,640,2,1,1,690,1,1546,2,13200.0,1320.0,25080.0
7415,640,2,1,1,690,1,1546,1,12000.0,0.0,12000.0
7416,937,1,,2,629,1745,266,3,15000.0,900.0,44100.0
7417,1479,2,2,1,805,2,1368,1,13200.0,660.0,12540.0
7418,1479,2,2,1,805,2,1368,3,10800.0,3240.0,29160.0
7419,365,1,,2,549,1475,466,1,15750.0,0.0,15750.0
7420,719,1,,1,693,2670,1888,1,12600.0,0.0,12600.0
7421,719,1,,2,693,2670,1888,3,16500.0,0.0,49500.0
7422,455,1,,2,857,752,2757,1,16500.0,825.0,15675.0
7423,455,1,,1,857,752,2757,3,10800.0,1620.0,30780.0
7424,1347,2,3,1,833,3,365,2,12000.0,1200.0,22800.0
7425,244,1,,1,845,2474,3127,1,10800.0,0.0,10800.0
7426,1456,2,4,1,372,4,1807,1,10800.0,216.0,10584.0
7427,44,1,,1,486,664,1194,2,10800.0,2160.0,19440.0
7428,993,1,,2,700,1225,1732,2,15750.0,630.0,30870.0
7429,1358,2,1,2,839,1,2712,2,15000.0,1500.0,28500.0
7430,1103,2,4,2,610,4,1227,1,13500.0,675.0,12825.0
7431,1147,1,,2,428,3150,3021,3,15000.0,0.0,45000.0
7432,882,1,,2,987,24,1336,3,15000.0,4500.0,40500.0
7433,882,1,,1,987,24,1336,2,12000.0,0.0,24000.0
7434,1324,2,4,2,549,4,1156,2,15750.0,1575.0,29925.0
7435,1324,2,4,2,549,4,1156,1,15000.0,300.0,14700.0
7436,1102,1,,1,949,781,1090,2,12000.0,0.0,24000.0
7437,547,2,3,1,786,3,1144,2,12000.0,480.0,23520.0
7438,833,2,1,1,439,1,58,2,12000.0,480.0,23520.0
7439,1481,1,,1,415,2440,944,1,10800.0,1080.0,9720.0
7440,51,1,,2,457,1815,2571,2,15000.0,600.0,29400.0
7441,1234,1,,1,559,864,2616,1,12600.0,252.0,12348.0
7442,378,2,4,1,644,4,40,1,12000.0,1200.0,10800.0
7443,1210,2,1,2,740,1,1624,2,16500.0,3300.0,29700.0
7444,861,1,,1,529,1337,1424,1,12000.0,1200.0,10800.0
7445,861,1,,2,854,1450,305,1,13500.0,270.0,13230.0
7446,389,2,4,1,969,4,887,2,12000.0,0.0,24000.0
7447,882,2,2,1,414,2,1571,2,12000.0,2400.0,21600.0
7448,576,1,,2,527,1296,505,2,15000.0,3000.0,27000.0
7449,576,1,,1,527,1296,505,1,12600.0,252.0,12348.0
7450,1333,1,,1,514,631,1760,1,12000.0,1200.0,10800.0
7451,537,2,2,2,949,2,612,1,15000.0,0.0,15000.0
7452,825,1,,1,371,1856,429,1,12000.0,600.0,11400.0
7453,243,2,3,1,684,3,1211,1,12000.0,240.0,11760.0
7454,233,2,4,2,562,4,1362,3,15000.0,0.0,45000.0
7455,233,2,4,2,562,4,1362,3,15000.0,900.0,44100.0
7456,384,1,,2,840,1900,2556,3,15000.0,2250.0,42750.0
7457,204,2,4,1,1001,4,1786,3,12600.0,3780.0,34020.0
7458,1272,1,,2,821,1953,1442,3,15000.0,0.0,45000.0
7459,1468,2,1,1,474,1,733,3,10800.0,0.0,32400.0
7460,1326,2,3,1,437,3,3123,2,12000.0,480.0,23520.0
7461,141,1,,1,819,1125,2117,2,12600.0,504.0,24696.0
7462,746,1,,2,578,3113,2043,3,15750.0,2362.5,44887.5
7463,1479,2,2,2,554,2,19,3,13500.0,810.0,39690.0
7464,328,2,3,1,948,3,458,3,12000.0,1800.0,34200.0
7465,328,2,3,2,948,3,458,1,15000.0,0.0,15000.0
7466,276,1,,2,849,1787,,2,15000.0,3000.0,27000.0
7467,974,2,4,1,722,4,,1,12000.0,240.0,11760.0
7468,974,2,4,2,722,4,,3,13500.0,810.0,39690.0
7469,653,2,2,1,720,2,,1,12000.0,1200.0,10800.0
7470,993,1,,1,407,2623,583,3,12600.0,3780.0,34020.0
7471,993,1,,2,407,2623,583,1,15000.0,1500.0,13500.0
7472,159,1,,1,794,1864,713,2,13200.0,0.0,26400.0
7473,1451,1,,1,413,960,1617,1,12000.0,240.0,11760.0
7474,1451,1,,1,413,960,1617,1,12000.0,600.0,11400.0
7475,866,2,4,2,725,4,1827,1,15000.0,300.0,14700.0
7476,88,1,,1,570,2722,1889,2,12600.0,0.0,25200.0
7477,994,2,3,2,596,3,3061,1,15750.0,315.0,15435.0
7478,1015,1,,1,642,732,832,1,13200.0,264.0,12936.0
7479,1015,1,,1,642,732,832,2,12000.0,480.0,23520.0
7480,1015,1,,1,642,732,832,1,12600.0,0.0,12600.0
7481,1351,1,,1,574,1238,1458,2,12000.0,1200.0,22800.0
7482,304,1,,1,499,537,992,3,12600.0,1890.0,35910.0
7483,925,2,3,2,462,3,1904,1,15000.0,0.0,15000.0
7484,925,2,3,2,462,3,1904,1,15000.0,300.0,14700.0
7485,283,2,4,2,892,4,2183,2,15750.0,0.0,31500.0
7486,283,2,4,2,892,4,2183,1,16500.0,330.0,16170.0
7487,1061,1,,2,458,2600,1229,3,15750.0,945.0,46305.0
7488,429,1,,2,779,318,653,1,15000.0,300.0,14700.0
7489,705,1,,1,793,115,625,1,12000.0,1200.0,10800.0
7490,516,1,,2,658,2969,2797,1,15000.0,300.0,14700.0
7491,978,1,,2,705,916,,3,15750.0,945.0,46305.0
7492,332,1,,2,691,431,2012,1,16500.0,825.0,15675.0
7493,43,2,3,2,703,3,2591,2,15000.0,3000.0,27000.0
7494,43,2,3,1,703,3,2591,3,12000.0,1800.0,34200.0
7495,853,1,,1,843,1389,730,1,10800.0,540.0,10260.0
7496,209,2,4,2,843,4,3027,1,15750.0,315.0,15435.0
7497,1476,1,,2,471,2000,1295,1,15000.0,0.0,15000.0
7498,1331,1,,1,429,1530,812,1,12600.0,1260.0,11340.0
7499,1331,1,,2,429,1530,812,2,15750.0,0.0,31500.0
7500,1400,2,3,1,794,3,3104,3,12000.0,720.0,35280.0
7501,248,1,,1,466,963,2445,1,12000.0,600.0,11400.0
7502,1105,1,,2,626,1743,2093,3,15000.0,0.0,45000.0
7503,543,2,1,1,470,1,3000,1,12000.0,0.0,12000.0
7504,1452,2,2,2,757,2,1410,3,15000.0,2250.0,42750.0
7505,1452,2,2,2,757,2,1410,1,13500.0,675.0,12825.0
7506,1452,2,2,2,757,2,1410,1,15000.0,0.0,15000.0
7507,483,1,,2,1002,1195,4,1,15000.0,750.0,14250.0
7508,135,2,2,2,668,2,1112,3,15000.0,900.0,44100.0
7509,135,2,2,1,668,2,1112,3,12000.0,1800.0,34200.0
7510,1462,1,,2,920,209,1846,2,15750.0,3150.0,28350.0
7511,1149,1,,2,877,1237,,1,15000.0,300.0,14700.0
7512,1149,1,,1,877,1237,,1,12000.0,1200.0,10800.0
7513,1485,2,2,1,602,2,848,1,12600.0,630.0,11970.0
7514,905,1,,2,552,601,1061,3,15000.0,900.0,44100.0
7515,905,1,,1,552,601,1061,2,12000.0,2400.0,21600.0
7516,1236,2,1,2,837,1,,1,15750.0,315.0,15435.0
7517,1236,2,1,2,837,1,,2,16500.0,3300.0,29700.0
7518,176,1,,1,924,2010,1456,1,12000.0,600.0,11400.0
7519,1319,2,3,2,825,3,401,3,15000.0,0.0,45000.0
7520,1319,2,3,2,825,3,401,3,13500.0,4050.0,36450.0
7521,1386,1,,1,574,43,687,1,12000.0,600.0,11400.0
7522,1386,1,,1,574,43,687,3,13200.0,1980.0,37620.0
7523,121,1,,2,434,2170,2373,2,15000.0,1500.0,28500.0
7524,121,1,,1,434,2170,2373,1,13200.0,660.0,12540.0
7525,954,1,,1,962,2224,2206,3,12000.0,3600.0,32400.0
7526,90,1,,2,956,71,969,1,15750.0,315.0,15435.0
7527,90,1,,1,956,71,969,2,12000.0,0.0,24000.0
7528,90,1,,1,956,71,969,3,12000.0,0.0,36000.0
7529,347,1,,1,978,2839,1104,2,10800.0,2160.0,19440.0
7530,1486,1,,1,644,1203,2729,2,10800.0,1080.0,20520.0
7531,223,1,,2,478,1744,709,1,15000.0,0.0,15000.0
7532,749,2,2,2,925,2,2218,3,15000.0,4500.0,40500.0
7533,1199,2,2,1,459,2,2008,1,12600.0,0.0,12600.0
7534,1199,2,2,2,459,2,2008,3,15000.0,0.0,45000.0
7535,1199,2,2,1,459,2,2008,1,12600.0,0.0,12600.0
7536,58,1,,2,993,1295,2753,3,16500.0,0.0,49500.0
7537,78,2,2,1,731,2,1448,2,12000.0,0.0,24000.0
7538,78,2,2,1,731,2,1448,3,12600.0,756.0,37044.0
7539,888,1,,1,797,2108,,1,13200.0,660.0,12540.0
7540,1472,2,4,2,729,4,233,3,13500.0,4050.0,36450.0
7541,1477,1,,1,969,3144,1205,2,12000.0,480.0,23520.0
7542,1477,1,,2,969,3144,1205,3,15000.0,2250.0,42750.0
7543,1104,1,,2,655,1225,,1,15000.0,300.0,14700.0
7544,1104,1,,1,655,1225,,1,12000.0,600.0,11400.0
7545,1241,2,4,1,691,4,2402,3,12000.0,720.0,35280.0
7546,715,1,,1,891,3131,861,1,12000.0,1200.0,10800.0
7547,715,1,,1,891,3131,861,3,12000.0,0.0,36000.0
7548,1295,1,,1,706,2031,,3,12000.0,0.0,36000.0
7549,1237,2,3,2,911,3,2040,2,15000.0,600.0,29400.0
7550,1237,2,3,1,911,3,2040,3,12000.0,0.0,36000.0
7551,1237,2,3,2,911,3,2040,2,16500.0,660.0,32340.0
7552,1202,1,,1,872,528,1318,3,10800.0,0.0,32400.0
7553,1202,1,,1,872,528,1318,1,13200.0,1320.0,11880.0
7554,1014,2,1,2,692,1,2350,2,15000.0,0.0,30000.0
7555,701,2,3,1,393,3,65,1,10800.0,540.0,10260.0
7556,701,2,3,2,393,3,65,1,15000.0,750.0,14250.0
7557,701,2,3,2,393,3,65,3,15000.0,0.0,45000.0
7558,232,1,,1,566,1781,1802,1,12000.0,1200.0,10800.0
7559,812,2,1,1,620,1,2477,1,13200.0,660.0,12540.0
7560,1322,1,,1,957,104,3059,3,12000.0,720.0,35280.0
7561,1443,1,,2,435,2487,3121,2,16500.0,1650.0,31350.0
7562,1047,1,,1,502,1766,565,2,12000.0,1200.0,22800.0
7563,1047,1,,2,502,1766,565,2,13500.0,540.0,26460.0
7564,669,1,,2,450,2785,651,1,15750.0,0.0,15750.0
7565,669,1,,1,450,2785,651,1,12000.0,240.0,11760.0
7566,23,1,,1,853,307,1475,2,10800.0,0.0,21600.0
7567,1163,1,,2,572,451,2485,3,15000.0,2250.0,42750.0
7568,97,2,3,1,476,3,835,1,12000.0,600.0,11400.0
7569,366,1,,1,948,2883,2705,3,13200.0,0.0,39600.0
7570,366,1,,2,948,2883,2705,2,15000.0,1500.0,28500.0
7571,429,1,,1,953,1019,1756,1,12000.0,600.0,11400.0
7572,524,2,1,1,566,1,1919,1,12000.0,0.0,12000.0
7573,524,2,1,1,566,1,1919,3,12000.0,720.0,35280.0
7574,1313,2,2,2,887,2,1694,2,13500.0,2700.0,24300.0
7575,456,1,,1,383,2442,1513,3,10800.0,648.0,31752.0
7576,291,1,,1,455,2027,3082,1,12000.0,600.0,11400.0
7577,291,1,,1,455,2027,3082,1,12000.0,0.0,12000.0
7578,1359,1,,1,685,1882,2932,1,12000.0,1200.0,10800.0
7579,685,2,2,2,647,2,173,2,15000.0,1500.0,28500.0
7580,1370,2,4,2,805,4,15,3,15000.0,4500.0,40500.0
7581,1370,2,4,1,805,4,15,3,10800.0,0.0,32400.0
7582,350,2,2,2,663,2,,2,13500.0,540.0,26460.0
7583,1135,1,,1,419,3181,,2,12000.0,2400.0,21600.0
7584,1135,1,,2,419,3181,,3,15000.0,2250.0,42750.0
7585,17,1,,1,921,593,492,1,10800.0,0.0,10800.0
7586,17,1,,2,921,593,492,2,16500.0,1650.0,31350.0
7587,208,2,3,2,794,3,2241,2,15000.0,1500.0,28500.0
7588,511,2,4,1,872,4,1823,1,13200.0,1320.0,11880.0
7589,511,2,4,2,872,4,1823,2,13500.0,2700.0,24300.0
7590,511,2,4,1,872,4,1823,3,12000.0,720.0,35280.0
7591,951,1,,2,461,1376,2556,1,13500.0,1350.0,12150.0
7592,43,1,,1,395,2563,808,1,12000.0,240.0,11760.0
7593,43,1,,1,395,2563,808,2,12000.0,1200.0,22800.0
7594,1435,1,,2,567,2193,2778,1,15000.0,0.0,15000.0
7595,1435,1,,2,567,2193,2778,1,15000.0,300.0,14700.0
7596,748,2,2,1,826,2,1295,1,12000.0,1200.0,10800.0
7597,748,2,2,2,826,2,1295,1,15000.0,1500.0,13500.0
7598,542,1,,2,979,2195,1933,1,15000.0,750.0,14250.0
7599,542,1,,2,979,2195,1933,1,15750.0,0.0,15750.0
7600,430,1,,2,812,801,487,3,15000.0,2250.0,42750.0
7601,430,1,,2,812,801,487,2,15000.0,1500.0,28500.0
7602,7,2,4,1,755,4,2464,3,12000.0,3600.0,32400.0
7603,7,2,4,1,755,4,2464,1,12000.0,600.0,11400.0
7604,1447,1,,1,755,2846,2744,2,13200.0,528.0,25872.0
7605,426,2,2,1,812,2,664,2,12000.0,2400.0,21600.0
7606,1248,2,3,1,447,3,549,2,12000.0,480.0,23520.0
7607,246,1,,2,768,416,1047,3,15000.0,2250.0,42750.0
7608,665,1,,1,456,398,366,1,12000.0,600.0,11400.0
7609,337,2,1,2,899,1,1094,3,15000.0,4500.0,40500.0
7610,602,1,,1,520,1854,2319,3,12000.0,0.0,36000.0
7611,602,1,,2,520,1854,2319,2,15750.0,630.0,30870.0
7612,118,1,,2,888,680,3041,3,15000.0,900.0,44100.0
7613,118,1,,1,888,680,3041,1,12000.0,0.0,12000.0
7614,119,2,3,2,875,3,800,3,15000.0,2250.0,42750.0
7615,119,2,3,2,875,3,800,1,15000.0,0.0,15000.0
7616,996,1,,1,809,2847,1591,2,12600.0,2520.0,22680.0
7617,143,2,4,1,959,4,802,3,12000.0,1800.0,34200.0
7618,191,1,,2,693,1450,3052,3,15000.0,0.0,45000.0
7619,616,1,,1,672,2738,2209,1,10800.0,0.0,10800.0
7620,758,2,1,1,517,1,463,2,13200.0,0.0,26400.0
7621,758,2,1,2,517,1,463,1,13500.0,0.0,13500.0
7622,605,1,,2,696,600,,3,15000.0,0.0,45000.0
7623,1038,1,,1,373,1331,2717,3,10800.0,0.0,32400.0
7624,754,1,,1,578,2605,512,2,12000.0,480.0,23520.0
7625,273,1,,1,501,2824,,1,12000.0,1200.0,10800.0
7626,466,2,1,1,578,1,1744,1,10800.0,540.0,10260.0
7627,466,2,1,2,578,1,1744,2,15000.0,600.0,29400.0
7628,1246,2,1,1,928,1,1902,2,12000.0,1200.0,22800.0
7629,706,2,4,2,742,4,966,1,15750.0,1575.0,14175.0
7630,1196,1,,1,962,331,207,1,12000.0,600.0,11400.0
7631,1375,1,,1,568,1539,306,2,12000.0,2400.0,21600.0
7632,6,2,3,2,498,3,1848,3,15000.0,900.0,44100.0
7633,6,2,3,2,498,3,1848,1,16500.0,330.0,16170.0
7634,729,2,4,1,415,4,2335,1,12000.0,1200.0,10800.0
7635,1222,2,1,1,651,1,1934,2,12000.0,0.0,24000.0
7636,1222,2,1,2,651,1,1934,2,15000.0,600.0,29400.0
7637,1493,1,,1,678,2130,2893,1,12000.0,600.0,11400.0
7638,166,1,,1,773,3100,1153,1,12600.0,252.0,12348.0
7639,1056,1,,1,876,1291,1308,2,13200.0,0.0,26400.0
7640,1278,1,,1,580,89,474,1,12000.0,1200.0,10800.0
7641,1278,1,,1,580,89,474,3,13200.0,1980.0,37620.0
7642,681,2,4,1,748,4,2696,3,12600.0,0.0,37800.0
7643,1042,2,2,2,366,2,2164,1,15000.0,0.0,15000.0
7644,1013,1,,1,526,2393,1524,1,10800.0,540.0,10260.0
7645,1392,2,2,1,650,2,2206,1,10800.0,540.0,10260.0
7646,175,2,2,1,685,2,482,3,12000.0,720.0,35280.0
7647,175,2,2,2,685,2,482,2,15000.0,600.0,29400.0
7648,1434,1,,2,595,2989,1164,2,15000.0,1500.0,28500.0
7649,1434,1,,2,595,2989,1164,1,15000.0,300.0,14700.0
7650,795,2,4,1,931,4,1632,3,12000.0,3600.0,32400.0
7651,795,2,4,1,931,4,1632,2,12600.0,0.0,25200.0
7652,919,1,,1,808,2101,1750,3,12000.0,1800.0,34200.0
7653,297,1,,1,426,2754,2797,2,10800.0,432.0,21168.0
7654,530,1,,1,909,1207,1422,2,10800.0,2160.0,19440.0
7655,608,2,2,2,706,2,,3,15000.0,2250.0,42750.0
7656,574,1,,1,558,3185,1484,2,12000.0,0.0,24000.0
7657,781,1,,2,768,2154,2017,2,15000.0,600.0,29400.0
7658,781,1,,1,768,2154,2017,1,12000.0,240.0,11760.0
7659,1019,1,,1,853,3084,2552,3,10800.0,648.0,31752.0
7660,956,1,,1,463,755,2038,3,13200.0,3960.0,35640.0
7661,1306,2,3,1,375,3,3030,2,13200.0,528.0,25872.0
7662,1306,2,3,2,375,3,3030,2,15750.0,3150.0,28350.0
7663,1306,2,3,2,375,3,3030,1,15000.0,0.0,15000.0
7664,1382,2,4,2,969,4,918,3,15750.0,0.0,47250.0
7665,763,1,,2,877,581,732,2,15000.0,3000.0,27000.0
7666,1090,1,,2,993,659,1359,2,13500.0,0.0,27000.0
7667,743,2,2,1,706,2,1270,2,12000.0,1200.0,22800.0
7668,743,2,2,1,706,2,1270,2,12600.0,1260.0,23940.0
7669,319,2,1,1,983,1,570,2,12000.0,480.0,23520.0
7670,782,1,,1,683,2574,2156,1,12000.0,0.0,12000.0
7671,782,1,,1,683,2574,2156,2,10800.0,1080.0,20520.0
7672,799,2,2,1,625,2,563,2,13200.0,1320.0,25080.0
7673,870,2,4,1,563,4,549,3,12000.0,720.0,35280.0
7674,794,1,,1,691,2662,2329,2,12000.0,480.0,23520.0
7675,1244,1,,1,484,1738,2545,3,12000.0,0.0,36000.0
7676,75,1,,1,371,1061,1794,1,12000.0,240.0,11760.0
7677,75,1,,1,371,1061,1794,2,12600.0,2520.0,22680.0
7678,576,1,,2,435,1093,2706,3,15000.0,4500.0,40500.0
7679,1326,1,,1,609,2891,2863,2,12000.0,2400.0,21600.0
7680,731,1,,1,706,333,437,3,10800.0,1620.0,30780.0
7681,1387,2,3,1,496,3,1836,3,12000.0,3600.0,32400.0
7682,1112,1,,2,450,2148,166,1,15000.0,750.0,14250.0
7683,13,1,,1,375,721,,3,12600.0,756.0,37044.0
7684,297,1,,2,581,958,757,2,13500.0,2700.0,24300.0
7685,297,1,,2,581,958,757,1,15000.0,750.0,14250.0
7686,974,2,3,1,419,3,1411,3,12000.0,3600.0,32400.0
7687,1387,2,2,1,593,2,2154,2,13200.0,528.0,25872.0
7688,39,1,,1,827,1528,2100,1,13200.0,0.0,13200.0
7689,39,1,,2,827,1528,2100,3,16500.0,0.0,49500.0
7690,192,1,,2,594,1864,167,1,15000.0,750.0,14250.0
7691,192,1,,2,594,1864,167,1,15000.0,300.0,14700.0
7692,541,1,,1,931,1008,2498,1,12000.0,600.0,11400.0
7693,1297,1,,1,974,724,2354,3,12000.0,0.0,36000.0
7694,1389,1,,2,736,788,3193,1,16500.0,0.0,16500.0
7695,1389,1,,1,736,788,3193,2,12000.0,2400.0,21600.0
7696,1462,1,,2,949,3061,520,1,15750.0,315.0,15435.0
7697,1406,1,,2,736,1642,1283,2,16500.0,660.0,32340.0
7698,1060,2,1,1,705,1,442,1,12000.0,1200.0,10800.0
7699,1060,2,1,2,705,1,442,1,15750.0,0.0,15750.0
7700,973,2,3,2,610,3,,3,15000.0,2250.0,42750.0
7701,523,1,,1,589,2204,2640,2,12000.0,1200.0,22800.0
7702,1079,2,2,1,557,2,3045,2,12000.0,2400.0,21600.0
7703,1079,2,2,1,557,2,3045,3,13200.0,792.0,38808.0
7704,451,1,,1,876,2704,,3,12000.0,0.0,36000.0
7705,451,1,,2,876,2704,,2,15750.0,1575.0,29925.0
7706,451,1,,1,876,2704,,2,12000.0,480.0,23520.0
7707,210,1,,2,447,2124,245,2,13500.0,540.0,26460.0
7708,273,1,,1,681,532,,2,12000.0,2400.0,21600.0
7709,194,1,,2,526,1155,1750,1,15000.0,750.0,14250.0
7710,825,1,,1,621,1192,2316,2,12600.0,1260.0,23940.0
7711,1358,2,1,1,826,1,473,1,12000.0,240.0,11760.0
7712,967,1,,1,797,735,2406,3,13200.0,3960.0,35640.0
7713,1377,1,,2,586,1195,1265,3,15000.0,4500.0,40500.0
7714,1377,1,,2,586,1195,1265,2,15750.0,0.0,31500.0
7715,573,2,4,1,461,4,1749,3,12000.0,3600.0,32400.0
7716,1148,2,1,1,511,1,2137,2,12000.0,2400.0,21600.0
7717,1148,2,1,2,511,1,2137,1,15000.0,300.0,14700.0
7718,1274,2,4,1,908,4,2739,1,12000.0,600.0,11400.0
7719,1274,2,4,1,908,4,2739,2,12000.0,1200.0,22800.0
7720,147,2,4,1,548,4,384,1,12600.0,630.0,11970.0
7721,1119,2,1,1,420,1,925,1,12000.0,240.0,11760.0
7722,958,1,,1,711,979,2153,1,12000.0,1200.0,10800.0
7723,1006,2,4,1,736,4,1995,3,12000.0,1800.0,34200.0
7724,752,1,,1,826,2177,,2,10800.0,432.0,21168.0
7725,752,1,,2,826,2177,,1,15000.0,1500.0,13500.0
7726,689,1,,1,936,2115,645,3,12000.0,3600.0,32400.0
7727,931,2,1,1,694,1,,2,12000.0,1200.0,22800.0
7728,931,2,1,1,694,1,,2,10800.0,2160.0,19440.0
7729,853,1,,1,524,2296,251,3,12000.0,0.0,36000.0
7730,1451,1,,1,976,1145,1317,1,10800.0,0.0,10800.0
7731,1045,1,,2,816,531,1893,3,16500.0,4950.0,44550.0
7732,349,1,,2,366,1075,1588,1,15000.0,300.0,14700.0
7733,855,1,,2,665,1325,2737,2,15000.0,0.0,30000.0
7734,381,1,,2,381,1933,,3,15000.0,0.0,45000.0
7735,1336,1,,1,979,1628,889,2,12000.0,0.0,24000.0
7736,209,1,,1,771,1177,2702,3,12000.0,3600.0,32400.0
7737,233,1,,1,692,2188,2916,1,12000.0,600.0,11400.0
7738,398,2,1,1,930,1,2807,2,13200.0,2640.0,23760.0
7739,154,2,3,1,643,3,,2,12000.0,480.0,23520.0
7740,136,1,,2,824,162,685,2,15000.0,3000.0,27000.0
7741,136,1,,1,824,162,685,1,13200.0,0.0,13200.0
7742,149,2,4,1,953,4,2490,1,12000.0,0.0,12000.0
7743,649,2,3,1,483,3,653,1,12600.0,0.0,12600.0
7744,680,1,,1,992,331,1170,2,12000.0,2400.0,21600.0
7745,98,1,,2,548,3024,2161,1,15750.0,0.0,15750.0
7746,142,2,4,2,658,4,1110,1,16500.0,330.0,16170.0
7747,142,2,4,1,658,4,1110,1,12000.0,600.0,11400.0
7748,864,2,1,1,518,1,551,2,12000.0,2400.0,21600.0
7749,953,1,,1,747,1524,2088,1,12000.0,0.0,12000.0
7750,1355,1,,1,637,1471,430,2,12000.0,1200.0,22800.0
7751,610,1,,1,491,23,3157,1,12000.0,240.0,11760.0
7752,536,2,3,1,752,3,3091,1,12000.0,600.0,11400.0
7753,361,1,,1,828,1878,2699,2,12000.0,0.0,24000.0
7754,1339,1,,2,382,2200,1822,2,15000.0,0.0,30000.0
7755,1339,1,,1,382,2200,1822,3,12000.0,3600.0,32400.0
7756,765,1,,1,889,380,,1,12000.0,240.0,11760.0
7757,612,2,2,1,588,2,897,1,12600.0,252.0,12348.0
7758,1078,1,,1,986,259,947,1,12000.0,0.0,12000.0
7759,1469,1,,2,822,2167,1402,3,15000.0,900.0,44100.0
7760,1469,1,,2,822,2167,1402,2,15750.0,1575.0,29925.0
7761,849,2,2,1,884,2,2307,3,10800.0,0.0,32400.0
7762,222,1,,2,950,1878,471,3,15000.0,900.0,44100.0
7763,972,1,,2,619,2875,40,2,15000.0,3000.0,27000.0
7764,332,1,,1,390,1595,2478,2,12600.0,504.0,24696.0
7765,332,1,,1,390,1595,2478,1,12000.0,600.0,11400.0
7766,1333,1,,2,561,2713,978,3,13500.0,2025.0,38475.0
7767,1209,1,,1,587,877,1743,3,12000.0,3600.0,32400.0
7768,254,1,,1,397,2174,2120,3,12600.0,756.0,37044.0
7769,783,2,3,1,918,3,3195,2,12000.0,2400.0,21600.0
7770,203,2,1,2,963,1,100,2,15000.0,600.0,29400.0
7771,570,1,,2,454,2316,2034,2,15000.0,0.0,30000.0
7772,570,1,,2,454,2316,2034,3,15000.0,0.0,45000.0
7773,570,1,,2,454,2316,2034,1,15000.0,0.0,15000.0
7774,1317,1,,2,513,3025,2310,1,15000.0,300.0,14700.0
7775,664,2,1,1,612,1,3001,3,12000.0,1800.0,34200.0
7776,849,1,,1,840,1298,797,1,10800.0,216.0,10584.0
7777,1032,1,,1,871,2784,1397,2,12600.0,1260.0,23940.0
7778,532,1,,2,675,437,629,2,15000.0,1500.0,28500.0
7779,569,1,,1,590,2813,2136,2,12000.0,1200.0,22800.0
7780,685,1,,1,453,2656,1039,2,10800.0,1080.0,20520.0
7781,685,1,,1,453,2656,1039,1,12000.0,600.0,11400.0
7782,1136,1,,2,415,2036,853,3,16500.0,4950.0,44550.0
7783,206,1,,1,524,2750,1238,2,12000.0,2400.0,21600.0
7784,900,1,,1,680,1512,2131,3,12000.0,720.0,35280.0
7785,900,1,,1,680,1512,2131,2,13200.0,1320.0,25080.0
7786,1485,1,,2,895,291,1908,1,15000.0,1500.0,13500.0
7787,1485,1,,2,895,291,1908,3,15000.0,0.0,45000.0
7788,1360,1,,1,805,1047,,2,12000.0,2400.0,21600.0
7789,649,2,2,1,894,2,1382,3,12000.0,1800.0,34200.0
7790,182,2,1,1,819,1,2406,2,12600.0,0.0,25200.0
7791,1282,1,,1,702,1104,,2,10800.0,2160.0,19440.0
7792,1280,1,,1,697,1565,1397,3,12000.0,0.0,36000.0
7793,444,1,,1,928,1229,894,1,12000.0,0.0,12000.0
7794,444,1,,2,928,1229,894,1,15000.0,750.0,14250.0
7795,467,1,,1,446,2112,1581,2,12000.0,0.0,24000.0
7796,1033,1,,1,664,2381,967,1,12600.0,252.0,12348.0
7797,1033,1,,1,664,2381,967,1,12000.0,1200.0,10800.0
7798,502,1,,1,449,1993,994,2,12000.0,0.0,24000.0
7799,1167,1,,1,942,2243,606,3,12000.0,3600.0,32400.0
7800,818,2,2,2,687,2,3146,2,15000.0,600.0,29400.0
7801,468,1,,2,772,764,238,1,15000.0,750.0,14250.0
7802,1151,1,,2,836,195,2422,3,15000.0,900.0,44100.0
7803,418,1,,1,835,908,1830,3,12000.0,0.0,36000.0
7804,661,2,3,1,433,3,2697,1,10800.0,540.0,10260.0
7805,477,2,2,2,564,2,555,1,15000.0,300.0,14700.0
7806,477,2,2,1,564,2,555,3,12000.0,720.0,35280.0
7807,1236,1,,1,465,1811,773,2,12600.0,504.0,24696.0
7808,1257,1,,1,437,712,2442,3,10800.0,648.0,31752.0
7809,1257,1,,1,437,712,2442,1,10800.0,0.0,10800.0
7810,436,1,,1,620,909,,2,13200.0,1320.0,25080.0
7811,1206,1,,1,570,292,1116,1,13200.0,0.0,13200.0
7812,249,1,,1,450,2464,215,1,12000.0,0.0,12000.0
7813,249,1,,2,450,2464,215,2,15750.0,1575.0,29925.0
7814,954,1,,1,989,2885,2045,1,10800.0,0.0,10800.0
7815,391,2,3,1,684,3,383,3,12000.0,3600.0,32400.0
7816,462,2,4,1,837,4,1070,3,12000.0,3600.0,32400.0
7817,279,2,3,2,785,3,577,1,15000.0,750.0,14250.0
7818,1269,1,,1,973,289,259,3,12000.0,0.0,36000.0
7819,1240,2,4,2,967,4,1373,2,13500.0,1350.0,25650.0
7820,362,2,4,1,572,4,1115,3,12000.0,720.0,35280.0
7821,1120,2,4,2,873,4,,1,15000.0,750.0,14250.0
7822,347,1,,2,764,1627,3118,3,15000.0,900.0,44100.0
7823,1222,1,,1,564,869,2296,3,12000.0,720.0,35280.0
7824,1222,1,,1,564,869,2296,2,12000.0,2400.0,21600.0
7825,379,1,,1,492,327,434,1,10800.0,0.0,10800.0
7826,1002,2,3,2,669,3,115,2,15750.0,0.0,31500.0
7827,1002,2,3,1,669,3,115,3,12000.0,720.0,35280.0
7828,1194,2,4,2,822,4,937,2,15000.0,1500.0,28500.0
7829,1194,2,4,2,822,4,937,1,16500.0,330.0,16170.0
7830,302,2,3,1,472,3,221,3,12000.0,0.0,36000.0
7831,302,2,3,2,472,3,221,1,15750.0,315.0,15435.0
7832,418,2,4,1,974,4,1792,2,12600.0,2520.0,22680.0
7833,418,2,4,1,974,4,1792,3,13200.0,0.0,39600.0
7834,322,1,,2,597,717,2844,2,16500.0,0.0,33000.0
7835,590,2,2,2,481,2,,3,15000.0,900.0,44100.0
7836,1444,1,,1,858,454,1457,2,12000.0,480.0,23520.0
7837,1135,1,,2,993,1416,1386,1,16500.0,1650.0,14850.0
7838,1135,1,,1,993,1416,1386,3,12000.0,0.0,36000.0
7839,1135,1,,1,993,1416,1386,2,10800.0,432.0,21168.0
7840,1163,1,,1,969,1163,682,3,12000.0,720.0,35280.0
7841,591,1,,1,746,1595,2328,2,10800.0,1080.0,20520.0
7842,591,1,,2,746,1595,2328,2,15000.0,600.0,29400.0
7843,338,1,,2,742,1118,854,3,15000.0,900.0,44100.0
7844,911,1,,2,418,2526,2059,2,13500.0,2700.0,24300.0
7845,46,2,1,1,779,1,697,3,12000.0,720.0,35280.0
7846,1344,2,2,1,659,2,322,3,12600.0,0.0,37800.0
7847,1344,2,2,1,659,2,322,2,12000.0,0.0,24000.0
7848,314,2,3,2,908,3,2535,1,15000.0,300.0,14700.0
7849,932,1,,1,578,1107,2956,2,12000.0,480.0,23520.0
7850,932,1,,1,578,1107,2956,3,12000.0,720.0,35280.0
7851,1358,1,,1,638,2659,748,1,12000.0,1200.0,10800.0
7852,1162,2,2,2,474,2,2456,3,15000.0,900.0,44100.0
7853,1053,2,2,2,738,2,1227,3,15750.0,945.0,46305.0
7854,1053,2,2,1,738,2,1227,3,12000.0,1800.0,34200.0
7855,945,2,4,1,607,4,658,3,12000.0,3600.0,32400.0
7856,697,1,,2,774,2603,3204,1,13500.0,270.0,13230.0
7857,697,1,,2,774,2603,3204,1,13500.0,270.0,13230.0
7858,1101,2,1,1,616,1,386,1,12000.0,600.0,11400.0
7859,1406,2,2,1,646,2,788,3,10800.0,648.0,31752.0
7860,688,2,4,1,737,4,2710,1,12000.0,600.0,11400.0
7861,1269,2,2,2,835,2,968,3,13500.0,4050.0,36450.0
7862,279,1,,1,566,990,2726,1,12000.0,240.0,11760.0
7863,185,1,,1,523,2485,2419,1,12000.0,600.0,11400.0
7864,1492,1,,1,887,661,1159,1,12000.0,240.0,11760.0
7865,1492,1,,1,887,661,1159,3,13200.0,1980.0,37620.0
7866,1492,1,,2,887,661,1159,2,13500.0,0.0,27000.0
7867,277,1,,2,774,3157,3122,2,16500.0,3300.0,29700.0
7868,277,1,,2,774,3157,3122,1,15000.0,750.0,14250.0
7869,1234,2,1,1,913,1,2560,3,12000.0,0.0,36000.0
7870,858,1,,2,442,2492,831,2,15000.0,3000.0,27000.0
7871,315,2,3,1,624,3,3004,1,12600.0,1260.0,11340.0
7872,315,2,3,1,624,3,3004,2,10800.0,0.0,21600.0
7873,1151,2,1,1,918,1,949,2,12000.0,480.0,23520.0
7874,994,1,,1,688,694,1223,3,13200.0,1980.0,37620.0
7875,994,1,,1,688,694,1223,1,10800.0,0.0,10800.0
7876,9,2,3,1,542,3,2878,1,12600.0,0.0,12600.0
7877,9,2,3,2,542,3,2878,1,15000.0,300.0,14700.0
7878,9,2,3,2,542,3,2878,3,15000.0,900.0,44100.0
7879,1247,2,2,2,633,2,3165,2,15750.0,1575.0,29925.0
7880,879,1,,2,630,754,2663,3,15000.0,0.0,45000.0
7881,879,1,,2,630,754,2663,1,15000.0,1500.0,13500.0
7882,113,1,,1,465,2324,556,3,12000.0,0.0,36000.0
7883,1413,1,,2,383,2804,622,1,15000.0,1500.0,13500.0
7884,941,2,1,1,538,1,,1,12000.0,600.0,11400.0
7885,941,2,1,1,538,1,,1,12000.0,1200.0,10800.0
7886,1467,1,,1,559,301,1542,2,12000.0,2400.0,21600.0
7887,1188,1,,2,918,2620,1454,1,15000.0,0.0,15000.0
7888,1115,1,,2,946,3072,2932,1,15000.0,1500.0,13500.0
7889,1115,1,,2,946,3072,2932,3,15000.0,0.0,45000.0
7890,1336,2,4,1,507,4,187,2,12000.0,480.0,23520.0
7891,1363,1,,2,383,313,2869,1,16500.0,825.0,15675.0
7892,785,2,3,1,514,3,1797,3,13200.0,0.0,39600.0
7893,1103,2,1,1,785,1,3066,1,12000.0,0.0,12000.0
7894,517,1,,1,937,2045,1717,1,13200.0,0.0,13200.0
7895,517,1,,1,937,2045,1717,1,12000.0,1200.0,10800.0
7896,519,1,,2,586,1503,1193,2,13500.0,1350.0,25650.0
7897,1319,1,,1,442,923,963,2,12000.0,2400.0,21600.0
7898,182,2,1,2,563,1,,3,15750.0,4725.0,42525.0
7899,182,2,1,2,563,1,,3,15000.0,0.0,45000.0
7900,316,2,1,2,578,1,,3,15750.0,2362.5,44887.5
7901,990,1,,2,790,294,2481,3,15000.0,4500.0,40500.0
7902,500,1,,2,668,2393,2735,3,13500.0,0.0,40500.0
7903,353,1,,1,660,1944,542,2,12000.0,1200.0,22800.0
7904,353,1,,2,660,1944,542,1,13500.0,1350.0,12150.0
7905,980,1,,1,627,3112,56,2,10800.0,2160.0,19440.0
7906,980,1,,1,627,3112,56,3,12000.0,0.0,36000.0
7907,1137,1,,2,889,332,223,2,15000.0,1500.0,28500.0
7908,1122,1,,2,466,1994,3108,2,15000.0,0.0,30000.0
7909,1122,1,,1,466,1994,3108,2,10800.0,2160.0,19440.0
7910,588,1,,1,503,1225,3024,1,12000.0,600.0,11400.0
7911,1144,2,3,1,739,3,2890,3,12000.0,1800.0,34200.0
7912,1413,1,,1,527,211,221,1,12600.0,0.0,12600.0
7913,1413,1,,2,527,211,221,3,16500.0,990.0,48510.0
7914,1115,2,4,1,499,4,,2,12000.0,1200.0,22800.0
7915,142,1,,2,862,387,2585,1,15750.0,0.0,15750.0
7916,969,2,4,1,439,4,2438,2,12600.0,0.0,25200.0
7917,1042,2,2,1,897,2,2920,1,10800.0,216.0,10584.0
7918,1042,2,2,1,897,2,2920,3,12000.0,720.0,35280.0
7919,728,2,4,2,723,4,494,1,15000.0,0.0,15000.0
7920,728,2,4,1,723,4,494,1,10800.0,0.0,10800.0
7921,1117,2,4,2,587,4,2303,2,15000.0,3000.0,27000.0
7922,484,1,,2,714,1865,123,2,15750.0,630.0,30870.0
7923,1339,1,,2,848,2916,,1,15750.0,787.5,14962.5
7924,1474,1,,2,880,1787,1909,2,15000.0,1500.0,28500.0
7925,1474,1,,1,880,1787,1909,1,12000.0,600.0,11400.0
7926,1161,1,,2,662,459,363,2,15000.0,0.0,30000.0
7927,1161,1,,2,662,459,363,2,15000.0,3000.0,27000.0
7928,1149,2,4,2,419,4,2253,3,15000.0,900.0,44100.0
7929,477,1,,2,570,1212,345,2,15000.0,600.0,29400.0
7930,951,1,,1,981,2146,2748,1,12000.0,0.0,12000.0
7931,508,1,,1,880,1426,3112,3,13200.0,1980.0,37620.0
7932,508,1,,1,880,1426,3112,2,12600.0,0.0,25200.0
7933,689,1,,1,977,2393,1404,1,12000.0,600.0,11400.0
7934,689,1,,2,977,2393,1404,2,16500.0,3300.0,29700.0
7935,289,2,4,2,640,4,1807,3,13500.0,2025.0,38475.0
7936,1229,2,3,2,962,3,829,1,15000.0,750.0,14250.0
7937,1061,1,,1,746,872,2591,1,12600.0,0.0,12600.0
7938,1051,2,1,1,614,1,2312,1,10800.0,1080.0,9720.0
7939,35,2,3,2,948,3,2528,2,15000.0,600.0,29400.0
7940,3,2,4,2,712,4,2217,1,15000.0,300.0,14700.0
7941,3,2,4,2,712,4,2217,2,15750.0,3150.0,28350.0
7942,1186,1,,2,843,2920,,2,15000.0,1500.0,28500.0
7943,1232,2,1,2,834,1,2395,2,15000.0,0.0,30000.0
7944,1232,2,1,1,834,1,2395,2,12000.0,480.0,23520.0
7945,1076,1,,2,487,43,1397,1,15000.0,300.0,14700.0
7946,111,2,2,1,870,2,2703,2,12000.0,2400.0,21600.0
7947,111,2,2,2,870,2,2703,1,15000.0,300.0,14700.0
7948,1149,2,1,1,756,1,,3,12600.0,3780.0,34020.0
7949,1149,2,1,1,756,1,,3,12000.0,3600.0,32400.0
7950,1392,2,2,1,878,2,1231,2,10800.0,432.0,21168.0
7951,611,2,3,1,969,3,1936,2,12000.0,2400.0,21600.0
7952,1313,1,,2,653,2042,500,2,13500.0,2700.0,24300.0
7953,1313,1,,1,653,2042,500,2,12000.0,0.0,24000.0
7954,944,1,,1,836,222,1087,1,12000.0,0.0,12000.0
7955,1362,1,,1,819,6,286,1,12000.0,0.0,12000.0
7956,1225,2,1,1,778,1,96,3,12000.0,0.0,36000.0
7957,1225,2,1,1,778,1,96,3,12000.0,0.0,36000.0
7958,1406,1,,1,652,628,1342,3,10800.0,0.0,32400.0
7959,220,1,,2,693,155,2444,2,15000.0,0.0,30000.0
7960,1160,1,,2,997,871,2819,2,15000.0,1500.0,28500.0
7961,745,2,3,1,627,3,1283,1,12000.0,0.0,12000.0
7962,745,2,3,2,627,3,1283,2,16500.0,1650.0,31350.0
7963,928,1,,1,420,1430,167,2,12600.0,0.0,25200.0
7964,1377,1,,2,398,3059,2555,2,15000.0,3000.0,27000.0
7965,1377,1,,2,398,3059,2555,2,15750.0,3150.0,28350.0
7966,1475,1,,2,414,2275,1201,2,13500.0,1350.0,25650.0
7967,138,2,3,1,834,3,655,2,12600.0,504.0,24696.0
7968,697,1,,2,645,2245,1598,1,15000.0,300.0,14700.0
7969,1393,1,,2,970,2281,3169,2,15000.0,3000.0,27000.0
7970,1000,1,,1,715,2066,2520,1,12600.0,252.0,12348.0
7971,1000,1,,2,715,2066,2520,1,13500.0,675.0,12825.0
7972,206,1,,2,820,1594,1717,2,16500.0,3300.0,29700.0
7973,722,1,,1,921,1333,1329,2,12000.0,1200.0,22800.0
7974,1447,1,,2,757,1578,2667,1,15000.0,1500.0,13500.0
7975,1466,2,4,1,824,4,2432,2,12000.0,480.0,23520.0
7976,189,1,,1,390,941,1163,1,10800.0,216.0,10584.0
7977,148,1,,2,585,230,1708,3,13500.0,4050.0,36450.0
7978,1258,1,,1,944,1000,592,2,12000.0,480.0,23520.0
7979,1258,1,,1,944,1000,592,3,12000.0,0.0,36000.0
7980,596,1,,1,583,173,2061,2,10800.0,432.0,21168.0
7981,546,2,3,1,846,3,604,2,12000.0,2400.0,21600.0
7982,546,2,3,2,846,3,604,3,13500.0,0.0,40500.0
7983,100,2,2,2,756,2,331,2,15000.0,600.0,29400.0
7984,1473,1,,1,980,1247,2244,3,12000.0,0.0,36000.0
7985,913,2,1,1,394,1,1406,3,12600.0,1890.0,35910.0
7986,913,2,1,2,394,1,1406,2,15750.0,0.0,31500.0
7987,43,1,,2,623,1564,1124,1,15000.0,300.0,14700.0
7988,43,1,,1,623,1564,1124,3,12600.0,1890.0,35910.0
7989,882,2,4,1,383,4,856,2,10800.0,1080.0,20520.0
7990,979,1,,2,704,995,2375,1,13500.0,1350.0,12150.0
7991,979,1,,2,704,995,2375,3,15000.0,0.0,45000.0
7992,281,1,,1,878,2112,304,2,12000.0,0.0,24000.0
7993,32,1,,1,955,2037,634,3,13200.0,3960.0,35640.0
7994,32,1,,1,955,2037,634,2,10800.0,0.0,21600.0
7995,1427,2,1,1,808,1,2226,2,12000.0,0.0,24000.0
7996,112,2,3,1,994,3,406,1,12000.0,0.0,12000.0
7997,187,1,,1,948,687,1732,3,12000.0,3600.0,32400.0
7998,757,1,,1,886,3102,876,3,10800.0,0.0,32400.0
7999,849,1,,1,562,2983,829,2,12000.0,2400.0,21600.0
8000,902,1,,2,704,1715,261,1,15000.0,0.0,15000.0
8001,38,2,1,1,601,1,83,1,10800.0,1080.0,9720.0
8002,1129,1,,1,662,1954,,2,12000.0,480.0,23520.0
8003,561,1,,2,887,2924,237,3,15750.0,0.0,47250.0
8004,141,1,,1,719,2712,2489,3,12000.0,720.0,35280.0
8005,1236,1,,2,843,922,1108,1,15000.0,300.0,14700.0
8006,1236,1,,1,843,922,1108,3,12600.0,3780.0,34020.0
8007,276,1,,2,492,3041,645,2,15000.0,3000.0,27000.0
8008,375,2,2,1,663,2,743,3,10800.0,3240.0,29160.0
8009,370,2,3,1,883,3,110,2,10800.0,1080.0,20520.0
8010,1304,2,1,2,402,1,425,1,15000.0,300.0,14700.0
8011,926,1,,1,712,3170,293,3,12000.0,1800.0,34200.0
8012,468,2,2,2,863,2,128,3,13500.0,810.0,39690.0
8013,562,2,2,1,784,2,1379,1,10800.0,540.0,10260.0
8014,986,1,,1,414,1234,503,3,12000.0,720.0,35280.0
8015,986,1,,2,414,1234,503,1,15000.0,750.0,14250.0
8016,1343,2,2,1,896,2,,2,12000.0,2400.0,21600.0
8017,1343,2,2,2,896,2,,2,15750.0,0.0,31500.0
8018,1343,2,2,2,896,2,,3,13500.0,810.0,39690.0
8019,983,1,,2,914,3108,704,2,15750.0,630.0,30870.0
8020,983,1,,1,914,3108,704,2,12000.0,2400.0,21600.0
8021,1133,2,2,1,792,2,2875,1,12600.0,1260.0,11340.0
8022,716,2,3,2,589,3,381,1,15000.0,750.0,14250.0
8023,333,1,,2,769,2377,,2,15750.0,630.0,30870.0
8024,1297,1,,2,762,765,2519,1,16500.0,330.0,16170.0
8025,1344,1,,1,944,841,1753,3,12000.0,3600.0,32400.0
8026,1099,2,3,1,630,3,107,1,12000.0,1200.0,10800.0
8027,49,1,,2,999,1358,1066,2,15000.0,1500.0,28500.0
8028,444,2,3,2,408,3,534,2,15000.0,0.0,30000.0
8029,444,2,3,2,408,3,534,3,15000.0,4500.0,40500.0
8030,1215,1,,1,845,2862,983,2,12000.0,480.0,23520.0
8031,610,2,2,1,495,2,247,3,12000.0,1800.0,34200.0
8032,610,2,2,2,495,2,247,3,15000.0,4500.0,40500.0
8033,610,2,2,2,495,2,247,2,15000.0,3000.0,27000.0
8034,93,1,,2,729,1344,2718,3,15750.0,2362.5,44887.5
8035,1318,2,3,2,391,3,2405,1,15000.0,300.0,14700.0
8036,1318,2,3,2,391,3,2405,3,16500.0,990.0,48510.0
8037,1318,2,3,1,391,3,2405,2,12000.0,480.0,23520.0
8038,167,2,3,1,832,3,2710,1,12000.0,0.0,12000.0
8039,789,1,,1,566,778,1744,3,12000.0,0.0,36000.0
8040,1290,1,,1,639,1671,511,2,10800.0,2160.0,19440.0
8041,1340,2,4,1,573,4,1583,1,10800.0,540.0,10260.0
8042,327,1,,1,400,1783,997,2,12000.0,480.0,23520.0
8043,1131,1,,2,427,645,475,2,15000.0,600.0,29400.0
8044,1131,1,,1,427,645,475,3,12600.0,3780.0,34020.0
8045,295,1,,1,794,2770,115,2,12000.0,0.0,24000.0
8046,295,1,,1,794,2770,115,2,10800.0,432.0,21168.0
8047,580,1,,2,710,2758,1684,1,15000.0,1500.0,13500.0
8048,580,1,,1,710,2758,1684,1,12000.0,240.0,11760.0
8049,364,1,,2,812,2716,,2,15750.0,3150.0,28350.0
8050,353,1,,1,727,2371,1991,3,12000.0,0.0,36000.0
8051,966,2,1,2,526,1,483,1,15000.0,1500.0,13500.0
8052,966,2,1,1,526,1,483,1,12000.0,0.0,12000.0
8053,220,1,,1,506,1899,1174,3,12000.0,720.0,35280.0
8054,534,1,,2,683,838,557,2,15000.0,600.0,29400.0
8055,534,1,,1,683,838,557,1,12000.0,1200.0,10800.0
8056,534,1,,1,683,838,557,3,12000.0,720.0,35280.0
8057,1488,2,4,1,665,4,1657,2,12000.0,1200.0,22800.0
8058,10,1,,1,574,1835,209,2,12000.0,480.0,23520.0
8059,10,1,,1,574,1835,209,1,13200.0,0.0,13200.0
8060,10,1,,2,574,1835,209,1,15000.0,1500.0,13500.0
8061,269,1,,1,883,1374,367,2,10800.0,0.0,21600.0
8062,724,1,,2,711,1955,1531,3,15000.0,0.0,45000.0
8063,37,1,,1,828,957,662,3,12000.0,720.0,35280.0
8064,37,1,,1,828,957,662,1,13200.0,660.0,12540.0
8065,459,2,3,1,431,3,1060,2,10800.0,432.0,21168.0
8066,1411,1,,2,837,2470,1401,1,15000.0,0.0,15000.0
8067,382,2,4,2,969,4,1081,2,16500.0,3300.0,29700.0
8068,1096,1,,1,591,1071,3041,1,10800.0,1080.0,9720.0
8069,894,1,,1,762,2015,2682,3,12000.0,1800.0,34200.0
8070,1403,2,2,1,809,2,1091,3,12600.0,3780.0,34020.0
8071,647,1,,2,891,1355,63,2,15000.0,1500.0,28500.0
8072,65,2,4,2,594,4,2141,1,13500.0,270.0,13230.0
8073,259,1,,1,901,2426,1976,1,12600.0,630.0,11970.0
8074,210,1,,1,791,2850,161,3,12000.0,3600.0,32400.0
8075,210,1,,1,791,2850,161,3,12000.0,720.0,35280.0
8076,584,1,,1,528,2662,2922,1,10800.0,0.0,10800.0
8077,876,1,,2,692,2123,763,1,16500.0,0.0,16500.0
8078,221,1,,2,737,1823,2474,2,16500.0,0.0,33000.0
8079,221,1,,2,737,1823,2474,1,15750.0,315.0,15435.0
8080,669,1,,2,835,2441,427,2,13500.0,1350.0,25650.0
8081,669,1,,1,835,2441,427,3,10800.0,1620.0,30780.0
8082,858,1,,1,676,2450,1712,2,10800.0,1080.0,20520.0
8083,1179,1,,1,798,2912,723,2,12000.0,0.0,24000.0
8084,970,1,,2,511,2733,1527,2,15750.0,1575.0,29925.0
8085,982,2,3,1,998,3,556,3,12000.0,1800.0,34200.0
8086,982,2,3,1,998,3,556,3,10800.0,0.0,32400.0
8087,1090,2,2,2,977,2,1196,2,15000.0,0.0,30000.0
8088,939,1,,1,772,1530,2145,3,12000.0,720.0,35280.0
8089,1276,1,,1,392,2283,1186,2,10800.0,0.0,21600.0
8090,533,1,,2,462,7,1341,3,15000.0,4500.0,40500.0
8091,583,2,1,1,863,1,623,3,12600.0,1890.0,35910.0
8092,987,2,4,2,938,4,2566,3,15000.0,4500.0,40500.0
8093,987,2,4,1,938,4,2566,2,12000.0,480.0,23520.0
8094,1073,2,3,1,667,3,2357,1,12600.0,1260.0,11340.0
8095,125,1,,2,380,2242,2779,2,15750.0,630.0,30870.0
8096,125,1,,1,380,2242,2779,2,12000.0,2400.0,21600.0
8097,86,2,1,2,866,1,253,3,15750.0,945.0,46305.0
8098,86,2,1,1,866,1,253,2,12000.0,2400.0,21600.0
8099,574,2,3,1,590,3,880,3,12000.0,0.0,36000.0
8100,31,1,,2,456,1976,1735,3,15000.0,900.0,44100.0
8101,109,2,1,2,709,1,1817,2,16500.0,3300.0,29700.0
8102,109,2,1,1,709,1,1817,3,10800.0,0.0,32400.0
8103,1171,2,3,1,586,3,577,1,12000.0,240.0,11760.0
8104,942,1,,1,458,1992,2980,1,10800.0,0.0,10800.0
8105,1318,1,,1,414,2212,669,2,13200.0,2640.0,23760.0
8106,1318,1,,2,414,2212,669,2,15000.0,600.0,29400.0
8107,1024,2,1,2,732,1,1928,3,15000.0,4500.0,40500.0
8108,1024,2,1,2,732,1,1928,3,15000.0,0.0,45000.0
8109,27,2,2,1,970,2,1631,2,12000.0,2400.0,21600.0
8110,347,1,,2,961,547,1800,2,15750.0,1575.0,29925.0
8111,1161,1,,2,993,2849,1515,1,15000.0,0.0,15000.0
8112,1161,1,,1,993,2849,1515,2,12600.0,0.0,25200.0
8113,1134,2,4,2,985,4,2797,2,15000.0,0.0,30000.0
8114,495,1,,1,933,1733,1208,2,12000.0,2400.0,21600.0
8115,495,1,,1,933,1733,1208,3,13200.0,0.0,39600.0
8116,75,2,3,1,620,3,1434,1,12000.0,240.0,11760.0
8117,598,2,1,2,722,1,2108,2,15000.0,1500.0,28500.0
8118,105,2,1,2,793,1,347,3,13500.0,810.0,39690.0
8119,459,2,4,1,443,4,,3,13200.0,1980.0,37620.0
8120,459,2,4,2,443,4,,2,15000.0,3000.0,27000.0
8121,459,2,4,2,443,4,,2,15000.0,600.0,29400.0
8122,1263,1,,1,367,3101,777,1,10800.0,1080.0,9720.0
8123,1483,1,,1,396,2498,2038,2,10800.0,2160.0,19440.0
8124,1483,1,,1,396,2498,2038,2,12000.0,1200.0,22800.0
8125,1072,2,4,1,992,4,2792,2,12000.0,2400.0,21600.0
8126,1230,1,,1,558,2150,314,2,12000.0,0.0,24000.0
8127,1230,1,,1,558,2150,314,3,12000.0,3600.0,32400.0
8128,1314,2,4,1,526,4,3120,1,10800.0,540.0,10260.0
8129,1167,2,3,1,651,3,1456,3,12000.0,0.0,36000.0
8130,1167,2,3,2,651,3,1456,2,13500.0,1350.0,25650.0
8131,55,2,1,1,541,1,1753,3,12000.0,3600.0,32400.0
8132,1188,1,,2,827,376,1867,1,13500.0,1350.0,12150.0
8133,1409,1,,1,859,2376,,3,12000.0,0.0,36000.0
8134,1463,2,4,2,653,4,2235,1,13500.0,0.0,13500.0
8135,1463,2,4,1,653,4,2235,3,12000.0,720.0,35280.0
8136,1130,1,,1,954,400,2502,2,13200.0,528.0,25872.0
8137,499,1,,1,883,2040,,1,12000.0,240.0,11760.0
8138,499,1,,2,883,2040,,2,15000.0,600.0,29400.0
8139,499,1,,2,883,2040,,2,15000.0,1500.0,28500.0
8140,1005,2,4,1,730,4,2824,1,10800.0,540.0,10260.0
8141,1005,2,4,2,730,4,2824,2,15000.0,0.0,30000.0
8142,727,1,,2,720,1133,1932,3,16500.0,2475.0,47025.0
8143,1472,2,2,2,896,2,1675,1,13500.0,0.0,13500.0
8144,1472,2,2,1,896,2,1675,2,12000.0,0.0,24000.0
8145,920,2,2,1,382,2,1352,1,10800.0,1080.0,9720.0
8146,376,2,4,2,748,4,359,2,15000.0,600.0,29400.0
8147,376,2,4,1,748,4,359,3,10800.0,3240.0,29160.0
8148,402,1,,2,714,634,3050,2,15000.0,1500.0,28500.0
8149,402,1,,1,714,634,3050,1,10800.0,216.0,10584.0
8150,724,2,4,2,901,4,157,1,15000.0,0.0,15000.0
8151,724,2,4,1,901,4,157,2,12600.0,1260.0,23940.0
8152,1406,1,,2,721,1598,287,1,15750.0,1575.0,14175.0
8153,979,2,4,2,391,4,2009,3,16500.0,990.0,48510.0
8154,1307,2,4,1,534,4,2065,3,12000.0,3600.0,32400.0
8155,743,1,,1,430,2426,129,2,12000.0,1200.0,22800.0
8156,947,1,,1,721,2070,,2,12600.0,0.0,25200.0
8157,443,1,,1,818,1151,3021,2,10800.0,1080.0,20520.0
8158,921,2,2,2,488,2,3171,2,15000.0,0.0,30000.0
8159,921,2,2,2,488,2,3171,3,13500.0,810.0,39690.0
8160,934,2,4,2,650,4,1549,1,13500.0,270.0,13230.0
8161,1132,2,4,1,1002,4,1055,2,12600.0,2520.0,22680.0
8162,52,2,2,2,747,2,1138,2,15000.0,600.0,29400.0
8163,52,2,2,2,747,2,1138,2,15000.0,3000.0,27000.0
8164,1111,1,,1,698,1669,1451,1,13200.0,264.0,12936.0
8165,1111,1,,2,698,1669,1451,1,15000.0,300.0,14700.0
8166,1111,1,,1,698,1669,1451,3,12000.0,720.0,35280.0
8167,505,2,2,1,477,2,1362,3,12000.0,3600.0,32400.0
8168,1286,2,4,1,870,4,2412,3,12000.0,720.0,35280.0
8169,220,1,,2,912,90,2093,3,15750.0,2362.5,44887.5
8170,673,2,2,1,827,2,3174,1,12000.0,240.0,11760.0
8171,557,1,,2,926,45,,1,13500.0,0.0,13500.0
8172,797,2,4,1,955,4,1288,3,12600.0,0.0,37800.0
8173,596,1,,1,579,2679,1731,1,12000.0,0.0,12000.0
8174,1167,1,,2,814,1982,2748,3,15000.0,900.0,44100.0
8175,658,1,,1,549,259,,3,12000.0,720.0,35280.0
8176,518,1,,1,472,1260,2130,3,12000.0,720.0,35280.0
8177,518,1,,2,472,1260,2130,2,15000.0,600.0,29400.0
8178,1318,1,,2,459,1314,879,3,15000.0,2250.0,42750.0
8179,721,2,3,2,536,3,,2,13500.0,2700.0,24300.0
8180,275,1,,1,989,2796,2785,3,12000.0,3600.0,32400.0
8181,275,1,,2,989,2796,2785,3,13500.0,2025.0,38475.0
8182,1310,2,4,1,962,4,1399,1,12000.0,600.0,11400.0
8183,555,2,1,2,998,1,1009,1,15750.0,0.0,15750.0
8184,1020,1,,2,635,387,1875,3,15750.0,945.0,46305.0
8185,1013,1,,1,524,3137,2065,2,12000.0,1200.0,22800.0
8186,415,2,2,1,872,2,133,3,12000.0,720.0,35280.0
8187,1155,2,4,1,724,4,2280,3,12000.0,3600.0,32400.0
8188,1426,1,,1,383,2318,118,3,12000.0,720.0,35280.0
8189,1269,2,1,1,880,1,2148,1,10800.0,540.0,10260.0
8190,1269,2,1,1,880,1,2148,2,12000.0,0.0,24000.0
8191,1230,1,,2,612,3099,996,2,15000.0,3000.0,27000.0
8192,972,2,3,2,689,3,982,2,15000.0,600.0,29400.0
8193,1107,1,,2,990,2762,2448,1,15750.0,787.5,14962.5
8194,788,1,,2,611,1655,1930,1,15000.0,1500.0,13500.0
8195,1120,1,,2,550,1597,992,2,15000.0,0.0,30000.0
8196,1120,1,,1,550,1597,992,1,13200.0,1320.0,11880.0
8197,168,1,,1,604,603,1825,2,12000.0,480.0,23520.0
8198,746,2,2,1,609,2,791,1,10800.0,540.0,10260.0
8199,127,1,,2,806,2637,1667,2,15750.0,3150.0,28350.0
8200,447,1,,2,438,680,2085,3,15750.0,0.0,47250.0
8201,815,1,,1,572,2895,,2,12000.0,0.0,24000.0
8202,882,1,,1,713,461,3062,3,12600.0,3780.0,34020.0
8203,882,1,,1,713,461,3062,3,10800.0,1620.0,30780.0
8204,1213,1,,2,769,2662,2555,1,15000.0,0.0,15000.0
8205,1266,1,,2,699,1280,1782,1,15750.0,315.0,15435.0
8206,1266,1,,2,699,1280,1782,1,15750.0,0.0,15750.0
8207,195,1,,2,688,2595,2354,1,15000.0,300.0,14700.0
8208,1128,2,3,2,663,3,751,3,15000.0,4500.0,40500.0
8209,661,1,,1,481,284,1241,2,12000.0,0.0,24000.0
8210,661,1,,1,481,284,1241,3,12000.0,1800.0,34200.0
8211,1054,1,,1,661,2520,2692,1,12000.0,1200.0,10800.0
8212,1054,1,,2,661,2520,2692,3,15000.0,0.0,45000.0
8213,887,1,,1,633,2387,1161,1,12600.0,0.0,12600.0
8214,71,1,,2,409,1168,425,2,13500.0,1350.0,25650.0
8215,1303,1,,2,813,977,3185,1,15000.0,300.0,14700.0
8216,1303,1,,2,813,977,3185,1,15000.0,0.0,15000.0
8217,545,1,,1,505,2602,622,2,12000.0,0.0,24000.0
8218,613,2,2,1,885,2,2388,3,10800.0,3240.0,29160.0
8219,616,1,,2,455,545,588,2,15000.0,1500.0,28500.0
8220,309,1,,1,646,482,2045,2,10800.0,1080.0,20520.0
8221,740,1,,2,583,2541,2838,2,15000.0,1500.0,28500.0
8222,1281,2,1,1,839,1,,1,12000.0,240.0,11760.0
8223,347,2,3,1,545,3,482,1,12600.0,0.0,12600.0
8224,347,2,3,2,545,3,482,2,16500.0,1650.0,31350.0
8225,1385,1,,1,430,1768,286,3,12000.0,1800.0,34200.0
8226,1385,1,,1,430,1768,286,1,13200.0,0.0,13200.0
8227,547,2,4,1,838,4,2970,2,12000.0,480.0,23520.0
8228,726,1,,2,550,2699,1108,3,15000.0,900.0,44100.0
8229,315,2,3,2,490,3,,2,15000.0,3000.0,27000.0
8230,315,2,3,1,490,3,,3,12000.0,3600.0,32400.0
8231,914,1,,1,768,680,1375,3,12000.0,1800.0,34200.0
8232,896,1,,2,947,2464,1674,1,15000.0,1500.0,13500.0
8233,896,1,,2,947,2464,1674,3,15000.0,2250.0,42750.0
8234,896,1,,1,947,2464,1674,3,12000.0,1800.0,34200.0
8235,289,2,3,2,816,3,2979,1,15000.0,0.0,15000.0
8236,597,2,4,1,495,4,2335,1,10800.0,0.0,10800.0
8237,597,2,4,2,495,4,2335,3,15000.0,900.0,44100.0
8238,195,1,,2,832,1874,2073,1,15000.0,300.0,14700.0
8239,195,1,,2,832,1874,2073,3,16500.0,0.0,49500.0
8240,1129,2,4,1,966,4,2759,3,12000.0,1800.0,34200.0
8241,713,1,,2,379,1395,1121,3,15000.0,2250.0,42750.0
8242,1158,1,,2,740,2427,2354,2,15000.0,1500.0,28500.0
8243,1158,1,,1,740,2427,2354,3,12000.0,3600.0,32400.0
8244,1158,1,,1,740,2427,2354,1,12000.0,0.0,12000.0
8245,820,2,4,1,543,4,985,3,10800.0,648.0,31752.0
8246,820,2,4,1,543,4,985,3,12000.0,3600.0,32400.0
8247,425,1,,2,592,774,108,3,15000.0,4500.0,40500.0
8248,461,1,,1,421,2650,2236,1,12000.0,0.0,12000.0
8249,804,2,1,2,636,1,2269,2,15000.0,1500.0,28500.0
8250,804,2,1,1,636,1,2269,1,10800.0,216.0,10584.0
8251,83,1,,2,828,704,1394,3,15000.0,0.0,45000.0
8252,83,1,,1,828,704,1394,3,12000.0,1800.0,34200.0
8253,376,2,3,1,464,3,248,2,12000.0,1200.0,22800.0
8254,376,2,3,1,464,3,248,2,12000.0,2400.0,21600.0
8255,1429,1,,1,490,896,790,1,12000.0,0.0,12000.0
8256,1429,1,,1,490,896,790,1,12600.0,252.0,12348.0
8257,1360,1,,1,596,1553,203,2,12000.0,2400.0,21600.0
8258,1360,1,,2,596,1553,203,2,15000.0,0.0,30000.0
8259,1360,1,,1,596,1553,203,1,12000.0,600.0,11400.0
8260,900,1,,1,881,545,714,2,13200.0,0.0,26400.0
8261,1039,1,,1,404,58,2781,2,12000.0,1200.0,22800.0
8262,1066,1,,1,631,2864,2834,3,12000.0,3600.0,32400.0
8263,165,2,4,1,898,4,2198,3,12000.0,720.0,35280.0
8264,957,1,,1,831,881,2300,1,12600.0,630.0,11970.0
8265,1335,1,,2,1004,2897,,3,15000.0,0.0,45000.0
8266,1335,1,,1,1004,2897,,1,12000.0,240.0,11760.0
8267,1335,1,,2,1004,2897,,3,16500.0,4950.0,44550.0
8268,442,2,1,2,596,1,3117,3,15750.0,0.0,47250.0
8269,1443,2,1,1,468,1,1582,2,12000.0,2400.0,21600.0
8270,492,1,,1,442,1923,330,3,13200.0,0.0,39600.0
8271,944,1,,2,634,2643,285,2,13500.0,0.0,27000.0
8272,370,1,,2,867,1299,,2,13500.0,1350.0,25650.0
8273,516,1,,2,550,351,,1,15000.0,750.0,14250.0
8274,1392,1,,2,427,262,822,2,16500.0,3300.0,29700.0
8275,1019,2,2,1,539,2,,3,10800.0,3240.0,29160.0
8276,337,1,,1,499,100,404,3,12000.0,0.0,36000.0
8277,387,1,,2,807,521,640,1,13500.0,270.0,13230.0
8278,281,1,,1,548,2619,1980,2,12000.0,2400.0,21600.0
8279,628,1,,1,842,1308,2791,1,12600.0,0.0,12600.0
8280,952,1,,2,892,2681,1560,3,15000.0,0.0,45000.0
8281,1340,1,,2,613,1101,2896,3,15000.0,2250.0,42750.0
8282,1076,1,,1,618,3174,2157,3,10800.0,648.0,31752.0
8283,1076,1,,1,618,3174,2157,3,12000.0,3600.0,32400.0
8284,185,1,,2,428,41,1069,1,15000.0,750.0,14250.0
8285,185,1,,1,428,41,1069,3,10800.0,0.0,32400.0
8286,475,1,,1,995,308,617,3,13200.0,0.0,39600.0
8287,154,1,,2,900,3080,2566,2,16500.0,0.0,33000.0
8288,154,1,,1,900,3080,2566,1,12600.0,0.0,12600.0
8289,1168,2,4,1,433,4,274,2,12000.0,2400.0,21600.0
8290,1168,2,4,2,433,4,274,3,15000.0,2250.0,42750.0
8291,1168,2,4,2,433,4,274,1,15000.0,300.0,14700.0
8292,309,1,,1,998,1377,255,3,10800.0,648.0,31752.0
8293,309,1,,1,998,1377,255,2,12000.0,480.0,23520.0
8294,828,2,4,1,515,4,128,3,12600.0,3780.0,34020.0
8295,1200,1,,2,448,992,2718,2,15750.0,3150.0,28350.0
8296,1200,1,,1,448,992,2718,3,12000.0,0.0,36000.0
8297,1286,1,,1,603,1628,,3,10800.0,1620.0,30780.0
8298,1286,1,,1,603,1628,,1,12000.0,0.0,12000.0
8299,659,2,1,1,398,1,61,1,12600.0,630.0,11970.0
8300,659,2,1,2,398,1,61,3,15000.0,900.0,44100.0
8301,430,1,,1,909,2797,2519,2,12000.0,1200.0,22800.0
8302,704,1,,1,805,3011,265,2,12000.0,1200.0,22800.0
8303,1087,2,3,2,537,3,969,2,16500.0,3300.0,29700.0
8304,63,1,,1,728,218,2488,3,12000.0,0.0,36000.0
8305,1388,1,,2,776,850,18,1,15750.0,787.5,14962.5
8306,1388,1,,2,776,850,18,3,15000.0,2250.0,42750.0
8307,987,2,1,1,376,1,1862,3,10800.0,648.0,31752.0
8308,311,1,,2,368,1971,1322,2,16500.0,0.0,33000.0
8309,379,2,4,1,656,4,1227,3,12000.0,3600.0,32400.0
8310,585,1,,2,551,956,290,1,16500.0,1650.0,14850.0
8311,877,1,,2,959,2706,1218,2,15000.0,0.0,30000.0
8312,877,1,,1,959,2706,1218,3,12000.0,1800.0,34200.0
8313,416,2,3,1,941,3,1035,3,12000.0,3600.0,32400.0
8314,173,1,,1,692,1857,,3,12000.0,3600.0,32400.0
8315,659,1,,1,971,86,633,3,10800.0,648.0,31752.0
8316,4,1,,2,791,1911,1104,2,15000.0,3000.0,27000.0
8317,849,2,1,1,422,1,1488,3,12000.0,1800.0,34200.0
8318,271,2,4,1,770,4,1918,2,12000.0,480.0,23520.0
8319,1388,1,,1,914,157,1842,3,13200.0,3960.0,35640.0
8320,623,1,,2,861,1778,661,1,15750.0,1575.0,14175.0
8321,623,1,,2,861,1778,661,1,15750.0,787.5,14962.5
8322,1388,1,,2,622,620,713,1,15000.0,0.0,15000.0
8323,1388,1,,2,622,620,713,1,16500.0,330.0,16170.0
8324,1427,2,2,1,560,2,988,1,12000.0,600.0,11400.0
8325,1139,2,4,2,409,4,991,2,15750.0,630.0,30870.0
8326,463,1,,1,967,432,2435,1,12600.0,252.0,12348.0
8327,1430,1,,1,489,997,2519,2,12000.0,2400.0,21600.0
8328,499,1,,2,493,1431,2590,3,15750.0,945.0,46305.0
8329,499,1,,1,493,1431,2590,1,12000.0,0.0,12000.0
8330,67,1,,2,472,2854,2536,2,15000.0,0.0,30000.0
8331,67,1,,1,472,2854,2536,1,12000.0,240.0,11760.0
8332,249,1,,2,966,636,983,1,13500.0,270.0,13230.0
8333,764,1,,1,703,1440,2700,2,12000.0,1200.0,22800.0
8334,911,2,3,2,998,3,283,2,15000.0,1500.0,28500.0
8335,911,2,3,2,998,3,283,1,15750.0,1575.0,14175.0
8336,801,2,3,1,913,3,2969,2,12600.0,504.0,24696.0
8337,130,1,,1,824,1165,2717,2,12000.0,0.0,24000.0
8338,130,1,,1,824,1165,2717,2,12000.0,2400.0,21600.0
8339,130,1,,1,824,1165,2717,3,12000.0,3600.0,32400.0
8340,1106,1,,2,958,900,1275,2,15000.0,600.0,29400.0
8341,1441,1,,1,440,2607,2608,2,12000.0,0.0,24000.0
8342,1441,1,,1,440,2607,2608,3,12000.0,720.0,35280.0
8343,1441,1,,2,440,2607,2608,3,15750.0,0.0,47250.0
8344,364,1,,1,818,230,2751,1,12600.0,630.0,11970.0
8345,35,1,,1,461,3121,2901,1,12000.0,600.0,11400.0
8346,1451,1,,2,825,1000,1976,1,15000.0,1500.0,13500.0
8347,679,1,,1,413,172,699,3,12000.0,3600.0,32400.0
8348,1084,1,,1,380,2211,246,2,12000.0,480.0,23520.0
8349,248,1,,1,880,729,208,3,12600.0,0.0,37800.0
8350,1249,1,,1,824,2033,1209,1,12600.0,0.0,12600.0
8351,4,2,1,1,521,1,252,1,12000.0,240.0,11760.0
8352,4,2,1,1,521,1,252,2,12000.0,0.0,24000.0
8353,1405,2,3,1,693,3,1072,3,12000.0,0.0,36000.0
8354,1212,2,4,1,454,4,2503,3,12600.0,1890.0,35910.0
8355,1212,2,4,1,454,4,2503,1,12000.0,240.0,11760.0
8356,962,1,,2,878,259,298,2,15000.0,1500.0,28500.0
8357,1016,2,3,2,525,3,1454,2,13500.0,0.0,27000.0
8358,1016,2,3,2,525,3,1454,1,13500.0,270.0,13230.0
8359,1346,1,,1,367,2965,1185,2,12000.0,480.0,23520.0
8360,249,1,,2,680,2336,655,2,15000.0,0.0,30000.0
8361,249,1,,1,680,2336,655,1,10800.0,1080.0,9720.0
8362,249,1,,1,680,2336,655,2,12000.0,1200.0,22800.0
8363,1301,1,,1,501,3138,2783,1,12000.0,1200.0,10800.0
8364,1301,1,,1,501,3138,2783,3,12000.0,3600.0,32400.0
8365,1224,2,4,1,785,4,236,3,10800.0,1620.0,30780.0
8366,790,1,,2,882,2519,1879,2,15000.0,3000.0,27000.0
8367,1307,1,,2,551,1395,1069,2,13500.0,0.0,27000.0
8368,1307,1,,1,551,1395,1069,3,10800.0,0.0,32400.0
8369,1307,1,,1,551,1395,1069,1,12000.0,1200.0,10800.0
8370,56,1,,1,477,2447,2010,1,12000.0,600.0,11400.0
8371,266,2,4,1,656,4,1573,2,12000.0,480.0,23520.0
8372,266,2,4,2,656,4,1573,1,15000.0,0.0,15000.0
8373,80,2,1,1,732,1,1755,2,12000.0,2400.0,21600.0
8374,1458,2,3,1,880,3,344,1,10800.0,540.0,10260.0
8375,685,1,,1,424,570,974,2,10800.0,1080.0,20520.0
8376,1284,2,1,1,689,1,1477,1,12000.0,240.0,11760.0
8377,1460,2,1,2,502,1,2076,1,15750.0,787.5,14962.5
8378,1024,1,,2,469,1446,768,2,15750.0,0.0,31500.0
8379,937,1,,2,861,337,155,1,15000.0,750.0,14250.0
8380,1489,2,1,1,453,1,2477,2,12600.0,2520.0,22680.0
8381,1233,2,4,1,521,4,2915,3,10800.0,0.0,32400.0
8382,1233,2,4,1,521,4,2915,3,12600.0,3780.0,34020.0
8383,176,1,,1,949,2837,1212,3,12000.0,0.0,36000.0
8384,176,1,,1,949,2837,1212,2,12000.0,480.0,23520.0
8385,396,1,,1,477,3154,2727,2,10800.0,432.0,21168.0
8386,396,1,,2,477,3154,2727,2,13500.0,540.0,26460.0
8387,552,1,,2,876,828,682,2,13500.0,1350.0,25650.0
8388,709,1,,1,613,2673,1665,2,12000.0,2400.0,21600.0
8389,709,1,,2,613,2673,1665,1,15000.0,750.0,14250.0
8390,1262,1,,2,894,12,2358,2,13500.0,1350.0,25650.0
8391,310,2,2,2,846,2,3035,1,15000.0,300.0,14700.0
8392,1258,1,,1,619,3080,1844,2,12000.0,0.0,24000.0
8393,1039,2,3,2,473,3,3152,3,15750.0,2362.5,44887.5
8394,145,1,,1,770,1506,847,1,10800.0,540.0,10260.0
8395,928,1,,1,387,2542,,2,12000.0,2400.0,21600.0
8396,928,1,,2,387,2542,,1,13500.0,1350.0,12150.0
8397,1061,1,,1,918,858,1719,3,10800.0,1620.0,30780.0
8398,1061,1,,2,918,858,1719,2,15000.0,0.0,30000.0
8399,1421,2,1,2,501,1,3119,3,15000.0,4500.0,40500.0
8400,1219,1,,2,941,2782,,2,15000.0,600.0,29400.0
8401,1219,1,,2,941,2782,,2,15000.0,1500.0,28500.0
8402,1219,1,,1,941,2782,,1,12000.0,600.0,11400.0
8403,510,1,,1,993,1239,783,2,12000.0,480.0,23520.0
8404,684,1,,1,856,596,1075,2,12000.0,2400.0,21600.0
8405,727,1,,1,659,2981,319,3,12600.0,3780.0,34020.0
8406,584,1,,1,746,1086,2320,1,12000.0,600.0,11400.0
8407,584,1,,2,746,1086,2320,3,15750.0,4725.0,42525.0
8408,521,1,,2,790,2220,,1,15000.0,1500.0,13500.0
8409,475,1,,2,754,45,2238,3,15000.0,4500.0,40500.0
8410,475,1,,2,754,45,2238,2,15000.0,600.0,29400.0
8411,1472,1,,2,674,1331,,1,15000.0,300.0,14700.0
8412,188,1,,1,848,2796,1801,2,12000.0,0.0,24000.0
8413,188,1,,2,848,2796,1801,2,16500.0,0.0,33000.0
8414,601,2,1,2,469,1,912,1,15000.0,300.0,14700.0
8415,407,1,,2,962,220,,1,15750.0,0.0,15750.0
8416,210,2,2,2,747,2,992,3,16500.0,990.0,48510.0
8417,1472,2,2,2,629,2,2502,2,15000.0,3000.0,27000.0
8418,1317,2,1,1,793,1,3125,2,12000.0,2400.0,21600.0
8419,1450,1,,1,698,2482,1103,2,10800.0,1080.0,20520.0
8420,724,1,,2,943,566,230,2,15000.0,1500.0,28500.0
8421,942,1,,2,747,66,30,3,15000.0,4500.0,40500.0
8422,226,1,,1,414,773,1504,1,12000.0,600.0,11400.0
8423,675,2,2,2,1002,2,196,3,13500.0,0.0,40500.0
8424,675,2,2,2,1002,2,196,1,15000.0,300.0,14700.0
8425,675,2,2,1,1002,2,196,1,12000.0,240.0,11760.0
8426,1366,1,,2,784,1366,365,2,15000.0,600.0,29400.0
8427,1464,1,,1,679,3074,2582,1,12000.0,0.0,12000.0
8428,1464,1,,1,679,3074,2582,1,12000.0,240.0,11760.0
8429,1317,2,2,1,861,2,2616,2,12000.0,0.0,24000.0
8430,321,1,,2,687,1978,219,2,15000.0,3000.0,27000.0
8431,288,2,3,1,866,3,,2,12000.0,2400.0,21600.0
8432,839,1,,2,411,2502,1251,1,15000.0,1500.0,13500.0
8433,63,2,4,1,381,4,2421,1,13200.0,660.0,12540.0
8434,63,2,4,2,381,4,2421,2,15000.0,1500.0,28500.0
8435,63,2,4,2,381,4,2421,1,15000.0,1500.0,13500.0
8436,74,1,,1,395,2410,2979,2,12000.0,2400.0,21600.0
8437,1359,1,,1,538,2851,1609,1,13200.0,264.0,12936.0
8438,735,1,,1,907,2964,1732,3,10800.0,1620.0,30780.0
8439,583,2,2,1,703,2,679,3,12000.0,1800.0,34200.0
8440,403,1,,2,401,1948,1740,1,15000.0,300.0,14700.0
8441,144,2,4,1,630,4,997,2,10800.0,2160.0,19440.0
8442,144,2,4,1,630,4,997,3,12000.0,1800.0,34200.0
8443,724,2,4,1,495,4,788,3,12600.0,1890.0,35910.0
8444,508,1,,1,470,368,848,2,12000.0,0.0,24000.0
8445,1476,1,,2,788,832,,1,15000.0,0.0,15000.0
8446,1069,1,,2,437,1186,1680,2,15750.0,1575.0,29925.0
8447,92,1,,1,873,2789,2966,3,13200.0,0.0,39600.0
8448,376,1,,1,437,461,,3,12600.0,3780.0,34020.0
8449,251,2,4,2,723,4,2543,3,15000.0,0.0,45000.0
8450,665,1,,2,647,2694,2550,2,15000.0,1500.0,28500.0
8451,4,2,1,1,700,1,1300,1,12000.0,0.0,12000.0
8452,4,2,1,2,700,1,1300,1,15750.0,787.5,14962.5
8453,4,2,1,2,700,1,1300,1,13500.0,675.0,12825.0
8454,225,1,,1,847,3203,430,3,10800.0,3240.0,29160.0
8455,225,1,,1,847,3203,430,3,12000.0,3600.0,32400.0
8456,1083,2,1,1,841,1,3127,2,12600.0,1260.0,23940.0
8457,111,1,,1,681,206,1531,2,12600.0,1260.0,23940.0
8458,1491,2,2,1,562,2,2999,3,13200.0,0.0,39600.0
8459,1340,1,,2,396,228,,3,15000.0,2250.0,42750.0
8460,597,1,,1,831,525,1030,1,10800.0,0.0,10800.0
8461,873,1,,1,665,1680,673,1,12000.0,240.0,11760.0
8462,1021,2,1,2,453,1,2919,3,16500.0,4950.0,44550.0
8463,456,1,,1,768,2390,875,2,12000.0,2400.0,21600.0
8464,456,1,,1,768,2390,875,2,10800.0,2160.0,19440.0
8465,413,2,3,1,762,3,2941,2,13200.0,1320.0,25080.0
8466,748,2,3,2,433,3,1954,3,15000.0,4500.0,40500.0
8467,748,2,3,1,433,3,1954,3,13200.0,792.0,38808.0
8468,1310,2,1,2,526,1,1277,1,15000.0,1500.0,13500.0
8469,1271,1,,2,430,931,2685,1,15000.0,750.0,14250.0
8470,964,1,,1,637,1131,2404,1,12600.0,0.0,12600.0
8471,1178,1,,2,705,571,2666,1,13500.0,0.0,13500.0
8472,1178,1,,1,705,571,2666,2,12000.0,1200.0,22800.0
8473,292,1,,1,866,1423,1489,2,13200.0,528.0,25872.0
8474,1034,2,4,2,783,4,2182,2,15000.0,600.0,29400.0
8475,1034,2,4,1,783,4,2182,3,12600.0,0.0,37800.0
8476,494,1,,1,688,3176,1774,3,12000.0,1800.0,34200.0
8477,494,1,,2,688,3176,1774,1,13500.0,0.0,13500.0
8478,1025,1,,1,712,1715,410,2,13200.0,528.0,25872.0
8479,1045,2,2,2,946,2,590,1,15000.0,300.0,14700.0
8480,700,1,,1,842,2114,2588,1,12600.0,1260.0,11340.0
8481,1194,1,,1,537,1943,477,1,12000.0,1200.0,10800.0
8482,449,1,,1,876,1576,1095,3,12000.0,3600.0,32400.0
8483,449,1,,1,876,1576,1095,1,12000.0,240.0,11760.0
8484,449,1,,1,876,1576,1095,2,10800.0,1080.0,20520.0
8485,220,2,4,2,637,4,,1,13500.0,270.0,13230.0
8486,220,2,4,2,637,4,,3,13500.0,4050.0,36450.0
8487,1152,1,,2,995,2517,1737,2,13500.0,1350.0,25650.0
8488,1152,1,,2,995,2517,1737,3,15750.0,945.0,46305.0
8489,1152,1,,1,995,2517,1737,3,12600.0,3780.0,34020.0
8490,417,2,3,1,498,3,1354,3,12000.0,720.0,35280.0
8491,417,2,3,1,498,3,1354,1,12000.0,240.0,11760.0
8492,231,2,3,2,852,3,698,2,15000.0,600.0,29400.0
8493,142,1,,2,396,554,3018,3,15000.0,4500.0,40500.0
8494,867,1,,1,535,2295,2588,2,12600.0,504.0,24696.0
8495,1011,1,,2,787,2658,503,1,15000.0,1500.0,13500.0
8496,1363,1,,2,739,754,,1,15000.0,0.0,15000.0
8497,1027,2,3,1,828,3,1856,3,12000.0,1800.0,34200.0
8498,1027,2,3,1,828,3,1856,3,12000.0,720.0,35280.0
8499,135,1,,1,907,1551,1469,2,12000.0,1200.0,22800.0
8500,582,1,,2,806,81,,1,13500.0,0.0,13500.0
8501,525,1,,2,637,2834,3048,2,13500.0,1350.0,25650.0
8502,463,2,3,2,866,3,1346,3,15000.0,0.0,45000.0
8503,463,2,3,2,866,3,1346,1,15750.0,1575.0,14175.0
8504,1127,1,,1,688,357,,3,10800.0,648.0,31752.0
8505,1263,1,,1,774,649,1632,2,12000.0,2400.0,21600.0
8506,294,1,,1,796,818,587,3,13200.0,3960.0,35640.0
8507,294,1,,1,796,818,587,3,12600.0,3780.0,34020.0
8508,594,2,3,2,802,3,2803,1,15000.0,750.0,14250.0
8509,594,2,3,2,802,3,2803,3,15000.0,2250.0,42750.0
8510,195,2,2,1,382,2,1576,3,10800.0,0.0,32400.0
8511,195,2,2,2,382,2,1576,2,15000.0,1500.0,28500.0
8512,649,2,1,2,399,1,3083,1,15000.0,300.0,14700.0
8513,1043,1,,1,671,2465,127,1,12000.0,240.0,11760.0
8514,1043,1,,2,671,2465,127,1,15000.0,1500.0,13500.0
8515,932,1,,2,947,394,2293,1,15000.0,0.0,15000.0
8516,932,1,,1,947,394,2293,3,13200.0,1980.0,37620.0
8517,444,1,,2,861,1453,50,1,15000.0,750.0,14250.0
8518,87,1,,1,929,1680,2161,2,12600.0,504.0,24696.0
8519,819,1,,2,667,2034,475,2,16500.0,3300.0,29700.0
8520,819,1,,1,667,2034,475,1,10800.0,0.0,10800.0
8521,967,1,,2,537,2710,598,3,16500.0,0.0,49500.0
8522,967,1,,1,537,2710,598,1,12000.0,600.0,11400.0
8523,605,2,4,2,722,4,687,3,15000.0,2250.0,42750.0
8524,1331,1,,2,589,1483,2661,1,15000.0,1500.0,13500.0
8525,1331,1,,2,589,1483,2661,1,15000.0,300.0,14700.0
8526,527,2,2,1,592,2,2413,3,10800.0,0.0,32400.0
8527,660,1,,1,611,1808,1017,3,10800.0,1620.0,30780.0
8528,660,1,,1,611,1808,1017,3,10800.0,3240.0,29160.0
8529,660,1,,2,611,1808,1017,2,15000.0,600.0,29400.0
8530,1355,1,,2,827,2320,2953,3,15000.0,900.0,44100.0
8531,336,1,,1,550,2903,2369,2,10800.0,432.0,21168.0
8532,764,2,4,1,771,4,630,1,12600.0,630.0,11970.0
8533,321,1,,1,758,2164,3179,3,12000.0,0.0,36000.0
8534,307,1,,2,670,400,2989,1,15000.0,0.0,15000.0
8535,307,1,,1,670,400,2989,2,12000.0,2400.0,21600.0
8536,307,1,,2,670,400,2989,1,15000.0,1500.0,13500.0
8537,1027,2,1,1,392,1,298,3,12000.0,3600.0,32400.0
8538,1027,2,1,2,392,1,298,3,15000.0,4500.0,40500.0
8539,1359,2,4,1,643,4,827,1,10800.0,1080.0,9720.0
8540,723,1,,2,834,1366,1885,1,15000.0,750.0,14250.0
8541,1135,1,,1,772,681,,2,12000.0,480.0,23520.0
8542,72,1,,1,653,2673,823,3,12000.0,0.0,36000.0
8543,459,2,4,1,583,4,,3,12600.0,0.0,37800.0
8544,453,2,4,2,545,4,2593,2,15000.0,0.0,30000.0
8545,995,1,,2,551,2219,537,3,16500.0,990.0,48510.0
8546,316,2,4,2,825,4,1175,1,15000.0,0.0,15000.0
8547,1306,2,4,1,971,4,2234,2,12600.0,504.0,24696.0
8548,212,2,4,2,990,4,3066,2,15000.0,600.0,29400.0
8549,212,2,4,1,990,4,3066,2,12000.0,0.0,24000.0
8550,212,1,,1,419,3052,,2,12000.0,1200.0,22800.0
8551,1378,1,,1,478,2507,901,3,12000.0,3600.0,32400.0
8552,1378,1,,2,478,2507,901,2,15000.0,0.0,30000.0
8553,746,1,,2,837,166,2652,3,15000.0,4500.0,40500.0
8554,746,1,,1,837,166,2652,3,12600.0,0.0,37800.0
8555,1327,1,,1,456,803,,1,10800.0,0.0,10800.0
8556,1323,2,3,2,387,3,709,2,15000.0,1500.0,28500.0
8557,1036,1,,1,639,2007,,1,12000.0,600.0,11400.0
8558,426,2,3,1,562,3,2324,1,12000.0,240.0,11760.0
8559,1045,1,,1,627,443,498,2,12600.0,2520.0,22680.0
8560,885,1,,1,963,845,2354,1,12000.0,1200.0,10800.0
8561,885,1,,2,963,845,2354,3,13500.0,2025.0,38475.0
8562,1009,1,,1,873,2235,2916,1,13200.0,0.0,13200.0
8563,220,2,2,2,391,2,1535,2,13500.0,1350.0,25650.0
8564,705,1,,2,581,288,1559,1,13500.0,1350.0,12150.0
8565,705,1,,1,581,288,1559,2,12000.0,0.0,24000.0
8566,1037,1,,1,540,1107,2955,2,10800.0,2160.0,19440.0
8567,789,1,,1,527,1047,2586,2,12000.0,0.0,24000.0
8568,789,1,,2,527,1047,2586,3,13500.0,0.0,40500.0
8569,79,1,,1,527,691,2755,3,12000.0,1800.0,34200.0
8570,768,1,,1,366,1363,779,2,10800.0,432.0,21168.0
8571,768,1,,1,366,1363,779,2,12000.0,480.0,23520.0
8572,1253,2,2,1,737,2,2987,3,12600.0,3780.0,34020.0
8573,1253,2,2,1,737,2,2987,2,12600.0,2520.0,22680.0
8574,340,1,,2,548,2630,814,2,15000.0,0.0,30000.0
8575,340,1,,1,548,2630,814,1,13200.0,660.0,12540.0
8576,87,1,,1,798,1379,2672,3,12000.0,720.0,35280.0
8577,87,1,,2,798,1379,2672,2,15000.0,600.0,29400.0
8578,504,1,,2,876,917,2822,1,15000.0,750.0,14250.0
8579,575,1,,2,370,333,2948,2,15000.0,0.0,30000.0
8580,467,1,,2,510,884,562,3,13500.0,810.0,39690.0
8581,771,1,,2,801,1249,1552,3,15000.0,900.0,44100.0
8582,1306,1,,2,979,2579,,2,15000.0,600.0,29400.0
8583,1306,1,,2,979,2579,,3,15000.0,4500.0,40500.0
8584,465,2,2,2,417,2,1427,3,16500.0,2475.0,47025.0
8585,877,2,4,2,976,4,848,1,13500.0,1350.0,12150.0
8586,602,1,,1,438,1309,8,3,12000.0,0.0,36000.0
8587,554,1,,1,902,1455,573,2,12600.0,0.0,25200.0
8588,1313,1,,2,683,1036,2168,3,16500.0,4950.0,44550.0
8589,410,2,2,1,749,2,1279,2,12000.0,2400.0,21600.0
8590,1312,2,2,2,620,2,1644,2,15000.0,0.0,30000.0
8591,289,2,1,1,946,1,,1,12000.0,600.0,11400.0
8592,429,2,1,1,868,1,2351,1,12000.0,0.0,12000.0
8593,699,1,,1,973,316,2784,1,10800.0,216.0,10584.0
8594,267,2,2,2,790,2,3036,1,15000.0,750.0,14250.0
8595,1228,1,,2,853,73,2185,2,15750.0,1575.0,29925.0
8596,476,1,,2,643,2495,1498,1,15000.0,750.0,14250.0
8597,1276,1,,1,745,2895,2235,2,12000.0,0.0,24000.0
8598,648,2,2,2,484,2,2524,1,15000.0,1500.0,13500.0
8599,851,2,4,2,382,4,612,3,15000.0,4500.0,40500.0
8600,1348,2,4,2,726,4,913,2,15000.0,0.0,30000.0
8601,1318,2,2,1,421,2,2317,2,12000.0,2400.0,21600.0
8602,1318,2,2,1,421,2,2317,2,12000.0,1200.0,22800.0
8603,514,2,1,2,715,1,1851,1,16500.0,1650.0,14850.0
8604,1093,1,,2,678,103,1607,3,15750.0,4725.0,42525.0
8605,1426,1,,1,622,1345,1357,1,13200.0,1320.0,11880.0
8606,996,2,2,2,918,2,1642,2,15000.0,600.0,29400.0
8607,996,2,2,2,918,2,1642,1,15000.0,1500.0,13500.0
8608,718,2,2,2,738,2,777,2,15000.0,1500.0,28500.0
8609,724,1,,1,516,2751,1429,1,12000.0,0.0,12000.0
8610,724,1,,2,516,2751,1429,2,15000.0,3000.0,27000.0
8611,724,1,,1,516,2751,1429,2,12000.0,0.0,24000.0
8612,114,1,,1,437,382,2245,3,10800.0,3240.0,29160.0
8613,114,1,,2,437,382,2245,2,13500.0,2700.0,24300.0
8614,800,2,2,2,747,2,550,1,13500.0,1350.0,12150.0
8615,1004,1,,1,776,670,800,3,13200.0,0.0,39600.0
8616,147,2,1,1,740,1,1839,1,12000.0,240.0,11760.0
8617,28,2,1,1,737,1,3019,2,12000.0,0.0,24000.0
8618,786,1,,2,752,426,107,3,15000.0,0.0,45000.0
8619,153,2,3,1,934,3,2677,1,12000.0,240.0,11760.0
8620,1433,1,,1,673,1320,687,3,12600.0,1890.0,35910.0
8621,1419,2,1,1,890,1,1511,3,12000.0,0.0,36000.0
8622,1419,2,1,1,890,1,1511,3,12000.0,720.0,35280.0
8623,389,2,4,1,978,4,2514,1,10800.0,0.0,10800.0
8624,233,2,3,2,530,3,1863,2,13500.0,0.0,27000.0
8625,233,2,3,2,530,3,1863,2,13500.0,540.0,26460.0
8626,233,2,3,2,530,3,1863,3,15000.0,900.0,44100.0
8627,746,1,,2,789,1494,1192,1,15000.0,1500.0,13500.0
8628,746,1,,2,789,1494,1192,3,16500.0,990.0,48510.0
8629,894,2,1,1,792,1,2417,1,13200.0,660.0,12540.0
8630,894,2,1,2,792,1,2417,3,15000.0,900.0,44100.0
8631,1083,1,,2,986,497,608,1,15000.0,1500.0,13500.0
8632,1347,1,,1,583,2610,347,2,12000.0,480.0,23520.0
8633,24,2,4,2,449,4,2260,3,15000.0,0.0,45000.0
8634,1239,1,,2,877,450,839,3,15000.0,900.0,44100.0
8635,1151,1,,1,809,819,1777,2,12000.0,2400.0,21600.0
8636,696,2,4,2,849,4,2088,1,15000.0,0.0,15000.0
8637,696,2,4,1,849,4,2088,3,12000.0,1800.0,34200.0
8638,1278,1,,2,428,372,1922,1,15000.0,750.0,14250.0
8639,336,1,,1,565,3123,2503,1,12600.0,1260.0,11340.0
8640,336,1,,1,565,3123,2503,2,12000.0,480.0,23520.0
8641,1174,1,,1,889,2942,1437,1,12600.0,252.0,12348.0
8642,1174,1,,2,889,2942,1437,1,15000.0,300.0,14700.0
8643,668,1,,1,727,954,214,3,12000.0,720.0,35280.0
8644,501,2,2,2,677,2,1802,3,16500.0,4950.0,44550.0
8645,1292,2,1,1,680,1,791,2,12000.0,1200.0,22800.0
8646,198,1,,2,764,2241,1664,3,13500.0,0.0,40500.0
8647,884,1,,1,808,232,2758,1,12000.0,240.0,11760.0
8648,884,1,,2,808,232,2758,3,15000.0,0.0,45000.0
8649,1230,1,,2,738,1147,2819,2,15000.0,1500.0,28500.0
8650,212,2,2,1,1000,2,2315,1,12000.0,1200.0,10800.0
8651,1025,2,2,1,709,2,752,1,12000.0,1200.0,10800.0
8652,1424,2,2,2,582,2,1202,1,15750.0,1575.0,14175.0
8653,1424,2,2,1,582,2,1202,1,12000.0,600.0,11400.0
8654,975,1,,1,682,452,1532,1,10800.0,1080.0,9720.0
8655,820,1,,1,759,861,2094,3,12000.0,3600.0,32400.0
8656,1099,1,,1,659,2541,126,3,12000.0,3600.0,32400.0
8657,1099,1,,2,659,2541,126,3,15000.0,2250.0,42750.0
8658,1175,1,,1,747,1058,1814,1,12000.0,600.0,11400.0
8659,860,2,4,1,422,4,2840,1,13200.0,0.0,13200.0
8660,132,2,3,1,676,3,2227,1,12000.0,600.0,11400.0
8661,573,1,,2,969,2053,1258,2,15000.0,600.0,29400.0
8662,199,2,4,1,423,4,3036,2,12000.0,2400.0,21600.0
8663,539,1,,1,710,1890,2611,2,10800.0,1080.0,20520.0
8664,196,1,,2,916,2316,2674,2,15000.0,3000.0,27000.0
8665,267,1,,2,509,2179,3159,2,15000.0,3000.0,27000.0
8666,220,2,4,2,638,4,924,3,15750.0,4725.0,42525.0
8667,604,1,,2,435,1925,1019,3,13500.0,0.0,40500.0
8668,604,1,,2,435,1925,1019,3,15000.0,0.0,45000.0
8669,73,1,,1,533,1300,151,2,12600.0,0.0,25200.0
8670,1331,1,,2,695,36,1016,1,15000.0,300.0,14700.0
8671,1331,1,,2,695,36,1016,1,15000.0,300.0,14700.0
8672,158,1,,1,693,2464,2188,2,12000.0,0.0,24000.0
8673,549,2,2,1,457,2,916,3,12000.0,720.0,35280.0
8674,549,2,2,1,457,2,916,2,12600.0,504.0,24696.0
8675,1448,1,,1,438,950,2346,2,12000.0,2400.0,21600.0
8676,1448,1,,1,438,950,2346,2,12000.0,0.0,24000.0
8677,795,2,1,1,958,1,1437,2,10800.0,0.0,21600.0
8678,77,1,,2,799,2689,2381,1,13500.0,675.0,12825.0
8679,1163,1,,1,937,1196,,1,12000.0,600.0,11400.0
8680,1121,2,1,2,824,1,3065,1,15000.0,0.0,15000.0
8681,232,2,1,1,498,1,416,3,12000.0,0.0,36000.0
8682,329,1,,1,554,514,2215,1,12600.0,630.0,11970.0
8683,1094,1,,1,408,2225,1363,2,12000.0,480.0,23520.0
8684,944,1,,1,874,2902,140,1,12600.0,630.0,11970.0
8685,944,1,,1,874,2902,140,2,12600.0,2520.0,22680.0
8686,944,1,,2,874,2902,140,1,15000.0,0.0,15000.0
8687,1304,1,,1,714,2132,2306,1,12000.0,1200.0,10800.0
8688,61,2,1,1,370,1,528,3,12000.0,3600.0,32400.0
8689,560,2,3,2,814,3,39,2,16500.0,0.0,33000.0
8690,299,1,,2,685,241,3014,2,15000.0,1500.0,28500.0
8691,299,1,,1,685,241,3014,1,12000.0,600.0,11400.0
8692,812,1,,1,921,3202,,3,12000.0,720.0,35280.0
8693,169,1,,2,426,1113,638,3,16500.0,4950.0,44550.0
8694,169,1,,2,426,1113,638,3,13500.0,0.0,40500.0
8695,169,1,,2,426,1113,638,2,15000.0,0.0,30000.0
8696,1136,2,1,1,829,1,211,1,12000.0,0.0,12000.0
8697,986,1,,2,581,2205,1764,1,15000.0,300.0,14700.0
8698,1066,2,1,2,973,1,,1,15000.0,0.0,15000.0
8699,1066,2,1,2,973,1,,2,15000.0,0.0,30000.0
8700,1041,2,1,1,889,1,2736,3,10800.0,1620.0,30780.0
8701,1041,2,1,2,889,1,2736,2,15000.0,1500.0,28500.0
8702,152,2,2,2,620,2,710,1,15000.0,1500.0,13500.0
8703,152,2,2,1,620,2,710,2,12000.0,1200.0,22800.0
8704,1402,2,3,2,416,3,,1,16500.0,330.0,16170.0
8705,1402,2,3,2,416,3,,1,16500.0,330.0,16170.0
8706,1032,1,,2,428,2927,173,2,15000.0,1500.0,28500.0
8707,508,1,,1,547,2715,1529,3,12000.0,3600.0,32400.0
8708,508,1,,1,547,2715,1529,3,10800.0,0.0,32400.0
8709,32,1,,2,819,2189,533,1,16500.0,330.0,16170.0
8710,1373,1,,1,938,2050,974,2,12000.0,1200.0,22800.0
8711,1133,2,3,2,708,3,1864,1,15000.0,750.0,14250.0
8712,1133,2,3,2,708,3,1864,3,15000.0,0.0,45000.0
8713,1133,2,3,2,708,3,1864,1,15000.0,300.0,14700.0
8714,1336,1,,1,566,1223,1631,3,13200.0,1980.0,37620.0
8715,1061,1,,1,415,2552,1517,3,12000.0,1800.0,34200.0
8716,1033,1,,1,895,1513,1844,2,12000.0,1200.0,22800.0
8717,993,2,2,2,972,2,179,1,15750.0,1575.0,14175.0
8718,993,2,2,1,972,2,179,1,13200.0,264.0,12936.0
8719,1034,1,,2,570,141,2664,1,15000.0,750.0,14250.0
8720,1468,2,1,1,625,1,1204,2,12600.0,0.0,25200.0
8721,419,1,,2,601,1129,792,2,13500.0,0.0,27000.0
8722,1348,1,,2,671,690,250,3,15000.0,900.0,44100.0
8723,39,2,4,2,677,4,564,1,16500.0,825.0,15675.0
8724,1006,1,,1,747,1347,436,1,12000.0,1200.0,10800.0
8725,311,2,1,2,513,1,1817,3,16500.0,990.0,48510.0
8726,311,2,1,1,513,1,1817,1,12000.0,240.0,11760.0
8727,373,1,,2,443,1591,,2,13500.0,0.0,27000.0
8728,623,1,,1,661,2751,1520,2,12000.0,480.0,23520.0
8729,623,1,,1,661,2751,1520,1,12000.0,0.0,12000.0
8730,1313,1,,2,782,2168,95,1,15000.0,0.0,15000.0
8731,283,2,2,1,928,2,963,1,12000.0,240.0,11760.0
8732,283,2,2,2,928,2,963,2,15000.0,600.0,29400.0
8733,734,1,,2,880,3046,2845,2,15000.0,1500.0,28500.0
8734,734,1,,2,880,3046,2845,2,15000.0,600.0,29400.0
8735,734,1,,1,880,3046,2845,3,12000.0,1800.0,34200.0
8736,1182,2,2,2,799,2,519,3,15000.0,4500.0,40500.0
8737,1182,2,2,1,799,2,519,2,12000.0,2400.0,21600.0
8738,67,2,2,1,799,2,338,2,12000.0,480.0,23520.0
8739,67,2,2,1,799,2,338,3,12600.0,0.0,37800.0
8740,919,1,,1,393,1034,1693,2,13200.0,2640.0,23760.0
8741,737,2,4,1,590,4,566,1,13200.0,264.0,12936.0
8742,1267,2,1,2,904,1,792,1,15000.0,750.0,14250.0
8743,1345,1,,2,788,385,1277,1,15000.0,0.0,15000.0
8744,1345,1,,2,788,385,1277,2,15750.0,630.0,30870.0
8745,1085,1,,1,458,1568,2168,2,10800.0,2160.0,19440.0
8746,126,1,,1,920,404,1768,3,12000.0,0.0,36000.0
8747,20,1,,2,601,481,2951,2,13500.0,540.0,26460.0
8748,20,1,,2,601,481,2951,1,15000.0,300.0,14700.0
8749,1183,1,,1,926,2633,2137,1,12000.0,240.0,11760.0
8750,1082,1,,1,503,480,3102,2,12000.0,2400.0,21600.0
8751,349,1,,1,649,45,1721,3,12600.0,0.0,37800.0
8752,569,1,,2,672,741,,3,15000.0,4500.0,40500.0
8753,569,1,,2,672,741,,3,15750.0,2362.5,44887.5
8754,10,1,,2,990,1698,2530,2,15000.0,1500.0,28500.0
8755,1194,2,4,1,748,4,2127,3,10800.0,3240.0,29160.0
8756,1350,1,,2,959,1693,2885,3,15750.0,945.0,46305.0
8757,1490,1,,1,651,563,1776,1,12000.0,1200.0,10800.0
8758,517,2,4,1,995,4,3074,2,12000.0,1200.0,22800.0
8759,517,2,4,1,995,4,3074,3,10800.0,648.0,31752.0
8760,907,1,,2,627,2558,2593,2,15750.0,1575.0,29925.0
8761,115,1,,2,624,2282,,3,15000.0,2250.0,42750.0
8762,415,1,,2,708,2776,1102,2,16500.0,1650.0,31350.0
8763,801,2,3,1,540,3,2730,2,10800.0,0.0,21600.0
8764,847,1,,2,392,1548,3204,3,15000.0,0.0,45000.0
8765,622,1,,2,400,541,289,2,15000.0,0.0,30000.0
8766,1288,2,2,1,462,2,1644,3,12000.0,720.0,35280.0
8767,1045,2,2,1,743,2,2,2,13200.0,1320.0,25080.0
8768,523,1,,2,798,1016,236,3,16500.0,0.0,49500.0
8769,523,1,,1,798,1016,236,1,10800.0,540.0,10260.0
8770,1419,2,3,2,651,3,1166,1,13500.0,1350.0,12150.0
8771,733,2,4,2,425,4,1012,2,15000.0,1500.0,28500.0
8772,339,1,,2,741,2626,,1,15000.0,1500.0,13500.0
8773,1434,2,2,1,605,2,1642,1,13200.0,660.0,12540.0
8774,853,2,2,2,392,2,121,2,15750.0,1575.0,29925.0
8775,853,2,2,2,392,2,121,1,15750.0,315.0,15435.0
8776,799,1,,2,771,503,2359,1,15750.0,787.5,14962.5
8777,799,1,,2,771,503,2359,1,15000.0,1500.0,13500.0
8778,902,1,,1,930,2334,447,2,12000.0,1200.0,22800.0
8779,1133,1,,1,547,300,,3,12000.0,0.0,36000.0
8780,1163,1,,1,749,2757,1378,3,12000.0,720.0,35280.0
8781,1163,1,,1,749,2757,1378,1,12000.0,1200.0,10800.0
8782,186,1,,1,928,1762,58,2,12600.0,1260.0,23940.0
8783,186,1,,2,928,1762,58,1,15000.0,1500.0,13500.0
8784,671,1,,2,961,1482,1877,1,15000.0,750.0,14250.0
8785,671,1,,1,961,1482,1877,1,12600.0,0.0,12600.0
8786,1359,1,,2,954,218,1335,1,15750.0,1575.0,14175.0
8787,835,1,,2,417,2863,1957,1,15750.0,0.0,15750.0
8788,16,1,,2,988,1776,1704,2,15750.0,630.0,30870.0
8789,975,1,,1,508,1632,2672,2,13200.0,0.0,26400.0
8790,597,2,4,2,779,4,956,3,15000.0,4500.0,40500.0
8791,564,1,,2,480,2163,2051,1,15000.0,1500.0,13500.0
8792,229,1,,1,726,464,3170,2,12000.0,480.0,23520.0
8793,209,1,,2,812,2266,1581,2,15000.0,3000.0,27000.0
8794,236,1,,2,708,2289,1642,1,15000.0,0.0,15000.0
8795,942,2,4,1,385,4,2098,3,12600.0,756.0,37044.0
8796,1106,2,4,1,788,4,1469,1,12000.0,0.0,12000.0
8797,778,2,1,1,370,1,2157,3,12000.0,720.0,35280.0
8798,787,1,,2,722,2385,886,1,15750.0,315.0,15435.0
8799,355,1,,2,892,803,234,1,16500.0,1650.0,14850.0
8800,1477,1,,1,991,2186,2853,2,12000.0,480.0,23520.0
8801,334,2,2,1,754,2,3059,2,13200.0,528.0,25872.0
8802,10,1,,2,875,1210,922,2,15000.0,0.0,30000.0
8803,54,1,,2,639,1295,2312,2,13500.0,2700.0,24300.0
8804,361,1,,1,621,1392,1303,1,12000.0,0.0,12000.0
8805,1392,1,,2,393,3193,2511,2,15000.0,3000.0,27000.0
8806,856,1,,2,903,408,,3,13500.0,0.0,40500.0
8807,543,2,3,2,560,3,1618,1,15000.0,750.0,14250.0
8808,1356,1,,1,650,2788,2487,2,12000.0,0.0,24000.0
8809,656,2,3,2,479,3,2785,1,15000.0,0.0,15000.0
8810,1096,2,2,1,962,2,373,2,12000.0,1200.0,22800.0
8811,1096,2,2,2,962,2,373,3,15000.0,0.0,45000.0
8812,1096,2,2,2,962,2,373,1,15000.0,0.0,15000.0
8813,478,1,,1,970,2848,3008,3,10800.0,3240.0,29160.0
8814,328,1,,1,716,2333,2759,2,12600.0,2520.0,22680.0
8815,585,2,2,2,463,2,2272,1,16500.0,0.0,16500.0
8816,65,1,,1,407,1047,1199,1,12000.0,600.0,11400.0
8817,65,1,,2,407,1047,1199,3,15000.0,0.0,45000.0
8818,1379,1,,1,800,3196,2867,1,12000.0,0.0,12000.0
8819,1379,1,,2,800,3196,2867,1,16500.0,1650.0,14850.0
8820,212,2,4,1,457,4,2781,3,10800.0,0.0,32400.0
8821,212,2,4,1,457,4,2781,1,12000.0,0.0,12000.0
8822,705,1,,1,476,691,1918,2,12600.0,2520.0,22680.0
8823,705,1,,1,476,691,1918,3,13200.0,3960.0,35640.0
8824,1249,1,,2,967,1766,1659,3,13500.0,0.0,40500.0
8825,702,2,4,2,693,4,1069,2,15000.0,0.0,30000.0
8826,702,2,4,1,693,4,1069,1,13200.0,1320.0,11880.0
8827,702,2,4,2,693,4,1069,2,13500.0,0.0,27000.0
8828,764,2,2,1,731,2,231,3,12000.0,1800.0,34200.0
8829,1378,2,4,1,816,4,2900,3,12000.0,720.0,35280.0
8830,1378,2,4,1,816,4,2900,3,12000.0,3600.0,32400.0
8831,1378,2,4,2,816,4,2900,1,15000.0,300.0,14700.0
8832,204,1,,1,858,1291,1675,3,12000.0,0.0,36000.0
8833,204,1,,1,858,1291,1675,3,12600.0,3780.0,34020.0
8834,1383,1,,1,913,1008,374,1,13200.0,0.0,13200.0
8835,738,1,,1,936,2691,2304,1,13200.0,660.0,12540.0
8836,332,1,,1,682,2427,636,2,10800.0,2160.0,19440.0
8837,332,1,,2,682,2427,636,1,13500.0,675.0,12825.0
8838,1338,1,,1,755,2816,877,2,12000.0,480.0,23520.0
8839,1338,1,,2,755,2816,877,1,16500.0,330.0,16170.0
8840,1338,1,,1,755,2816,877,1,12000.0,600.0,11400.0
8841,727,2,2,2,530,2,1892,3,13500.0,0.0,40500.0
8842,1491,1,,2,557,489,1157,2,15000.0,0.0,30000.0
8843,136,2,2,1,648,2,2591,3,10800.0,1620.0,30780.0
8844,1396,1,,2,626,1186,2136,2,15750.0,3150.0,28350.0
8845,1396,1,,2,626,1186,2136,3,15000.0,900.0,44100.0
8846,1396,1,,2,626,1186,2136,3,13500.0,2025.0,38475.0
8847,555,2,1,2,417,1,1331,1,15750.0,0.0,15750.0
8848,1178,2,1,1,613,1,1315,2,12600.0,2520.0,22680.0
8849,235,1,,1,521,1169,,3,12000.0,720.0,35280.0
8850,539,1,,2,731,1746,2871,1,13500.0,0.0,13500.0
8851,553,2,2,1,836,2,,3,12000.0,1800.0,34200.0
8852,376,2,4,2,708,4,1452,3,13500.0,4050.0,36450.0
8853,1377,1,,1,830,151,288,2,12000.0,1200.0,22800.0
8854,619,2,1,1,459,1,2110,3,10800.0,648.0,31752.0
8855,47,1,,2,454,1483,1008,3,15750.0,945.0,46305.0
8856,666,2,2,2,404,2,1064,1,13500.0,675.0,12825.0
8857,778,1,,2,628,938,116,2,15000.0,0.0,30000.0
8858,778,1,,2,628,938,116,2,15750.0,3150.0,28350.0
8859,1457,1,,1,629,552,2228,1,12600.0,252.0,12348.0
8860,1457,1,,1,629,552,2228,3,12000.0,720.0,35280.0
8861,932,1,,2,522,1798,2730,3,15000.0,4500.0,40500.0
8862,932,1,,1,522,1798,2730,1,12000.0,240.0,11760.0
8863,932,1,,1,522,1798,2730,1,12000.0,1200.0,10800.0
8864,478,1,,1,630,2298,622,2,12000.0,480.0,23520.0
8865,1480,1,,2,977,1162,1624,3,15000.0,0.0,45000.0
8866,994,1,,2,838,2345,2983,1,16500.0,0.0,16500.0
8867,165,2,1,2,684,1,1222,3,15000.0,0.0,45000.0
8868,1126,1,,1,711,1207,2788,2,13200.0,2640.0,23760.0
8869,1126,1,,1,711,1207,2788,1,12600.0,252.0,12348.0
8870,445,1,,2,553,2411,,1,13500.0,0.0,13500.0
8871,445,1,,1,553,2411,,2,12000.0,1200.0,22800.0
8872,321,1,,1,519,2149,962,3,12600.0,756.0,37044.0
8873,975,1,,1,937,158,278,1,13200.0,1320.0,11880.0
8874,975,1,,2,937,158,278,2,15000.0,1500.0,28500.0
8875,916,2,4,1,567,4,3138,3,12000.0,1800.0,34200.0
8876,916,2,4,2,567,4,3138,3,15000.0,4500.0,40500.0
8877,814,1,,2,492,387,4,1,15000.0,750.0,14250.0
8878,814,1,,2,492,387,4,2,13500.0,0.0,27000.0
8879,1227,2,3,2,895,3,2056,3,13500.0,4050.0,36450.0
8880,1227,2,3,1,895,3,2056,1,12000.0,240.0,11760.0
8881,528,2,1,1,408,1,50,1,12000.0,240.0,11760.0
8882,528,2,1,1,408,1,50,3,12000.0,3600.0,32400.0
8883,809,2,1,1,714,1,,3,13200.0,792.0,38808.0
8884,1105,2,1,1,906,1,180,1,12000.0,600.0,11400.0
8885,1105,2,1,1,906,1,180,2,12600.0,1260.0,23940.0
8886,261,1,,2,852,1790,1475,1,15000.0,300.0,14700.0
8887,261,1,,2,852,1790,1475,1,15000.0,0.0,15000.0
8888,751,2,2,2,503,2,757,1,15000.0,300.0,14700.0
8889,648,2,3,2,953,3,2773,2,16500.0,0.0,33000.0
8890,118,2,3,1,953,3,1499,3,12000.0,1800.0,34200.0
8891,100,1,,2,720,1668,2459,1,15000.0,0.0,15000.0
8892,780,1,,2,955,1274,,1,15000.0,300.0,14700.0
8893,91,2,4,2,379,4,2454,3,15000.0,2250.0,42750.0
8894,91,2,4,2,379,4,2454,3,15000.0,4500.0,40500.0
8895,91,2,4,2,379,4,2454,1,16500.0,1650.0,14850.0
8896,1355,2,1,1,804,1,2885,1,12000.0,240.0,11760.0
8897,279,1,,2,424,3025,2925,2,13500.0,540.0,26460.0
8898,651,1,,1,808,2818,,3,13200.0,792.0,38808.0
8899,1359,1,,1,438,2574,1949,2,12600.0,1260.0,23940.0
8900,589,1,,1,554,311,2711,3,12000.0,1800.0,34200.0
8901,1489,2,1,1,985,1,3168,3,13200.0,0.0,39600.0
8902,776,2,1,2,623,1,2403,1,13500.0,675.0,12825.0
8903,257,1,,1,767,2532,2648,2,10800.0,432.0,21168.0
8904,252,1,,2,990,1907,676,1,15000.0,750.0,14250.0
8905,1036,1,,1,793,1231,1352,1,12000.0,600.0,11400.0
8906,456,1,,1,734,2541,651,1,12600.0,252.0,12348.0
8907,456,1,,1,734,2541,651,3,12000.0,1800.0,34200.0
8908,707,1,,2,857,1363,255,2,15000.0,1500.0,28500.0
8909,548,1,,2,940,508,2487,1,13500.0,1350.0,12150.0
8910,575,1,,2,724,2727,2501,1,15000.0,0.0,15000.0
8911,575,1,,2,724,2727,2501,3,13500.0,0.0,40500.0
8912,970,1,,1,393,337,2635,2,10800.0,2160.0,19440.0
8913,970,1,,1,393,337,2635,2,12000.0,480.0,23520.0
8914,1310,1,,1,942,284,1234,2,12000.0,2400.0,21600.0
8915,1310,1,,1,942,284,1234,1,12000.0,1200.0,10800.0
8916,135,1,,1,943,1323,354,2,13200.0,2640.0,23760.0
8917,135,1,,1,943,1323,354,1,12000.0,600.0,11400.0
8918,814,1,,2,975,2399,2621,2,15750.0,630.0,30870.0
8919,814,1,,1,975,2399,2621,2,12600.0,0.0,25200.0
8920,248,1,,2,689,1462,,2,15000.0,600.0,29400.0
8921,966,1,,2,486,419,1762,2,15000.0,3000.0,27000.0
8922,966,1,,1,486,419,1762,3,12000.0,0.0,36000.0
8923,380,1,,2,619,2087,985,2,15000.0,3000.0,27000.0
8924,1144,1,,1,384,2826,1053,1,12600.0,1260.0,11340.0
8925,487,2,3,2,942,3,2199,3,13500.0,2025.0,38475.0
8926,903,2,3,1,726,3,2680,1,10800.0,0.0,10800.0
8927,903,2,3,1,726,3,2680,2,12000.0,1200.0,22800.0
8928,1383,1,,1,966,1652,1896,3,12000.0,0.0,36000.0
8929,1292,1,,2,853,822,864,1,15000.0,1500.0,13500.0
8930,190,1,,2,606,1962,1014,2,15000.0,0.0,30000.0
8931,159,2,4,2,750,4,2638,2,16500.0,3300.0,29700.0
8932,1229,1,,2,627,16,,3,15000.0,0.0,45000.0
8933,886,1,,2,488,2341,858,1,15000.0,300.0,14700.0
8934,886,1,,2,488,2341,858,2,15000.0,600.0,29400.0
8935,271,2,2,2,713,2,905,1,15000.0,750.0,14250.0
8936,143,1,,2,790,474,1632,3,16500.0,2475.0,47025.0
8937,1043,2,1,2,933,1,658,1,16500.0,1650.0,14850.0
8938,1043,2,1,2,933,1,658,2,15000.0,0.0,30000.0
8939,432,2,3,1,942,3,2808,3,12000.0,0.0,36000.0
8940,432,2,3,2,942,3,2808,1,15750.0,787.5,14962.5
8941,521,1,,2,605,1654,2155,1,15000.0,300.0,14700.0
8942,1159,1,,2,432,2255,2715,1,15750.0,0.0,15750.0
8943,668,2,2,1,369,2,2625,1,13200.0,1320.0,11880.0
8944,789,1,,1,765,2688,1937,2,12000.0,1200.0,22800.0
8945,1315,1,,1,835,2068,7,2,12000.0,1200.0,22800.0
8946,1315,1,,2,835,2068,7,2,15000.0,1500.0,28500.0
8947,760,2,3,2,897,3,,3,15000.0,4500.0,40500.0
8948,760,2,3,2,897,3,,2,15000.0,1500.0,28500.0
8949,419,2,4,1,549,4,520,2,12000.0,0.0,24000.0
8950,1231,2,1,1,590,1,1978,1,12000.0,0.0,12000.0
8951,1222,2,3,1,424,3,2708,1,12000.0,0.0,12000.0
8952,1480,1,,1,574,2573,3199,2,12000.0,2400.0,21600.0
8953,1476,2,3,1,654,3,1284,2,12000.0,2400.0,21600.0
8954,873,1,,1,848,2581,2111,1,12000.0,600.0,11400.0
8955,873,1,,1,848,2581,2111,2,12000.0,0.0,24000.0
8956,873,1,,2,848,2581,2111,1,15000.0,750.0,14250.0
8957,201,2,3,2,594,3,2477,2,15750.0,3150.0,28350.0
8958,201,2,3,2,594,3,2477,2,15000.0,3000.0,27000.0
8959,301,2,2,1,450,2,2913,3,12000.0,720.0,35280.0
8960,1413,2,2,2,474,2,952,3,15000.0,0.0,45000.0
8961,881,2,1,1,441,1,974,3,10800.0,1620.0,30780.0
8962,881,2,1,1,441,1,974,1,12000.0,240.0,11760.0
8963,606,1,,2,569,2973,982,2,15750.0,1575.0,29925.0
8964,649,1,,1,982,3169,816,3,10800.0,1620.0,30780.0
8965,286,2,4,2,654,4,562,3,13500.0,810.0,39690.0
8966,318,1,,1,1004,2032,477,3,12600.0,756.0,37044.0
8967,1143,2,1,1,857,1,180,1,12000.0,240.0,11760.0
8968,1228,2,2,1,560,2,2772,2,12000.0,2400.0,21600.0
8969,1228,2,2,2,560,2,2772,1,13500.0,675.0,12825.0
8970,948,1,,1,593,2558,1514,2,12000.0,0.0,24000.0
8971,1078,1,,2,708,996,2151,2,15000.0,1500.0,28500.0
8972,400,2,2,2,672,2,1917,1,15000.0,300.0,14700.0
8973,942,2,3,2,543,3,2760,3,15000.0,4500.0,40500.0
8974,518,1,,2,942,2484,2490,3,13500.0,0.0,40500.0
8975,518,1,,1,942,2484,2490,1,12000.0,0.0,12000.0
8976,518,1,,2,942,2484,2490,3,16500.0,990.0,48510.0
8977,815,2,4,2,508,4,2795,3,15750.0,2362.5,44887.5
8978,743,1,,2,400,2433,2303,1,15000.0,750.0,14250.0
8979,736,2,3,2,397,3,558,3,15000.0,900.0,44100.0
8980,736,2,3,1,397,3,558,3,12000.0,1800.0,34200.0
8981,445,2,4,1,561,4,2866,3,12000.0,0.0,36000.0
8982,557,2,2,1,731,2,1087,2,13200.0,1320.0,25080.0
8983,141,1,,1,964,3104,532,2,12000.0,480.0,23520.0
8984,174,2,1,1,822,1,,3,10800.0,1620.0,30780.0
8985,958,1,,2,569,2987,2309,1,15000.0,0.0,15000.0
8986,990,1,,2,853,1791,281,2,13500.0,0.0,27000.0
8987,1137,1,,2,566,584,1497,1,13500.0,675.0,12825.0
8988,402,1,,1,634,2841,11,2,12000.0,0.0,24000.0
8989,1143,2,2,2,576,2,832,2,13500.0,2700.0,24300.0
8990,547,2,4,1,501,4,647,3,12000.0,720.0,35280.0
8991,22,2,2,1,651,2,26,2,12000.0,480.0,23520.0
8992,22,2,2,2,651,2,26,3,13500.0,810.0,39690.0
8993,1222,1,,1,557,1813,1804,3,12000.0,1800.0,34200.0
8994,340,1,,2,401,1385,751,1,15000.0,750.0,14250.0
8995,243,1,,2,433,2605,2974,1,15000.0,750.0,14250.0
8996,28,1,,1,937,1355,359,2,12000.0,480.0,23520.0
8997,28,1,,2,937,1355,359,3,15000.0,2250.0,42750.0
8998,158,2,4,1,702,4,1251,3,12600.0,3780.0,34020.0
8999,158,2,4,1,702,4,1251,2,12000.0,0.0,24000.0
9000,238,2,3,2,392,3,2038,1,15000.0,750.0,14250.0
9001,1410,2,4,1,714,4,2059,3,12000.0,720.0,35280.0
9002,1410,2,4,1,714,4,2059,2,12000.0,1200.0,22800.0
9003,1410,2,4,1,714,4,2059,1,12600.0,0.0,12600.0
9004,343,1,,1,847,1470,578,3,12000.0,3600.0,32400.0
9005,343,1,,1,847,1470,578,1,12600.0,252.0,12348.0
9006,1252,1,,1,603,913,829,1,12000.0,0.0,12000.0
9007,1347,1,,1,539,1127,1312,2,12600.0,0.0,25200.0
9008,765,1,,1,797,1369,,2,12000.0,1200.0,22800.0
9009,841,1,,1,937,2873,2902,1,10800.0,1080.0,9720.0
9010,1487,1,,1,759,1199,3045,1,12600.0,252.0,12348.0
9011,837,1,,2,805,2469,662,2,15000.0,0.0,30000.0
9012,184,2,2,2,407,2,3111,2,13500.0,0.0,27000.0
9013,184,2,2,2,407,2,3111,2,15000.0,0.0,30000.0
9014,1166,2,1,2,651,1,1441,2,15000.0,600.0,29400.0
9015,997,1,,1,653,1535,3062,1,12000.0,0.0,12000.0
9016,1034,1,,2,754,364,2334,1,16500.0,825.0,15675.0
9017,398,1,,2,589,2667,1562,3,15750.0,2362.5,44887.5
9018,162,2,1,1,404,1,,3,12000.0,720.0,35280.0
9019,501,2,2,1,587,2,1684,1,12000.0,240.0,11760.0
9020,794,1,,1,829,70,548,3,12000.0,1800.0,34200.0
9021,8,1,,2,681,2547,2840,1,15000.0,1500.0,13500.0
9022,176,1,,2,924,995,884,1,15000.0,1500.0,13500.0
9023,52,1,,1,495,1358,860,1,12000.0,240.0,11760.0
9024,52,1,,2,495,1358,860,1,15750.0,0.0,15750.0
9025,451,1,,1,802,1517,274,3,12000.0,720.0,35280.0
9026,451,1,,2,802,1517,274,3,15000.0,2250.0,42750.0
9027,451,1,,1,802,1517,274,1,12000.0,240.0,11760.0
9028,913,2,4,2,632,4,2654,2,13500.0,1350.0,25650.0
9029,1425,1,,1,582,1700,2503,1,12000.0,1200.0,10800.0
9030,1163,1,,1,962,360,1146,3,12600.0,1890.0,35910.0
9031,1199,1,,2,423,2014,2886,2,15000.0,0.0,30000.0
9032,1433,1,,1,444,1716,2386,3,12000.0,3600.0,32400.0
9033,1321,1,,1,541,777,751,2,13200.0,1320.0,25080.0
9034,713,1,,2,900,595,2696,3,16500.0,2475.0,47025.0
9035,713,1,,1,900,595,2696,3,12000.0,3600.0,32400.0
9036,1331,1,,1,785,1766,1727,1,12000.0,600.0,11400.0
9037,979,2,4,1,546,4,752,3,13200.0,0.0,39600.0
9038,979,2,4,2,546,4,752,2,15000.0,600.0,29400.0
9039,820,1,,2,968,2380,464,2,15000.0,0.0,30000.0
9040,1267,1,,1,891,2065,3049,2,12000.0,2400.0,21600.0
9041,184,2,3,2,943,3,2348,3,15000.0,0.0,45000.0
9042,486,1,,1,759,2787,2363,3,12000.0,0.0,36000.0
9043,486,1,,1,759,2787,2363,3,13200.0,1980.0,37620.0
9044,417,1,,2,661,1480,1924,3,15000.0,4500.0,40500.0
9045,982,1,,2,504,537,1802,2,13500.0,0.0,27000.0
9046,982,1,,1,504,537,1802,3,12000.0,1800.0,34200.0
9047,1491,2,2,1,636,2,1135,1,12000.0,600.0,11400.0
9048,1491,2,2,1,636,2,1135,1,12000.0,600.0,11400.0
9049,45,1,,1,398,797,1311,1,10800.0,1080.0,9720.0
9050,535,1,,2,875,2907,590,3,15000.0,4500.0,40500.0
9051,535,1,,1,875,2907,590,2,12000.0,1200.0,22800.0
9052,177,1,,1,497,2033,1441,1,12600.0,0.0,12600.0
9053,1229,2,4,2,928,4,3109,3,15750.0,2362.5,44887.5
9054,1317,1,,2,807,411,962,1,15000.0,300.0,14700.0
9055,1317,1,,1,807,411,962,2,12600.0,0.0,25200.0
9056,737,1,,2,929,2283,980,2,15000.0,3000.0,27000.0
9057,158,1,,2,437,727,2051,3,15000.0,0.0,45000.0
9058,915,2,3,1,572,3,912,3,10800.0,1620.0,30780.0
9059,915,2,3,2,572,3,912,1,15750.0,315.0,15435.0
9060,281,1,,2,762,122,2528,3,15000.0,0.0,45000.0
9061,281,1,,2,762,122,2528,1,15000.0,300.0,14700.0
9062,403,1,,1,785,3105,619,3,12000.0,0.0,36000.0
9063,955,1,,2,927,1970,919,3,15000.0,2250.0,42750.0
9064,991,1,,2,531,212,586,1,16500.0,330.0,16170.0
9065,1128,2,2,2,984,2,2149,1,15000.0,750.0,14250.0
9066,1128,2,2,1,984,2,2149,2,12000.0,480.0,23520.0
9067,1399,2,4,2,463,4,,3,15750.0,0.0,47250.0
9068,1366,2,4,2,757,4,2064,2,15000.0,3000.0,27000.0
9069,654,1,,1,570,1244,1031,1,12600.0,0.0,12600.0
9070,791,1,,2,556,931,2728,3,15750.0,945.0,46305.0
9071,246,2,3,2,947,3,1835,1,15750.0,1575.0,14175.0
9072,246,2,3,2,947,3,1835,1,13500.0,0.0,13500.0
9073,997,2,2,1,707,2,1457,1,12600.0,1260.0,11340.0
9074,122,1,,2,777,3195,905,1,15000.0,750.0,14250.0
9075,522,2,4,1,832,4,3049,1,12000.0,600.0,11400.0
9076,978,1,,1,624,2652,1131,1,13200.0,660.0,12540.0
9077,978,1,,2,624,2652,1131,1,15000.0,1500.0,13500.0
9078,978,1,,1,624,2652,1131,1,13200.0,660.0,12540.0
9079,1380,1,,2,903,2730,43,1,15000.0,1500.0,13500.0
9080,731,2,1,1,800,1,1795,2,12000.0,0.0,24000.0
9081,731,2,1,2,800,1,1795,2,15000.0,3000.0,27000.0
9082,406,1,,1,850,1083,535,2,12000.0,2400.0,21600.0
9083,406,1,,2,850,1083,535,1,13500.0,0.0,13500.0
9084,254,2,1,2,391,1,56,3,15000.0,900.0,44100.0
9085,412,1,,1,385,2952,2820,3,12000.0,0.0,36000.0
9086,1233,1,,2,712,2237,960,1,15000.0,1500.0,13500.0
9087,335,2,2,1,420,2,1233,1,10800.0,540.0,10260.0
9088,867,1,,2,851,2,1969,1,15000.0,0.0,15000.0
9089,867,1,,1,851,2,1969,2,12000.0,0.0,24000.0
9090,867,1,,1,851,2,1969,3,10800.0,0.0,32400.0
9091,155,1,,1,713,933,3127,3,12000.0,720.0,35280.0
9092,155,1,,1,713,933,3127,1,12000.0,1200.0,10800.0
9093,168,2,2,1,647,2,,3,12600.0,0.0,37800.0
9094,1405,1,,1,390,2411,3093,1,12000.0,1200.0,10800.0
9095,1255,1,,1,693,646,822,3,12000.0,3600.0,32400.0
9096,1255,1,,2,693,646,822,2,15000.0,1500.0,28500.0
9097,66,1,,1,829,193,126,1,10800.0,540.0,10260.0
9098,228,2,2,1,448,2,971,2,10800.0,432.0,21168.0
9099,1191,2,2,1,491,2,2004,3,12600.0,1890.0,35910.0
9100,549,2,3,1,673,3,3149,2,12600.0,2520.0,22680.0
9101,384,1,,2,826,1854,462,1,15000.0,750.0,14250.0
9102,565,2,1,2,558,1,3187,3,15000.0,0.0,45000.0
9103,565,2,1,1,558,1,3187,1,12000.0,1200.0,10800.0
9104,1398,2,3,1,965,3,1517,2,12000.0,0.0,24000.0
9105,1398,2,3,1,965,3,1517,1,12600.0,1260.0,11340.0
9106,492,2,2,2,749,2,148,3,15750.0,2362.5,44887.5
9107,1459,2,3,2,713,3,1185,2,15000.0,0.0,30000.0
9108,972,2,4,2,467,4,2060,3,16500.0,990.0,48510.0
9109,965,2,4,2,811,4,3197,2,15000.0,3000.0,27000.0
9110,1161,2,4,1,756,4,1563,3,12600.0,1890.0,35910.0
9111,1258,1,,2,503,3108,,3,15750.0,2362.5,44887.5
9112,322,1,,1,540,1965,1450,3,13200.0,1980.0,37620.0
9113,1023,2,3,1,866,3,161,3,10800.0,0.0,32400.0
9114,653,2,1,2,649,1,3153,3,13500.0,810.0,39690.0
9115,282,2,4,2,656,4,,1,15750.0,0.0,15750.0
9116,1400,1,,2,912,253,2269,3,15000.0,2250.0,42750.0
9117,727,2,4,2,857,4,2720,3,15750.0,2362.5,44887.5
9118,1238,1,,2,607,561,994,3,15000.0,0.0,45000.0
9119,769,1,,1,763,460,1051,1,12000.0,600.0,11400.0
9120,16,2,1,1,885,1,,1,12000.0,600.0,11400.0
9121,1116,1,,1,841,1412,,3,13200.0,3960.0,35640.0
9122,118,2,1,1,637,1,492,2,13200.0,2640.0,23760.0
9123,339,1,,2,984,1590,774,3,15000.0,900.0,44100.0
9124,1296,1,,2,561,867,212,2,15750.0,0.0,31500.0
9125,1296,1,,1,561,867,212,1,12000.0,0.0,12000.0
9126,1296,1,,1,561,867,212,2,12000.0,0.0,24000.0
9127,1477,2,2,1,439,2,1184,2,10800.0,1080.0,20520.0
9128,418,1,,2,691,785,824,3,15000.0,2250.0,42750.0
9129,418,1,,1,691,785,824,3,12600.0,3780.0,34020.0
9130,682,2,2,1,484,2,528,1,12600.0,252.0,12348.0
9131,1076,1,,2,451,3171,3009,3,15000.0,4500.0,40500.0
9132,1076,1,,2,451,3171,3009,3,15000.0,4500.0,40500.0
9133,222,1,,2,950,1013,1197,2,15000.0,3000.0,27000.0
9134,222,1,,2,950,1013,1197,3,15000.0,2250.0,42750.0
9135,222,1,,1,950,1013,1197,3,12600.0,1890.0,35910.0
9136,810,1,,2,953,21,2511,3,15000.0,2250.0,42750.0
9137,1311,1,,1,977,986,994,1,12000.0,600.0,11400.0
9138,767,1,,1,994,606,481,2,12000.0,480.0,23520.0
9139,1094,1,,2,504,974,1648,2,15000.0,0.0,30000.0
9140,608,2,4,1,525,4,,3,12000.0,1800.0,34200.0
9141,193,2,1,1,409,1,655,1,13200.0,1320.0,11880.0
9142,1313,1,,2,459,844,,1,15000.0,1500.0,13500.0
9143,1313,1,,1,459,844,,2,12600.0,1260.0,23940.0
9144,1128,2,2,1,934,2,2710,3,12600.0,1890.0,35910.0
9145,161,2,4,1,828,4,2284,3,12000.0,1800.0,34200.0
9146,311,2,2,2,953,2,,2,16500.0,0.0,33000.0
9147,768,1,,2,930,906,348,3,13500.0,4050.0,36450.0
9148,1363,1,,1,469,2698,150,2,12000.0,0.0,24000.0
9149,1363,1,,2,469,2698,150,3,15000.0,900.0,44100.0
9150,362,2,1,2,471,1,2883,1,15750.0,1575.0,14175.0
9151,311,2,4,1,477,4,1749,2,12000.0,2400.0,21600.0
9152,311,2,4,2,477,4,1749,2,16500.0,660.0,32340.0
9153,311,2,4,1,477,4,1749,3,12000.0,720.0,35280.0
9154,1108,1,,2,645,168,,3,13500.0,0.0,40500.0
9155,1048,1,,2,504,741,1956,3,15000.0,900.0,44100.0
9156,983,2,1,2,756,1,2546,3,15000.0,4500.0,40500.0
9157,1240,1,,2,567,2616,,3,15000.0,900.0,44100.0
9158,1240,1,,1,567,2616,,1,12000.0,240.0,11760.0
9159,773,2,1,2,389,1,2474,3,13500.0,810.0,39690.0
9160,773,2,1,1,389,1,2474,2,10800.0,2160.0,19440.0
9161,871,2,3,1,870,3,66,1,12000.0,240.0,11760.0
9162,245,1,,2,641,1351,2328,3,15000.0,2250.0,42750.0
9163,1355,1,,1,480,422,1610,1,12000.0,0.0,12000.0
9164,518,1,,2,691,2456,2351,2,15000.0,1500.0,28500.0
9165,116,1,,1,565,1695,733,3,12000.0,3600.0,32400.0
9166,902,1,,2,605,1321,729,3,13500.0,4050.0,36450.0
9167,902,1,,1,605,1321,729,3,12000.0,1800.0,34200.0
9168,1302,2,1,1,802,1,291,2,12000.0,480.0,23520.0
9169,565,1,,1,370,2014,1764,3,12000.0,720.0,35280.0
9170,235,1,,1,744,478,,2,12000.0,2400.0,21600.0
9171,606,2,2,1,621,2,57,1,12000.0,0.0,12000.0
9172,467,2,1,2,936,1,,2,15000.0,600.0,29400.0
9173,19,1,,2,709,2572,3173,1,15750.0,1575.0,14175.0
9174,19,1,,1,709,2572,3173,3,12000.0,1800.0,34200.0
9175,1456,1,,2,568,32,1283,2,13500.0,1350.0,25650.0
9176,321,1,,1,739,2501,1250,3,10800.0,0.0,32400.0
9177,656,2,3,2,941,3,,2,15000.0,600.0,29400.0
9178,1209,1,,2,997,277,1894,1,16500.0,330.0,16170.0
9179,1198,2,1,2,435,1,3026,1,15000.0,0.0,15000.0
9180,466,1,,1,746,2803,3040,3,12000.0,3600.0,32400.0
9181,466,1,,1,746,2803,3040,2,12000.0,1200.0,22800.0
9182,466,1,,1,746,2803,3040,1,12000.0,600.0,11400.0
9183,128,1,,1,955,2975,1485,2,12000.0,480.0,23520.0
9184,128,1,,2,955,2975,1485,1,15000.0,1500.0,13500.0
9185,1252,1,,2,615,749,1238,3,13500.0,4050.0,36450.0
9186,86,1,,2,897,1267,2312,3,13500.0,0.0,40500.0
9187,312,1,,2,383,2955,2874,1,13500.0,270.0,13230.0
9188,312,1,,1,383,2955,2874,2,10800.0,432.0,21168.0
9189,360,2,4,1,932,4,2230,1,12000.0,0.0,12000.0
9190,360,2,4,1,932,4,2230,2,12000.0,0.0,24000.0
9191,823,1,,2,620,595,,1,13500.0,1350.0,12150.0
9192,1332,1,,2,571,2130,1647,1,16500.0,0.0,16500.0
9193,1332,1,,1,571,2130,1647,3,10800.0,648.0,31752.0
9194,1388,1,,1,793,614,,1,10800.0,1080.0,9720.0
9195,1388,1,,2,793,614,,3,15000.0,2250.0,42750.0
9196,39,2,4,2,411,4,3016,3,15000.0,4500.0,40500.0
9197,192,1,,2,617,2098,,3,13500.0,2025.0,38475.0
9198,980,1,,1,379,221,1295,1,10800.0,216.0,10584.0
9199,492,1,,2,989,3014,762,1,15000.0,1500.0,13500.0
9200,492,1,,1,989,3014,762,3,12000.0,0.0,36000.0
9201,356,1,,2,653,1124,496,1,15000.0,750.0,14250.0
9202,356,1,,1,653,1124,496,1,12000.0,240.0,11760.0
9203,1101,1,,1,367,929,3127,1,10800.0,540.0,10260.0
9204,1081,1,,2,624,2675,160,1,15000.0,300.0,14700.0
9205,1448,1,,2,897,15,1578,1,13500.0,1350.0,12150.0
9206,1216,2,3,1,745,3,1491,2,12000.0,2400.0,21600.0
9207,731,1,,1,509,1825,1107,1,12000.0,1200.0,10800.0
9208,522,1,,1,916,828,2514,1,12000.0,240.0,11760.0
9209,96,1,,1,966,666,2428,2,12000.0,2400.0,21600.0
9210,831,2,4,2,800,4,1429,2,15750.0,3150.0,28350.0
9211,1222,1,,2,762,984,209,2,15000.0,0.0,30000.0
9212,1216,2,4,2,439,4,71,2,16500.0,660.0,32340.0
9213,1216,2,4,2,439,4,71,2,15000.0,600.0,29400.0
9214,1384,1,,1,392,119,1076,2,12000.0,2400.0,21600.0
9215,660,1,,2,676,1602,1024,1,13500.0,675.0,12825.0
9216,61,2,2,1,957,2,1137,2,12000.0,2400.0,21600.0
9217,489,1,,1,453,1393,2643,3,12000.0,0.0,36000.0
9218,89,2,1,1,628,1,1166,1,12000.0,240.0,11760.0
9219,259,1,,1,996,486,2839,1,12000.0,600.0,11400.0
9220,259,1,,1,996,486,2839,1,12000.0,0.0,12000.0
9221,259,1,,1,996,486,2839,1,12000.0,1200.0,10800.0
9222,939,2,4,2,890,4,2613,1,15750.0,787.5,14962.5
9223,87,1,,1,777,1558,3188,2,12000.0,480.0,23520.0
9224,354,2,3,1,582,3,2695,1,13200.0,264.0,12936.0
9225,1118,1,,1,861,1875,812,2,12600.0,0.0,25200.0
9226,435,2,2,1,867,2,3179,3,13200.0,0.0,39600.0
9227,175,2,4,1,693,4,509,2,12000.0,2400.0,21600.0
9228,1370,1,,2,684,877,1280,1,16500.0,0.0,16500.0
9229,6,1,,1,494,1470,,1,13200.0,0.0,13200.0
9230,887,1,,1,730,2531,3202,2,12000.0,0.0,24000.0
9231,82,1,,1,916,2420,2021,3,10800.0,1620.0,30780.0
9232,82,1,,2,916,2420,2021,3,16500.0,2475.0,47025.0
9233,28,1,,1,862,1678,579,1,13200.0,1320.0,11880.0
9234,789,1,,1,744,2116,1833,2,12000.0,0.0,24000.0
9235,318,1,,2,504,3019,1651,1,15000.0,0.0,15000.0
9236,318,1,,2,504,3019,1651,1,15000.0,1500.0,13500.0
9237,642,1,,2,561,1270,832,1,15000.0,0.0,15000.0
9238,1466,1,,2,533,1360,,2,15000.0,600.0,29400.0
9239,50,1,,1,862,476,1248,3,12600.0,756.0,37044.0
9240,50,1,,2,862,476,1248,1,15000.0,300.0,14700.0
9241,132,2,1,1,861,1,1002,2,12600.0,2520.0,22680.0
9242,209,1,,2,466,32,3025,2,13500.0,1350.0,25650.0
9243,685,1,,1,931,3176,425,2,12600.0,2520.0,22680.0
9244,685,1,,2,931,3176,425,1,15750.0,0.0,15750.0
9245,617,1,,2,648,1238,1634,2,13500.0,1350.0,25650.0
9246,617,1,,2,648,1238,1634,2,15000.0,1500.0,28500.0
9247,754,1,,2,374,1519,2168,2,15000.0,0.0,30000.0
9248,1302,2,1,1,914,1,1653,2,12000.0,480.0,23520.0
9249,1060,2,2,2,370,2,2322,3,15000.0,0.0,45000.0
9250,1063,2,2,1,445,2,83,2,12000.0,480.0,23520.0
9251,898,1,,1,942,1321,1833,2,12000.0,0.0,24000.0
9252,552,2,1,1,963,1,783,3,13200.0,792.0,38808.0
9253,552,2,1,1,963,1,783,1,12000.0,0.0,12000.0
9254,552,2,1,1,963,1,783,2,12000.0,0.0,24000.0
9255,231,1,,1,543,797,2231,3,12000.0,3600.0,32400.0
9256,958,1,,1,720,737,442,2,12600.0,2520.0,22680.0
9257,916,1,,2,540,2610,1286,2,13500.0,1350.0,25650.0
9258,613,1,,1,588,388,2577,3,12600.0,1890.0,35910.0
9259,613,1,,1,588,388,2577,3,13200.0,792.0,38808.0
9260,517,2,1,2,819,1,2496,3,15000.0,900.0,44100.0
9261,517,2,1,2,819,1,2496,2,15000.0,1500.0,28500.0
9262,1330,1,,2,661,2664,3177,1,15750.0,1575.0,14175.0
9263,1330,1,,1,661,2664,3177,3,12000.0,1800.0,34200.0
9264,819,2,4,2,990,4,276,3,16500.0,4950.0,44550.0
9265,1326,1,,1,866,546,1567,2,12000.0,480.0,23520.0
9266,746,1,,1,435,3204,,2,12000.0,2400.0,21600.0
9267,641,1,,2,830,519,2130,2,15000.0,600.0,29400.0
9268,1495,1,,2,375,2562,2479,1,15750.0,787.5,14962.5
9269,1495,1,,1,375,2562,2479,1,10800.0,1080.0,9720.0
9270,718,2,2,1,772,2,1050,1,12000.0,600.0,11400.0
9271,971,2,3,1,970,3,,3,10800.0,648.0,31752.0
9272,971,2,3,2,970,3,,2,15000.0,1500.0,28500.0
9273,391,1,,2,418,1184,1082,3,15000.0,2250.0,42750.0
9274,1007,2,1,1,858,1,1935,1,12000.0,1200.0,10800.0
9275,184,1,,1,428,1203,3177,2,12000.0,480.0,23520.0
9276,184,1,,1,428,1203,3177,3,12000.0,1800.0,34200.0
9277,333,1,,1,739,742,2812,1,10800.0,0.0,10800.0
9278,458,2,1,2,476,1,838,1,15000.0,300.0,14700.0
9279,489,1,,1,390,608,694,3,12000.0,0.0,36000.0
9280,152,2,1,2,834,1,,1,16500.0,0.0,16500.0
9281,152,2,1,2,834,1,,1,15000.0,750.0,14250.0
9282,481,1,,1,437,1858,,2,12600.0,504.0,24696.0
9283,1261,2,4,2,719,4,594,1,15000.0,750.0,14250.0
9284,111,2,3,2,904,3,2346,3,15000.0,0.0,45000.0
9285,111,2,3,2,904,3,2346,1,15000.0,300.0,14700.0
9286,477,2,3,2,927,3,118,3,15000.0,2250.0,42750.0
9287,1309,1,,1,407,3109,2573,1,10800.0,540.0,10260.0
9288,1309,1,,1,407,3109,2573,1,12000.0,0.0,12000.0
9289,1381,1,,1,798,866,3131,3,10800.0,648.0,31752.0
9290,842,1,,1,591,2705,823,2,10800.0,0.0,21600.0
9291,842,1,,1,591,2705,823,2,12000.0,0.0,24000.0
9292,498,1,,1,833,2931,262,2,12000.0,0.0,24000.0
9293,903,2,1,1,580,1,2183,2,12000.0,1200.0,22800.0
9294,516,2,4,2,1002,4,1146,2,13500.0,1350.0,25650.0
9295,516,2,4,1,1002,4,1146,2,13200.0,2640.0,23760.0
9296,176,1,,2,474,2951,1588,1,15000.0,300.0,14700.0
9297,176,1,,1,474,2951,1588,3,12000.0,3600.0,32400.0
9298,1423,2,1,2,633,1,,1,13500.0,675.0,12825.0
9299,1423,2,1,1,633,1,,3,12000.0,0.0,36000.0
9300,1423,2,1,1,633,1,,3,13200.0,0.0,39600.0
9301,1368,2,3,1,765,3,457,1,12000.0,600.0,11400.0
9302,1368,2,3,1,765,3,457,3,12000.0,3600.0,32400.0
9303,570,1,,1,537,2934,2444,1,12000.0,600.0,11400.0
9304,954,2,4,2,415,4,141,3,15000.0,0.0,45000.0
9305,954,2,4,1,415,4,141,3,12000.0,0.0,36000.0
9306,696,1,,1,665,1291,1139,2,12600.0,0.0,25200.0
9307,1390,1,,2,367,3064,2646,2,15000.0,600.0,29400.0
9308,12,2,4,2,829,4,1186,2,15000.0,600.0,29400.0
9309,255,1,,2,418,2527,2133,2,15000.0,1500.0,28500.0
9310,268,1,,2,487,2921,1595,1,15750.0,315.0,15435.0
9311,1040,1,,1,536,2414,927,3,12000.0,0.0,36000.0
9312,1126,1,,1,493,1538,1095,2,12000.0,2400.0,21600.0
9313,675,2,3,1,741,3,3177,2,12600.0,0.0,25200.0
9314,188,1,,2,987,54,3136,3,13500.0,4050.0,36450.0
9315,184,2,2,1,988,2,1176,2,12000.0,2400.0,21600.0
9316,948,1,,2,715,1566,2566,3,16500.0,2475.0,47025.0
9317,948,1,,2,715,1566,2566,2,15000.0,0.0,30000.0
9318,728,1,,1,910,2484,648,2,12000.0,1200.0,22800.0
9319,728,1,,1,910,2484,648,3,10800.0,1620.0,30780.0
9320,384,1,,2,935,990,2646,2,16500.0,1650.0,31350.0
9321,384,1,,2,935,990,2646,3,15000.0,0.0,45000.0
9322,1308,1,,1,678,3164,,3,12000.0,0.0,36000.0
9323,575,1,,1,517,1822,456,3,13200.0,0.0,39600.0
9324,575,1,,1,517,1822,456,1,12000.0,0.0,12000.0
9325,614,1,,1,799,2259,2084,2,12000.0,480.0,23520.0
9326,614,1,,2,799,2259,2084,3,15750.0,2362.5,44887.5
9327,993,1,,1,776,790,2440,2,12000.0,1200.0,22800.0
9328,993,1,,2,776,790,2440,2,13500.0,2700.0,24300.0
9329,1217,1,,2,812,1843,410,3,15000.0,0.0,45000.0
9330,460,1,,1,519,1649,2350,1,10800.0,1080.0,9720.0
9331,460,1,,2,519,1649,2350,1,15000.0,0.0,15000.0
9332,1068,1,,1,947,2012,,2,12000.0,1200.0,22800.0
9333,1285,1,,1,820,335,2651,3,12000.0,3600.0,32400.0
9334,317,1,,2,700,1630,132,1,13500.0,0.0,13500.0
9335,317,1,,1,700,1630,132,2,12000.0,1200.0,22800.0
9336,960,1,,2,713,1492,510,2,15000.0,1500.0,28500.0
9337,336,2,2,2,686,2,1672,3,15000.0,900.0,44100.0
9338,1246,2,2,1,496,2,1896,2,12000.0,2400.0,21600.0
9339,1388,2,4,2,878,4,988,3,15750.0,945.0,46305.0
9340,1388,2,4,2,878,4,988,1,15000.0,750.0,14250.0
9341,1388,2,4,2,878,4,988,1,15000.0,1500.0,13500.0
9342,1102,2,4,1,824,4,,1,12000.0,0.0,12000.0
9343,414,2,2,2,726,2,,3,15000.0,4500.0,40500.0
9344,414,2,2,1,726,2,,1,12600.0,0.0,12600.0
9345,712,1,,2,446,1982,2307,3,16500.0,990.0,48510.0
9346,848,1,,1,831,3106,763,3,10800.0,648.0,31752.0
9347,998,2,2,2,889,2,1330,3,15000.0,900.0,44100.0
9348,998,2,2,1,889,2,1330,3,13200.0,3960.0,35640.0
9349,998,2,2,1,889,2,1330,1,12000.0,600.0,11400.0
9350,606,1,,1,725,2526,2233,2,12000.0,480.0,23520.0
9351,606,1,,2,725,2526,2233,1,15000.0,1500.0,13500.0
9352,606,1,,2,725,2526,2233,1,15000.0,0.0,15000.0
9353,94,1,,2,759,2930,2331,3,15750.0,0.0,47250.0
9354,1289,2,3,2,382,3,2729,1,15750.0,0.0,15750.0
9355,697,1,,2,659,790,766,2,15000.0,600.0,29400.0
9356,739,1,,1,449,2338,392,2,12000.0,2400.0,21600.0
9357,235,2,4,1,894,4,,3,12000.0,3600.0,32400.0
9358,235,2,4,2,894,4,,1,16500.0,330.0,16170.0
9359,414,1,,1,898,728,66,1,12600.0,0.0,12600.0
9360,414,1,,1,898,728,66,3,12000.0,3600.0,32400.0
9361,487,1,,1,844,1778,2841,2,12600.0,504.0,24696.0
9362,632,2,1,2,629,1,1938,1,16500.0,1650.0,14850.0
9363,1405,2,4,1,674,4,2710,3,12600.0,0.0,37800.0
9364,1306,1,,1,921,2805,2116,3,10800.0,648.0,31752.0
9365,863,2,1,1,813,1,3041,1,12000.0,240.0,11760.0
9366,872,1,,2,555,827,2455,3,15000.0,0.0,45000.0
9367,113,2,2,1,730,2,505,1,12000.0,0.0,12000.0
9368,1064,1,,2,476,2898,,2,15000.0,0.0,30000.0
9369,600,2,2,2,765,2,516,3,15000.0,4500.0,40500.0
9370,246,2,2,1,715,2,379,3,12000.0,0.0,36000.0
9371,246,2,2,2,715,2,379,1,16500.0,330.0,16170.0
9372,208,1,,2,498,2514,1948,3,13500.0,0.0,40500.0
9373,559,1,,1,379,1004,2077,2,12000.0,0.0,24000.0
9374,235,1,,2,912,1317,336,1,15000.0,1500.0,13500.0
9375,235,1,,1,912,1317,336,2,12000.0,1200.0,22800.0
9376,666,2,1,2,441,1,1994,3,15000.0,4500.0,40500.0
9377,314,1,,1,971,2702,817,3,12000.0,0.0,36000.0
9378,1183,2,1,1,458,1,1130,3,12000.0,0.0,36000.0
9379,372,1,,1,848,1534,,1,12000.0,0.0,12000.0
9380,979,1,,2,996,1953,186,2,13500.0,2700.0,24300.0
9381,183,1,,2,972,1268,3151,3,15000.0,2250.0,42750.0
9382,183,1,,1,972,1268,3151,3,12600.0,3780.0,34020.0
9383,183,1,,2,972,1268,3151,2,13500.0,2700.0,24300.0
9384,1148,2,1,1,589,1,2624,1,12600.0,1260.0,11340.0
9385,1148,2,1,1,589,1,2624,1,12000.0,240.0,11760.0
9386,695,1,,2,574,2049,257,3,15000.0,4500.0,40500.0
9387,1076,2,3,1,542,3,1257,3,13200.0,3960.0,35640.0
9388,1076,2,3,1,542,3,1257,1,12000.0,600.0,11400.0
9389,487,2,2,1,982,2,3115,1,13200.0,0.0,13200.0
9390,1209,1,,1,922,220,30,2,12000.0,2400.0,21600.0
9391,1209,1,,2,922,220,30,1,15000.0,300.0,14700.0
9392,190,1,,2,524,2077,1414,3,15000.0,0.0,45000.0
9393,637,1,,2,760,1627,3147,1,13500.0,675.0,12825.0
9394,547,1,,2,966,2418,398,1,15000.0,750.0,14250.0
9395,1015,2,1,2,583,1,739,3,15000.0,900.0,44100.0
9396,1019,1,,2,693,1472,992,3,15750.0,945.0,46305.0
9397,962,2,3,1,730,3,277,3,12000.0,720.0,35280.0
9398,158,2,1,2,903,1,828,3,15750.0,0.0,47250.0
9399,158,2,1,1,903,1,828,1,12000.0,1200.0,10800.0
9400,158,2,1,1,903,1,828,1,13200.0,264.0,12936.0
9401,885,1,,1,409,2066,2610,2,13200.0,0.0,26400.0
9402,885,1,,1,409,2066,2610,2,12000.0,0.0,24000.0
9403,843,2,3,2,382,3,2336,1,16500.0,1650.0,14850.0
9404,843,2,3,2,382,3,2336,2,13500.0,0.0,27000.0
9405,843,2,3,2,382,3,2336,2,15000.0,3000.0,27000.0
9406,292,1,,1,918,2433,1261,2,13200.0,2640.0,23760.0
9407,445,2,2,1,765,2,1383,1,12000.0,240.0,11760.0
9408,171,1,,2,793,811,2661,3,15000.0,4500.0,40500.0
9409,961,1,,1,1004,2385,2621,1,13200.0,264.0,12936.0
9410,961,1,,2,1004,2385,2621,3,15750.0,2362.5,44887.5
9411,1065,1,,1,978,779,2663,1,12000.0,1200.0,10800.0
9412,1464,2,2,1,512,2,1458,3,10800.0,3240.0,29160.0
9413,1464,2,2,1,512,2,1458,3,12000.0,1800.0,34200.0
9414,663,1,,2,449,207,2927,1,15000.0,0.0,15000.0
9415,208,2,2,1,730,2,2161,1,13200.0,1320.0,11880.0
9416,208,2,2,1,730,2,2161,1,10800.0,540.0,10260.0
9417,45,1,,1,703,118,2859,1,13200.0,0.0,13200.0
9418,136,1,,2,465,225,1544,3,15000.0,900.0,44100.0
9419,178,2,1,2,469,1,979,2,15750.0,3150.0,28350.0
9420,178,2,1,1,469,1,979,3,12000.0,720.0,35280.0
9421,1346,2,2,1,941,2,2441,2,12000.0,480.0,23520.0
9422,1346,2,2,1,941,2,2441,2,12000.0,1200.0,22800.0
9423,1330,1,,2,623,2260,2170,1,15000.0,0.0,15000.0
9424,1330,1,,1,623,2260,2170,3,12600.0,756.0,37044.0
9425,1330,1,,1,623,2260,2170,1,12000.0,0.0,12000.0
9426,317,1,,2,927,1353,,1,15000.0,750.0,14250.0
9427,348,1,,2,635,840,1031,2,15000.0,3000.0,27000.0
9428,456,2,2,1,626,2,3093,3,12600.0,1890.0,35910.0
9429,456,2,2,2,626,2,3093,2,15000.0,3000.0,27000.0
9430,1282,1,,1,967,715,1276,1,12000.0,240.0,11760.0
9431,1282,1,,2,967,715,1276,3,13500.0,4050.0,36450.0
9432,270,2,1,1,382,1,3198,1,10800.0,216.0,10584.0
9433,1080,1,,1,720,2386,2058,2,12000.0,2400.0,21600.0
9434,1500,2,1,2,501,1,1404,2,13500.0,1350.0,25650.0
9435,1500,2,1,1,501,1,1404,1,12000.0,1200.0,10800.0
9436,353,1,,1,378,206,1647,3,12000.0,720.0,35280.0
9437,701,1,,1,368,2336,90,3,13200.0,1980.0,37620.0
9438,701,1,,1,368,2336,90,2,12000.0,1200.0,22800.0
9439,701,1,,2,368,2336,90,2,13500.0,1350.0,25650.0
9440,409,2,4,2,667,4,1843,2,15000.0,3000.0,27000.0
9441,1377,1,,2,441,2833,2959,3,13500.0,4050.0,36450.0
9442,1377,1,,2,441,2833,2959,2,13500.0,2700.0,24300.0
9443,240,2,3,2,767,3,3175,1,16500.0,1650.0,14850.0
9444,75,1,,1,665,2640,2322,2,12000.0,2400.0,21600.0
9445,1008,1,,1,875,133,1445,1,12000.0,1200.0,10800.0
9446,1066,1,,1,416,1791,1246,1,10800.0,1080.0,9720.0
9447,474,2,2,2,632,2,2291,1,15000.0,750.0,14250.0
9448,198,1,,2,419,1358,1512,2,15000.0,0.0,30000.0
9449,561,1,,2,821,436,2464,2,15750.0,3150.0,28350.0
9450,561,1,,1,821,436,2464,2,13200.0,2640.0,23760.0
9451,1162,1,,2,934,1230,2618,3,15000.0,0.0,45000.0
9452,1162,1,,2,934,1230,2618,1,16500.0,825.0,15675.0
9453,1015,1,,1,925,2201,1673,2,12000.0,0.0,24000.0
9454,1015,1,,1,925,2201,1673,3,12000.0,0.0,36000.0
9455,823,2,3,2,534,3,,2,15000.0,1500.0,28500.0
9456,1321,2,2,1,813,2,55,1,12600.0,252.0,12348.0
9457,1321,2,2,1,813,2,55,1,12000.0,240.0,11760.0
9458,1321,2,2,2,813,2,55,1,16500.0,330.0,16170.0
9459,1114,1,,1,619,283,1212,3,10800.0,1620.0,30780.0
9460,419,1,,1,545,2101,2779,2,12000.0,2400.0,21600.0
9461,1377,2,1,2,598,1,,3,15000.0,2250.0,42750.0
9462,919,1,,2,397,2930,762,3,15000.0,0.0,45000.0
9463,399,1,,1,552,1008,2832,1,12000.0,0.0,12000.0
9464,412,1,,1,850,757,1903,1,12600.0,630.0,11970.0
9465,326,1,,1,630,1240,2059,1,12000.0,0.0,12000.0
9466,876,2,2,2,798,2,1882,2,15000.0,0.0,30000.0
9467,1233,2,2,2,644,2,2569,2,13500.0,2700.0,24300.0
9468,346,1,,2,907,2104,,3,15000.0,0.0,45000.0
9469,255,1,,1,645,2508,736,3,12000.0,1800.0,34200.0
9470,1074,1,,1,366,1626,1917,2,12600.0,504.0,24696.0
9471,1259,1,,1,391,732,553,1,12000.0,240.0,11760.0
9472,1259,1,,1,391,732,553,1,12000.0,0.0,12000.0
9473,95,2,4,2,803,4,682,2,15000.0,3000.0,27000.0
9474,498,2,4,2,972,4,3056,1,15750.0,787.5,14962.5
9475,214,1,,2,643,286,1240,2,16500.0,0.0,33000.0
9476,214,1,,2,643,286,1240,3,15750.0,945.0,46305.0
9477,214,1,,1,643,286,1240,1,12000.0,600.0,11400.0
9478,346,2,2,1,372,2,2937,1,10800.0,540.0,10260.0
9479,346,2,2,1,372,2,2937,1,12000.0,240.0,11760.0
9480,1205,1,,1,858,206,1247,2,12600.0,1260.0,23940.0
9481,1205,1,,2,858,206,1247,1,15750.0,1575.0,14175.0
9482,1398,1,,2,956,1440,2121,2,15750.0,630.0,30870.0
9483,437,1,,1,875,22,,3,13200.0,792.0,38808.0
9484,1265,2,1,1,983,1,2808,2,12600.0,1260.0,23940.0
9485,12,2,1,2,439,1,1989,2,15750.0,3150.0,28350.0
9486,500,1,,1,911,620,1101,2,12000.0,2400.0,21600.0
9487,500,1,,2,911,620,1101,1,13500.0,270.0,13230.0
9488,946,1,,1,697,1973,2131,1,12000.0,240.0,11760.0
9489,946,1,,1,697,1973,2131,3,10800.0,3240.0,29160.0
9490,946,1,,2,697,1973,2131,3,15000.0,4500.0,40500.0
9491,1415,2,2,2,648,2,2488,2,13500.0,0.0,27000.0
9492,468,1,,2,505,416,763,3,15000.0,2250.0,42750.0
9493,1236,1,,1,796,18,2068,3,12000.0,1800.0,34200.0
9494,583,1,,2,419,260,2566,2,15000.0,600.0,29400.0
9495,583,1,,1,419,260,2566,3,12000.0,1800.0,34200.0
9496,113,1,,2,571,219,38,3,15000.0,2250.0,42750.0
9497,113,1,,2,571,219,38,3,15750.0,0.0,47250.0
9498,266,1,,2,802,642,2693,1,15000.0,750.0,14250.0
9499,266,1,,2,802,642,2693,1,13500.0,270.0,13230.0
9500,1253,1,,1,537,1380,,1,12600.0,1260.0,11340.0
9501,1253,1,,2,537,1380,,1,15000.0,1500.0,13500.0
9502,477,2,1,1,489,1,2599,1,12600.0,630.0,11970.0
9503,180,1,,2,517,1701,763,2,13500.0,1350.0,25650.0
9504,180,1,,2,517,1701,763,1,15000.0,1500.0,13500.0
9505,1012,1,,2,629,1699,,3,15000.0,0.0,45000.0
9506,1012,1,,2,629,1699,,1,15000.0,750.0,14250.0
9507,492,2,4,1,572,4,1388,2,12000.0,1200.0,22800.0
9508,488,2,3,2,966,3,1761,1,15750.0,1575.0,14175.0
9509,529,2,2,1,404,2,427,3,12000.0,0.0,36000.0
9510,956,1,,2,530,2282,,3,15000.0,4500.0,40500.0
9511,956,1,,1,530,2282,,2,10800.0,1080.0,20520.0
9512,1377,2,1,1,437,1,3088,1,13200.0,0.0,13200.0
9513,905,1,,2,526,165,2284,3,15000.0,2250.0,42750.0
9514,1468,2,2,2,369,2,1506,3,15000.0,4500.0,40500.0
9515,1468,2,2,2,369,2,1506,3,13500.0,4050.0,36450.0
9516,1468,2,2,2,369,2,1506,1,15000.0,0.0,15000.0
9517,646,2,2,1,948,2,3009,2,12000.0,0.0,24000.0
9518,634,1,,1,879,2284,2324,1,12000.0,1200.0,10800.0
9519,634,1,,2,879,2284,2324,3,16500.0,0.0,49500.0
9520,1075,1,,1,696,765,122,3,12000.0,0.0,36000.0
9521,1026,1,,2,633,2642,2434,1,15000.0,0.0,15000.0
9522,1226,1,,1,451,787,2734,3,10800.0,0.0,32400.0
9523,1224,1,,1,707,991,1113,1,12000.0,600.0,11400.0
9524,1224,1,,1,707,991,1113,2,12000.0,2400.0,21600.0
9525,407,2,2,1,568,2,2895,1,12000.0,0.0,12000.0
9526,971,1,,1,900,2359,748,1,12600.0,252.0,12348.0
9527,398,1,,2,600,3124,1716,1,15000.0,300.0,14700.0
9528,724,2,2,2,600,2,1237,2,13500.0,1350.0,25650.0
9529,1204,1,,1,374,170,1692,3,13200.0,1980.0,37620.0
9530,1204,1,,2,374,170,1692,1,15000.0,750.0,14250.0
9531,49,1,,2,773,2106,1666,1,15000.0,1500.0,13500.0
9532,818,1,,1,805,2945,28,1,12000.0,240.0,11760.0
9533,818,1,,1,805,2945,28,3,12000.0,1800.0,34200.0
9534,1457,2,1,1,605,1,,2,12600.0,0.0,25200.0
9535,206,1,,1,838,1668,775,3,12000.0,0.0,36000.0
9536,483,1,,2,606,1502,501,2,15750.0,0.0,31500.0
9537,483,1,,2,606,1502,501,1,15750.0,0.0,15750.0
9538,31,1,,1,986,842,,1,10800.0,0.0,10800.0
9539,110,1,,2,802,3196,1522,3,15000.0,0.0,45000.0
9540,447,1,,1,870,2866,2994,3,12000.0,0.0,36000.0
9541,264,2,2,2,702,2,,3,13500.0,2025.0,38475.0
9542,1187,2,4,1,395,4,646,1,12000.0,600.0,11400.0
9543,134,1,,1,534,745,844,3,12000.0,720.0,35280.0
9544,1412,1,,1,1003,2675,136,1,13200.0,660.0,12540.0
9545,1209,1,,2,971,1215,1273,1,16500.0,330.0,16170.0
9546,621,2,4,2,820,4,2092,3,15000.0,0.0,45000.0
9547,621,2,4,1,820,4,2092,2,13200.0,1320.0,25080.0
9548,1348,1,,1,887,3189,584,2,12000.0,2400.0,21600.0
9549,1348,1,,1,887,3189,584,1,10800.0,0.0,10800.0
9550,1348,1,,2,887,3189,584,1,15000.0,300.0,14700.0
9551,383,2,3,1,718,3,84,1,12000.0,1200.0,10800.0
9552,383,2,3,1,718,3,84,1,13200.0,1320.0,11880.0
9553,230,2,4,1,400,4,2702,1,13200.0,0.0,13200.0
9554,230,2,4,2,400,4,2702,3,16500.0,990.0,48510.0
9555,1420,1,,1,508,723,1223,3,12000.0,0.0,36000.0
9556,1180,1,,1,852,1566,147,2,12000.0,2400.0,21600.0
9557,1338,1,,2,815,3001,1339,2,15000.0,1500.0,28500.0
9558,168,2,2,2,887,2,,3,15000.0,0.0,45000.0
9559,1465,2,4,1,609,4,1379,1,12000.0,600.0,11400.0
9560,832,1,,1,946,604,3029,2,12000.0,0.0,24000.0
9561,569,1,,1,761,665,,3,10800.0,1620.0,30780.0
9562,845,2,4,1,843,4,2822,3,12000.0,3600.0,32400.0
9563,961,1,,2,715,2380,2335,2,13500.0,1350.0,25650.0
9564,1383,2,3,1,789,3,1598,2,13200.0,2640.0,23760.0
9565,1211,2,1,2,908,1,,2,15000.0,1500.0,28500.0
9566,316,1,,2,961,1675,1912,2,16500.0,1650.0,31350.0
9567,316,1,,2,961,1675,1912,3,15000.0,900.0,44100.0
9568,1067,1,,1,839,553,612,3,12000.0,3600.0,32400.0
9569,1067,1,,1,839,553,612,1,12000.0,240.0,11760.0
9570,916,2,3,2,616,3,,3,15750.0,0.0,47250.0
9571,1125,2,3,2,428,3,608,3,15000.0,0.0,45000.0
9572,1120,2,4,1,889,4,,3,12000.0,0.0,36000.0
9573,1120,2,4,1,889,4,,3,10800.0,3240.0,29160.0
9574,1130,1,,1,436,2307,2016,3,12000.0,1800.0,34200.0
9575,1426,1,,1,998,1322,1356,3,12000.0,3600.0,32400.0
9576,101,2,1,2,614,1,1252,3,15000.0,0.0,45000.0
9577,1233,2,2,1,436,2,2994,2,10800.0,2160.0,19440.0
9578,441,1,,2,478,2146,1531,2,15750.0,0.0,31500.0
9579,1424,1,,2,712,1287,1350,2,16500.0,660.0,32340.0
9580,357,2,1,1,522,1,576,1,12000.0,1200.0,10800.0
9581,875,2,4,1,743,4,2965,1,12600.0,0.0,12600.0
9582,875,2,4,1,743,4,2965,3,10800.0,3240.0,29160.0
9583,405,1,,2,944,1756,1760,1,15750.0,1575.0,14175.0
9584,405,1,,1,944,1756,1760,3,12000.0,720.0,35280.0
9585,32,2,2,2,818,2,1951,1,16500.0,330.0,16170.0
9586,229,1,,2,766,3096,,3,15000.0,4500.0,40500.0
9587,140,1,,1,833,2488,2921,1,12600.0,1260.0,11340.0
9588,1271,1,,1,667,464,1039,2,10800.0,432.0,21168.0
9589,297,2,1,2,782,1,723,2,15000.0,3000.0,27000.0
9590,297,2,1,2,782,1,723,3,15000.0,4500.0,40500.0
9591,171,1,,2,721,1116,1347,2,15000.0,1500.0,28500.0
9592,1022,1,,2,664,962,360,2,13500.0,1350.0,25650.0
9593,425,2,1,2,608,1,2416,1,15000.0,1500.0,13500.0
9594,250,1,,1,600,1970,1844,1,12000.0,0.0,12000.0
9595,250,1,,2,600,1970,1844,3,13500.0,4050.0,36450.0
9596,1472,2,1,2,729,1,1407,1,15000.0,300.0,14700.0
9597,1294,2,1,2,942,1,1435,2,13500.0,1350.0,25650.0
9598,1294,2,1,1,942,1,1435,2,12000.0,0.0,24000.0
9599,1294,2,1,2,942,1,1435,2,15000.0,3000.0,27000.0
9600,364,2,4,2,493,4,2318,2,15000.0,3000.0,27000.0
9601,364,2,4,2,493,4,2318,1,15750.0,1575.0,14175.0
9602,669,2,2,1,935,2,2080,2,12000.0,2400.0,21600.0
9603,439,2,3,2,921,3,532,3,15000.0,2250.0,42750.0
9604,887,2,1,2,717,1,3104,2,15000.0,1500.0,28500.0
9605,1377,2,2,2,933,2,1987,3,15750.0,945.0,46305.0
9606,1377,2,2,1,933,2,1987,3,12000.0,0.0,36000.0
9607,1377,2,2,2,933,2,1987,3,15000.0,2250.0,42750.0
9608,390,1,,1,979,41,1033,3,12000.0,3600.0,32400.0
9609,1374,2,4,1,942,4,292,3,12000.0,0.0,36000.0
9610,751,1,,2,980,1530,564,3,15750.0,2362.5,44887.5
9611,906,1,,1,623,2839,2156,2,12000.0,1200.0,22800.0
9612,1041,2,4,1,1001,4,3142,3,12600.0,0.0,37800.0
9613,1041,2,4,2,1001,4,3142,3,15000.0,4500.0,40500.0
9614,94,2,4,1,637,4,,3,12000.0,1800.0,34200.0
9615,94,2,4,2,637,4,,3,15000.0,0.0,45000.0
9616,1224,2,2,2,966,2,2815,3,15000.0,0.0,45000.0
9617,1026,1,,2,638,2179,397,3,15000.0,2250.0,42750.0
9618,223,2,4,2,662,4,,1,16500.0,330.0,16170.0
9619,1030,1,,1,539,1431,,1,12000.0,600.0,11400.0
9620,1458,2,2,1,871,2,1027,1,10800.0,0.0,10800.0
9621,1180,2,2,1,383,2,885,1,10800.0,216.0,10584.0
9622,1180,2,2,2,383,2,885,1,15750.0,1575.0,14175.0
9623,1180,2,2,1,383,2,885,2,10800.0,432.0,21168.0
9624,1498,1,,2,663,802,2319,2,13500.0,2700.0,24300.0
9625,771,1,,2,634,2389,,1,16500.0,825.0,15675.0
9626,414,1,,2,531,209,2437,2,15000.0,3000.0,27000.0
9627,705,2,2,1,772,2,1909,3,13200.0,3960.0,35640.0
9628,705,2,2,2,772,2,1909,2,15000.0,1500.0,28500.0
9629,1282,1,,1,740,2896,929,3,12600.0,0.0,37800.0
9630,713,1,,1,985,2487,2762,1,12000.0,600.0,11400.0
9631,737,1,,1,823,2471,2175,2,12000.0,2400.0,21600.0
9632,737,1,,2,823,2471,2175,2,15000.0,600.0,29400.0
9633,1337,2,3,1,757,3,1759,2,12000.0,1200.0,22800.0
9634,1060,1,,2,924,2860,251,3,15750.0,0.0,47250.0
9635,1100,2,1,1,745,1,1025,3,10800.0,3240.0,29160.0
9636,719,1,,1,732,2123,1545,3,12600.0,1890.0,35910.0
9637,1450,1,,1,734,1837,1380,3,12000.0,0.0,36000.0
9638,1450,1,,1,734,1837,1380,2,12000.0,0.0,24000.0
9639,176,1,,1,613,2815,2735,2,12000.0,480.0,23520.0
9640,756,1,,1,829,723,1491,1,10800.0,1080.0,9720.0
9641,1246,2,1,2,652,1,557,1,15750.0,787.5,14962.5
9642,1246,2,1,1,652,1,557,2,13200.0,0.0,26400.0
9643,383,1,,1,789,754,2435,3,12600.0,1890.0,35910.0
9644,383,1,,2,789,754,2435,3,15000.0,900.0,44100.0
9645,383,1,,1,789,754,2435,3,13200.0,3960.0,35640.0
9646,1463,2,2,2,764,2,2236,3,15000.0,4500.0,40500.0
9647,1177,1,,1,425,3002,2446,2,12000.0,1200.0,22800.0
9648,1177,1,,1,425,3002,2446,2,12600.0,1260.0,23940.0
9649,321,2,1,1,867,1,808,1,10800.0,540.0,10260.0
9650,130,2,1,2,565,1,2320,2,15000.0,600.0,29400.0
9651,130,2,1,1,565,1,2320,3,12000.0,720.0,35280.0
9652,1083,2,3,1,418,3,691,1,12000.0,1200.0,10800.0
9653,1161,1,,1,753,3168,257,1,12000.0,600.0,11400.0
9654,1161,1,,1,753,3168,257,1,12000.0,240.0,11760.0
9655,785,2,2,2,459,2,950,2,15000.0,0.0,30000.0
9656,785,2,2,1,459,2,950,1,12000.0,240.0,11760.0
9657,487,1,,1,366,1689,2561,2,12000.0,0.0,24000.0
9658,306,1,,2,724,2687,1821,2,15000.0,0.0,30000.0
9659,1062,2,4,1,552,4,,2,12000.0,0.0,24000.0
9660,1356,2,1,1,509,1,,3,12000.0,3600.0,32400.0
9661,709,1,,2,692,618,,3,16500.0,0.0,49500.0
9662,524,1,,1,844,2743,1782,3,13200.0,0.0,39600.0
9663,1063,2,1,2,689,1,1513,2,15000.0,600.0,29400.0
9664,1063,2,1,1,689,1,1513,2,12000.0,1200.0,22800.0
9665,1149,1,,1,399,2124,446,1,10800.0,216.0,10584.0
9666,552,2,4,1,544,4,103,2,12000.0,2400.0,21600.0
9667,1011,2,3,2,612,3,,1,15000.0,0.0,15000.0
9668,896,1,,1,894,2072,2062,1,12000.0,1200.0,10800.0
9669,896,1,,2,894,2072,2062,2,15000.0,0.0,30000.0
9670,896,1,,2,894,2072,2062,2,15000.0,3000.0,27000.0
9671,762,1,,1,651,2407,3073,2,10800.0,2160.0,19440.0
9672,762,1,,1,651,2407,3073,3,13200.0,792.0,38808.0
9673,812,2,3,2,742,3,2071,3,15000.0,0.0,45000.0
9674,812,2,3,2,742,3,2071,1,15750.0,315.0,15435.0
9675,785,1,,2,473,3051,292,3,15750.0,0.0,47250.0
9676,1088,2,4,2,754,4,606,1,15000.0,1500.0,13500.0
9677,137,2,2,2,756,2,2792,2,16500.0,660.0,32340.0
9678,1341,1,,1,668,1783,1525,3,10800.0,0.0,32400.0
9679,790,1,,1,685,2284,2138,2,12000.0,1200.0,22800.0
9680,790,1,,2,685,2284,2138,1,15000.0,0.0,15000.0
9681,790,1,,2,685,2284,2138,1,15000.0,750.0,14250.0
9682,194,1,,1,801,2987,1136,1,10800.0,540.0,10260.0
9683,1373,1,,1,803,2083,3033,1,12600.0,0.0,12600.0
9684,754,2,4,1,962,4,,1,12000.0,600.0,11400.0
9685,841,1,,1,888,1228,582,2,10800.0,432.0,21168.0
9686,1292,1,,2,754,2651,3134,1,15000.0,750.0,14250.0
9687,1292,1,,1,754,2651,3134,1,12000.0,240.0,11760.0
9688,1300,1,,1,849,2764,,2,10800.0,432.0,21168.0
9689,1059,2,4,1,886,4,,3,12000.0,720.0,35280.0
9690,1420,2,2,2,962,2,1898,3,15750.0,2362.5,44887.5
9691,1420,2,2,2,962,2,1898,1,15750.0,315.0,15435.0
9692,1099,1,,1,887,3140,,1,12000.0,1200.0,10800.0
9693,219,1,,1,879,1451,,2,10800.0,1080.0,20520.0
9694,516,2,4,2,713,4,2236,1,15000.0,0.0,15000.0
9695,355,2,2,1,723,2,2026,2,12000.0,2400.0,21600.0
9696,1448,1,,2,692,977,6,1,16500.0,330.0,16170.0
9697,1448,1,,1,692,977,6,3,12600.0,756.0,37044.0
9698,1448,1,,1,692,977,6,2,12000.0,480.0,23520.0
9699,821,2,1,2,584,1,,2,16500.0,3300.0,29700.0
9700,1494,1,,1,925,2321,1859,3,12000.0,3600.0,32400.0
9701,1265,1,,1,552,1470,1619,3,12000.0,720.0,35280.0
9702,901,1,,1,942,89,235,1,12000.0,600.0,11400.0
9703,901,1,,2,942,89,235,3,15000.0,4500.0,40500.0
9704,1268,1,,2,744,799,3027,1,15000.0,300.0,14700.0
9705,1268,1,,2,744,799,3027,2,15000.0,0.0,30000.0
9706,692,2,4,1,897,4,,3,12000.0,3600.0,32400.0
9707,1497,1,,2,870,589,1640,1,15750.0,315.0,15435.0
9708,1104,1,,1,793,3139,2382,1,12000.0,1200.0,10800.0
9709,862,1,,2,555,18,437,2,16500.0,660.0,32340.0
9710,535,2,3,1,963,3,1528,3,12000.0,0.0,36000.0
9711,281,1,,1,392,124,3085,3,12000.0,3600.0,32400.0
9712,629,1,,2,883,1161,1797,1,15750.0,315.0,15435.0
9713,1161,1,,2,994,2947,741,2,13500.0,540.0,26460.0
9714,1161,1,,1,994,2947,741,3,10800.0,1620.0,30780.0
9715,826,2,4,2,792,4,859,1,15000.0,750.0,14250.0
9716,826,2,4,1,792,4,859,3,12000.0,1800.0,34200.0
9717,890,2,3,1,708,3,2449,1,12000.0,1200.0,10800.0
9718,890,2,3,1,708,3,2449,2,12600.0,1260.0,23940.0
9719,333,1,,1,512,836,1305,2,10800.0,0.0,21600.0
9720,333,1,,1,512,836,1305,3,12000.0,3600.0,32400.0
9721,894,1,,2,603,2172,53,1,15750.0,0.0,15750.0
9722,894,1,,2,603,2172,53,1,13500.0,0.0,13500.0
9723,994,2,3,2,942,3,104,2,15000.0,1500.0,28500.0
9724,936,1,,2,566,1415,2094,1,15000.0,0.0,15000.0
9725,936,1,,2,566,1415,2094,1,15000.0,1500.0,13500.0
9726,936,1,,2,566,1415,2094,3,13500.0,4050.0,36450.0
9727,902,2,4,1,602,4,3096,2,13200.0,0.0,26400.0
9728,902,2,4,1,602,4,3096,2,12000.0,1200.0,22800.0
9729,1139,1,,2,985,252,2595,1,15750.0,1575.0,14175.0
9730,1139,1,,1,985,252,2595,1,12000.0,240.0,11760.0
9731,968,2,1,1,413,1,2597,3,10800.0,0.0,32400.0
9732,968,2,1,1,413,1,2597,1,12600.0,252.0,12348.0
9733,410,1,,2,447,2365,1853,1,15000.0,1500.0,13500.0
9734,410,1,,1,447,2365,1853,1,12600.0,1260.0,11340.0
9735,875,1,,1,481,194,1398,3,12000.0,0.0,36000.0
9736,387,2,3,1,879,3,2324,1,12000.0,0.0,12000.0
9737,387,2,3,1,879,3,2324,2,12000.0,2400.0,21600.0
9738,880,1,,2,973,2818,3161,1,15000.0,1500.0,13500.0
9739,954,1,,1,816,1073,2802,3,10800.0,0.0,32400.0
9740,954,1,,2,816,1073,2802,3,15000.0,4500.0,40500.0
9741,954,1,,1,816,1073,2802,3,12600.0,1890.0,35910.0
9742,933,1,,1,407,8,2156,1,12000.0,0.0,12000.0
9743,933,1,,1,407,8,2156,3,10800.0,0.0,32400.0
9744,1154,1,,1,681,380,701,3,12000.0,3600.0,32400.0
9745,527,2,1,1,866,1,367,2,10800.0,0.0,21600.0
9746,1353,1,,2,550,2927,139,1,13500.0,1350.0,12150.0
9747,667,2,3,2,777,3,2205,3,15000.0,0.0,45000.0
9748,506,1,,1,702,1879,,2,13200.0,528.0,25872.0
9749,517,2,2,1,750,2,2706,3,12600.0,3780.0,34020.0
9750,609,1,,2,683,994,319,2,16500.0,1650.0,31350.0
9751,1139,1,,2,997,2105,,3,13500.0,0.0,40500.0
9752,440,1,,2,525,761,1404,2,15000.0,600.0,29400.0
9753,32,2,3,1,668,3,3087,1,12600.0,1260.0,11340.0
9754,452,1,,2,716,1944,774,3,15000.0,0.0,45000.0
9755,903,1,,2,910,2389,1958,3,15000.0,2250.0,42750.0
9756,850,2,1,1,786,1,335,3,10800.0,1620.0,30780.0
9757,1186,1,,1,655,2468,,3,12000.0,1800.0,34200.0
9758,1186,1,,2,655,2468,,2,16500.0,0.0,33000.0
9759,905,1,,1,874,1089,,3,12600.0,756.0,37044.0
9760,1317,1,,1,576,586,844,2,12600.0,504.0,24696.0
9761,1224,1,,1,652,177,810,1,12000.0,600.0,11400.0
9762,515,1,,1,507,2189,1057,3,12000.0,1800.0,34200.0
9763,81,2,1,2,450,1,1468,1,15750.0,315.0,15435.0
9764,81,2,1,1,450,1,1468,1,12600.0,0.0,12600.0
9765,838,1,,1,732,2823,974,2,10800.0,0.0,21600.0
9766,838,1,,2,732,2823,974,2,15000.0,3000.0,27000.0
9767,1047,1,,1,770,2178,3117,3,12000.0,1800.0,34200.0
9768,949,2,3,2,898,3,,1,15750.0,0.0,15750.0
9769,127,2,1,1,706,1,,3,10800.0,1620.0,30780.0
9770,127,2,1,2,706,1,,1,15000.0,0.0,15000.0
9771,1192,2,3,1,976,3,1507,3,12000.0,720.0,35280.0
9772,1192,2,3,2,976,3,1507,2,15000.0,0.0,30000.0
9773,1389,1,,2,675,1176,957,2,16500.0,0.0,33000.0
9774,1226,1,,1,845,1427,2564,2,12000.0,0.0,24000.0
9775,1226,1,,1,845,1427,2564,3,12000.0,1800.0,34200.0
9776,895,2,1,2,865,1,830,1,15000.0,0.0,15000.0
9777,895,2,1,2,865,1,830,3,15000.0,0.0,45000.0
9778,895,2,1,1,865,1,830,1,12600.0,0.0,12600.0
9779,390,1,,2,446,2793,,2,16500.0,1650.0,31350.0
9780,1130,2,4,1,981,4,,1,12000.0,1200.0,10800.0
9781,915,1,,1,389,1602,135,2,12600.0,504.0,24696.0
9782,354,2,4,2,935,4,921,3,15000.0,4500.0,40500.0
9783,552,1,,2,470,106,1354,3,15000.0,900.0,44100.0
9784,944,1,,1,886,1296,1144,2,12600.0,504.0,24696.0
9785,746,1,,2,827,2781,932,2,15750.0,630.0,30870.0
9786,988,1,,2,818,1963,639,3,15000.0,900.0,44100.0
9787,1184,2,3,1,757,3,1002,2,12000.0,2400.0,21600.0
9788,1019,1,,2,553,1864,987,2,15750.0,0.0,31500.0
9789,433,1,,2,390,1675,2074,2,13500.0,1350.0,25650.0
9790,678,2,1,2,552,1,620,3,13500.0,4050.0,36450.0
9791,873,1,,1,631,1524,1119,2,12000.0,1200.0,22800.0
9792,873,1,,2,631,1524,1119,3,15000.0,0.0,45000.0
9793,1463,2,4,1,778,4,418,2,12600.0,0.0,25200.0
9794,658,1,,2,928,362,2941,1,15000.0,300.0,14700.0
9795,181,2,1,2,755,1,2681,2,13500.0,2700.0,24300.0
9796,1268,1,,2,576,1147,300,1,15000.0,300.0,14700.0
9797,435,1,,2,878,597,111,3,15000.0,900.0,44100.0
9798,543,1,,1,680,93,2363,2,12000.0,1200.0,22800.0
9799,848,1,,2,673,1609,724,2,15750.0,3150.0,28350.0
9800,61,2,4,1,768,4,1390,3,12000.0,720.0,35280.0
9801,61,2,4,1,768,4,1390,1,12000.0,0.0,12000.0
9802,61,2,4,2,768,4,1390,1,13500.0,675.0,12825.0
9803,273,1,,1,923,2899,24,2,12000.0,480.0,23520.0
9804,597,1,,2,871,731,3133,1,15000.0,300.0,14700.0
9805,1395,2,4,2,671,4,479,3,15000.0,2250.0,42750.0
9806,1395,2,4,1,671,4,479,3,13200.0,3960.0,35640.0
9807,1371,1,,1,514,2279,2165,1,12000.0,1200.0,10800.0
9808,1455,1,,1,636,7,2797,1,12600.0,252.0,12348.0
9809,1455,1,,2,636,7,2797,1,15000.0,1500.0,13500.0
9810,1455,1,,1,636,7,2797,1,12000.0,600.0,11400.0
9811,1141,1,,1,806,212,1901,1,12000.0,240.0,11760.0
9812,512,1,,1,496,1969,2058,1,10800.0,540.0,10260.0
9813,512,1,,2,496,1969,2058,2,15000.0,1500.0,28500.0
9814,350,2,2,1,845,2,3111,3,12600.0,3780.0,34020.0
9815,350,2,2,1,845,2,3111,2,12000.0,1200.0,22800.0
9816,812,2,3,2,832,3,2233,3,15000.0,0.0,45000.0
9817,923,1,,2,901,85,1131,1,15000.0,300.0,14700.0
9818,547,1,,2,537,69,1753,3,15000.0,2250.0,42750.0
9819,547,1,,1,537,69,1753,1,12000.0,1200.0,10800.0
9820,1468,2,3,1,798,3,180,3,10800.0,0.0,32400.0
9821,1107,1,,2,716,747,,3,15000.0,4500.0,40500.0
9822,486,2,3,2,682,3,1240,3,15000.0,900.0,44100.0
9823,486,2,3,1,682,3,1240,3,10800.0,648.0,31752.0
9824,486,2,3,1,682,3,1240,3,12000.0,1800.0,34200.0
9825,393,1,,1,468,1713,759,3,10800.0,648.0,31752.0
9826,1076,2,1,2,722,1,311,1,15000.0,750.0,14250.0
9827,474,2,1,2,643,1,,2,15750.0,3150.0,28350.0
9828,1312,1,,1,828,2329,1944,2,12000.0,480.0,23520.0
9829,1305,1,,1,500,2329,467,3,12000.0,0.0,36000.0
9830,1307,1,,1,676,1211,2232,3,12600.0,1890.0,35910.0
9831,1103,1,,2,789,3028,1951,2,15750.0,630.0,30870.0
9832,240,1,,2,527,425,1766,1,16500.0,825.0,15675.0
9833,160,1,,1,979,726,3089,3,12000.0,0.0,36000.0
9834,548,1,,1,416,587,3201,2,12000.0,2400.0,21600.0
9835,1302,1,,1,561,856,1495,2,12600.0,2520.0,22680.0
9836,1110,1,,1,487,930,1773,1,12000.0,600.0,11400.0
9837,1110,1,,2,487,930,1773,1,15000.0,0.0,15000.0
9838,1110,1,,2,487,930,1773,2,15000.0,0.0,30000.0
9839,164,1,,2,904,620,368,1,15000.0,1500.0,13500.0
9840,208,1,,1,900,1907,2705,3,12000.0,1800.0,34200.0
9841,208,1,,1,900,1907,2705,2,12000.0,0.0,24000.0
9842,291,1,,2,884,1622,1352,1,16500.0,1650.0,14850.0
9843,531,1,,1,775,2213,3086,3,12000.0,1800.0,34200.0
9844,615,1,,1,682,641,3105,3,12000.0,720.0,35280.0
9845,80,2,1,1,636,1,870,3,12000.0,3600.0,32400.0
9846,1420,1,,2,469,380,866,3,15000.0,0.0,45000.0
9847,1219,2,2,1,685,2,477,1,12000.0,1200.0,10800.0
9848,774,2,2,1,710,2,408,3,10800.0,648.0,31752.0
9849,774,2,2,1,710,2,408,3,12000.0,3600.0,32400.0
9850,1199,2,4,2,874,4,577,3,15000.0,900.0,44100.0
9851,1435,1,,2,838,3144,2830,3,15000.0,900.0,44100.0
9852,772,2,1,2,562,1,1291,2,16500.0,3300.0,29700.0
9853,474,1,,1,991,836,1445,3,12000.0,3600.0,32400.0
9854,882,1,,1,661,2226,,2,12000.0,2400.0,21600.0
9855,882,1,,2,661,2226,,3,15000.0,2250.0,42750.0
9856,414,2,3,1,593,3,1900,3,12000.0,3600.0,32400.0
9857,376,1,,1,919,1702,450,2,12600.0,504.0,24696.0
9858,376,1,,2,919,1702,450,3,15000.0,900.0,44100.0
9859,376,1,,1,919,1702,450,2,12000.0,0.0,24000.0
9860,1301,2,3,1,767,3,1819,1,12000.0,1200.0,10800.0
9861,1301,2,3,1,767,3,1819,3,12000.0,0.0,36000.0
9862,275,1,,1,419,86,3193,2,12000.0,2400.0,21600.0
9863,275,1,,1,419,86,3193,2,10800.0,0.0,21600.0
9864,1162,1,,1,981,395,2548,3,12000.0,1800.0,34200.0
9865,343,1,,1,792,1075,1226,2,12000.0,1200.0,22800.0
9866,983,2,2,2,640,2,,1,16500.0,825.0,15675.0
9867,448,1,,2,774,623,2456,1,15000.0,750.0,14250.0
9868,861,1,,1,579,1852,865,1,10800.0,540.0,10260.0
9869,1189,2,3,2,555,3,2848,3,15000.0,2250.0,42750.0
9870,1189,2,3,2,555,3,2848,3,16500.0,990.0,48510.0
9871,1189,2,3,1,555,3,2848,2,13200.0,2640.0,23760.0
9872,598,2,1,2,815,1,2202,2,15000.0,0.0,30000.0
9873,560,2,2,2,942,2,,2,13500.0,540.0,26460.0
9874,377,2,1,1,540,1,261,3,13200.0,3960.0,35640.0
9875,118,2,2,2,786,2,2491,3,13500.0,4050.0,36450.0
9876,840,1,,1,649,2326,,3,10800.0,3240.0,29160.0
9877,55,1,,1,909,2626,1989,2,13200.0,528.0,25872.0
9878,1387,1,,1,440,1502,,1,12000.0,600.0,11400.0
9879,1044,1,,2,521,371,568,2,15000.0,600.0,29400.0
9880,1044,1,,2,521,371,568,3,15000.0,4500.0,40500.0
9881,1068,1,,1,505,2007,1874,3,10800.0,0.0,32400.0
9882,1068,1,,1,505,2007,1874,2,12000.0,1200.0,22800.0
9883,1068,1,,2,505,2007,1874,2,15750.0,0.0,31500.0
9884,1324,1,,1,577,2284,35,2,12000.0,1200.0,22800.0
9885,907,1,,1,483,1953,2984,2,12600.0,504.0,24696.0
9886,907,1,,1,483,1953,2984,1,12000.0,0.0,12000.0
9887,1281,1,,2,560,2548,2875,2,15000.0,3000.0,27000.0
9888,1281,1,,2,560,2548,2875,2,15750.0,3150.0,28350.0
9889,555,2,4,2,887,4,14,1,15000.0,1500.0,13500.0
9890,778,1,,2,509,3132,2450,1,15000.0,750.0,14250.0
9891,1001,1,,1,917,2785,2845,2,12000.0,2400.0,21600.0
9892,1188,1,,1,896,1857,1469,2,13200.0,1320.0,25080.0
9893,45,1,,2,523,3060,1542,2,15000.0,0.0,30000.0
9894,1309,2,3,2,641,3,987,3,15000.0,4500.0,40500.0
9895,771,2,4,2,910,4,1209,1,15000.0,300.0,14700.0
9896,510,2,3,1,743,3,2367,3,12000.0,1800.0,34200.0
9897,510,2,3,1,743,3,2367,1,12000.0,0.0,12000.0
9898,1450,1,,2,439,2876,1910,2,15000.0,0.0,30000.0
9899,466,2,1,2,970,1,2468,1,16500.0,330.0,16170.0
9900,466,2,1,2,970,1,2468,3,16500.0,990.0,48510.0
9901,722,1,,1,827,1539,3187,1,12000.0,240.0,11760.0
9902,680,1,,1,861,2427,1698,3,12000.0,1800.0,34200.0
9903,451,2,2,2,823,2,2735,2,15750.0,630.0,30870.0
9904,1001,1,,1,374,989,358,3,12000.0,3600.0,32400.0
9905,1001,1,,2,374,989,358,2,15000.0,600.0,29400.0
9906,1001,1,,2,374,989,358,1,15000.0,0.0,15000.0
9907,1127,1,,2,504,630,315,1,15000.0,0.0,15000.0
9908,1127,1,,1,504,630,315,3,12000.0,0.0,36000.0
9909,1188,2,1,1,1002,1,2842,1,12000.0,600.0,11400.0
9910,481,2,3,2,632,3,1361,3,15000.0,0.0,45000.0
9911,246,1,,1,736,1607,1305,3,10800.0,3240.0,29160.0
9912,246,1,,2,736,1607,1305,2,15000.0,600.0,29400.0
9913,56,2,2,2,646,2,952,2,15000.0,0.0,30000.0
9914,547,1,,1,647,1412,,2,12000.0,480.0,23520.0
9915,547,1,,2,647,1412,,2,13500.0,540.0,26460.0
9916,1304,2,2,2,976,2,823,3,15000.0,900.0,44100.0
9917,1304,2,2,2,976,2,823,3,15000.0,4500.0,40500.0
9918,1304,2,2,2,976,2,823,1,15000.0,300.0,14700.0
9919,1214,2,2,1,639,2,260,3,12000.0,720.0,35280.0
9920,1214,2,2,2,639,2,260,2,15000.0,3000.0,27000.0
9921,903,1,,1,640,342,2550,3,10800.0,0.0,32400.0
9922,1173,1,,2,573,3132,568,3,16500.0,2475.0,47025.0
9923,1173,1,,2,573,3132,568,2,15750.0,1575.0,29925.0
9924,181,1,,2,775,3187,2089,1,13500.0,0.0,13500.0
9925,181,1,,2,775,3187,2089,3,15000.0,4500.0,40500.0
9926,65,2,2,1,930,2,493,3,12000.0,3600.0,32400.0
9927,65,2,2,2,930,2,493,3,16500.0,2475.0,47025.0
9928,1344,2,3,1,617,3,2663,3,13200.0,3960.0,35640.0
9929,1436,2,4,1,418,4,2100,2,12000.0,1200.0,22800.0
9930,1436,2,4,1,418,4,2100,3,12600.0,0.0,37800.0
9931,567,1,,1,738,2620,3158,1,12600.0,0.0,12600.0
9932,100,1,,2,714,2448,2649,1,15000.0,300.0,14700.0
9933,1293,1,,2,573,1082,1228,3,13500.0,2025.0,38475.0
9934,380,1,,1,599,2187,2354,2,12000.0,0.0,24000.0
9935,351,2,1,2,425,1,48,1,16500.0,0.0,16500.0
9936,351,2,1,1,425,1,48,1,12000.0,0.0,12000.0
9937,1029,2,1,1,611,1,1178,1,12000.0,0.0,12000.0
9938,544,2,3,2,573,3,73,3,16500.0,4950.0,44550.0
9939,544,2,3,2,573,3,73,2,15000.0,1500.0,28500.0
9940,916,2,4,1,847,4,1072,3,12000.0,720.0,35280.0
9941,291,2,3,2,646,3,1808,1,15750.0,787.5,14962.5
9942,253,2,3,2,376,3,,3,15000.0,4500.0,40500.0
9943,922,1,,1,928,1679,1718,1,12600.0,630.0,11970.0
9944,347,1,,1,532,2545,673,3,12000.0,3600.0,32400.0
9945,882,2,4,1,977,4,2539,2,12000.0,0.0,24000.0
9946,477,2,1,1,717,1,1151,2,12000.0,1200.0,22800.0
9947,1061,2,3,1,916,3,1540,2,12000.0,0.0,24000.0
9948,292,1,,2,868,832,41,2,13500.0,0.0,27000.0
9949,292,1,,2,868,832,41,1,15000.0,1500.0,13500.0
9950,292,1,,2,868,832,41,1,15750.0,0.0,15750.0
9951,1450,1,,2,374,903,362,1,15000.0,300.0,14700.0
9952,1450,1,,1,374,903,362,3,13200.0,0.0,39600.0
9953,1342,2,2,1,500,2,190,3,12000.0,1800.0,34200.0
9954,930,1,,2,729,431,,2,16500.0,1650.0,31350.0
9955,918,1,,1,725,2721,1249,3,12000.0,0.0,36000.0
9956,1233,2,3,1,696,3,1113,3,12600.0,756.0,37044.0
9957,856,2,4,2,801,4,572,2,15000.0,0.0,30000.0
9958,856,2,4,2,801,4,572,3,15750.0,2362.5,44887.5
9959,111,1,,2,651,94,2865,2,16500.0,660.0,32340.0
9960,10,2,3,2,450,3,,2,16500.0,660.0,32340.0
9961,10,2,3,2,450,3,,2,15000.0,3000.0,27000.0
9962,1016,1,,1,463,1215,1423,2,12000.0,2400.0,21600.0
9963,874,1,,2,991,999,273,2,15000.0,0.0,30000.0
9964,789,1,,1,554,1512,539,3,12000.0,0.0,36000.0
9965,119,2,2,1,685,2,,1,10800.0,540.0,10260.0
9966,413,2,2,2,902,2,,2,15000.0,600.0,29400.0
9967,616,1,,1,480,656,1369,1,13200.0,264.0,12936.0
9968,1239,1,,1,948,970,12,3,12600.0,3780.0,34020.0
9969,1053,2,3,2,760,3,2047,3,16500.0,990.0,48510.0
9970,1053,2,3,2,760,3,2047,3,16500.0,0.0,49500.0
9971,255,1,,1,456,2836,2819,3,12000.0,720.0,35280.0
9972,1123,2,2,1,504,2,897,1,10800.0,540.0,10260.0
9973,1427,1,,2,953,2924,3170,3,16500.0,990.0,48510.0
9974,1427,1,,1,953,2924,3170,2,12000.0,0.0,24000.0
9975,205,2,1,1,492,1,1985,2,12000.0,2400.0,21600.0
9976,878,2,4,2,821,4,3202,3,15000.0,4500.0,40500.0
9977,1416,1,,1,948,1833,933,3,12000.0,720.0,35280.0
9978,440,1,,1,966,3006,2281,2,12000.0,1200.0,22800.0
9979,1366,2,3,1,783,3,760,2,13200.0,1320.0,25080.0
9980,487,1,,2,674,645,2679,2,15000.0,3000.0,27000.0
9981,487,1,,1,674,645,2679,3,13200.0,1980.0,37620.0
9982,487,1,,2,674,645,2679,1,15000.0,1500.0,13500.0
9983,131,1,,2,891,2871,547,3,15000.0,2250.0,42750.0
9984,121,2,4,1,491,4,577,1,10800.0,540.0,10260.0
9985,33,1,,1,720,173,1614,1,12000.0,600.0,11400.0
9986,1445,2,1,1,900,1,2395,3,12600.0,3780.0,34020.0
9987,1031,1,,1,610,499,3070,2,12000.0,480.0,23520.0
9988,154,2,2,2,696,2,626,1,16500.0,1650.0,14850.0
9989,515,1,,2,415,2934,,2,15000.0,600.0,29400.0
9990,1333,2,4,1,427,4,1312,1,10800.0,216.0,10584.0
9991,1408,2,1,1,789,1,2138,1,12600.0,0.0,12600.0
9992,787,1,,1,996,2374,2836,1,12000.0,1200.0,10800.0
9993,679,2,2,1,481,2,501,1,12000.0,1200.0,10800.0
9994,513,2,2,2,428,2,508,3,15000.0,900.0,44100.0
9995,328,1,,1,395,2701,3117,2,12000.0,2400.0,21600.0
9996,68,1,,1,867,2051,432,2,10800.0,432.0,21168.0
9997,615,1,,1,886,1935,2791,1,12000.0,240.0,11760.0
9998,247,1,,1,986,562,1863,3,10800.0,1620.0,30780.0
9999,299,2,4,1,630,4,,2,12600.0,1260.0,23940.0
10000,944,1,,2,764,60,2248,1,16500.0,825.0,15675.0
10001,1048,2,2,1,708,2,831,3,12600.0,756.0,37044.0
10002,1048,2,2,2,708,2,831,1,16500.0,330.0,16170.0
10003,195,1,,2,878,1714,1037,2,15000.0,0.0,30000.0
10004,195,1,,1,878,1714,1037,3,12600.0,756.0,37044.0
10005,195,1,,2,878,1714,1037,2,15000.0,600.0,29400.0
10006,1076,1,,2,899,863,1264,2,15000.0,0.0,30000.0
10007,629,1,,2,828,2128,2775,1,15750.0,787.5,14962.5
10008,1244,2,4,1,627,4,1388,2,12000.0,1200.0,22800.0
10009,1244,2,4,2,627,4,1388,3,15000.0,4500.0,40500.0
10010,1178,2,1,2,690,1,748,2,15000.0,3000.0,27000.0
10011,1259,1,,2,420,1405,907,2,15750.0,0.0,31500.0
10012,1,1,,1,992,853,2602,2,12000.0,480.0,23520.0
10013,1,1,,1,992,853,2602,2,10800.0,0.0,21600.0
10014,873,1,,2,853,644,1280,2,13500.0,2700.0,24300.0
10015,1133,1,,2,929,1537,783,2,15000.0,3000.0,27000.0
10016,166,1,,1,1001,3026,,2,12000.0,2400.0,21600.0
10017,373,2,4,2,543,4,2594,2,15000.0,600.0,29400.0
10018,373,2,4,2,543,4,2594,1,15000.0,1500.0,13500.0
10019,1226,1,,1,491,2479,1404,3,12000.0,1800.0,34200.0
10020,1226,1,,2,491,2479,1404,1,15000.0,0.0,15000.0
10021,587,1,,1,465,2217,2784,3,12000.0,720.0,35280.0
10022,1316,2,1,2,680,1,403,1,15000.0,1500.0,13500.0
10023,766,2,4,1,813,4,2751,1,12000.0,0.0,12000.0
10024,584,2,3,2,449,3,1247,1,15000.0,1500.0,13500.0
10025,594,2,3,2,781,3,1498,1,15000.0,300.0,14700.0
10026,1183,1,,2,700,337,362,1,13500.0,1350.0,12150.0
10027,1189,1,,2,482,2118,1369,1,13500.0,675.0,12825.0
10028,1123,2,2,1,993,2,101,3,12600.0,0.0,37800.0
10029,283,1,,1,706,980,1503,2,12000.0,0.0,24000.0
10030,1236,1,,1,606,2409,,3,12000.0,0.0,36000.0
10031,183,1,,2,462,3189,2098,1,15000.0,750.0,14250.0
10032,340,2,1,1,753,1,13,2,12000.0,480.0,23520.0
10033,796,2,3,2,424,3,1684,2,13500.0,2700.0,24300.0
10034,25,1,,2,884,2790,1671,3,16500.0,2475.0,47025.0
10035,25,1,,2,884,2790,1671,2,15750.0,630.0,30870.0
10036,309,1,,1,689,255,2444,1,13200.0,1320.0,11880.0
10037,880,2,4,1,818,4,630,1,12600.0,630.0,11970.0
10038,880,2,4,2,818,4,630,3,15750.0,2362.5,44887.5
10039,314,1,,2,568,850,894,3,16500.0,0.0,49500.0
10040,1011,1,,1,543,81,208,3,12000.0,1800.0,34200.0
10041,1356,1,,2,844,1615,928,3,15000.0,900.0,44100.0
10042,1356,1,,2,844,1615,928,2,13500.0,540.0,26460.0
10043,250,1,,1,968,1900,280,3,12000.0,720.0,35280.0
10044,971,1,,1,542,3002,2889,2,12000.0,0.0,24000.0
10045,971,1,,1,542,3002,2889,2,12000.0,0.0,24000.0
10046,1085,1,,2,712,313,2072,3,13500.0,0.0,40500.0
10047,355,1,,1,715,947,2369,1,12600.0,0.0,12600.0
10048,863,1,,1,902,936,194,3,12000.0,0.0,36000.0
10049,777,2,1,1,427,1,635,1,12000.0,1200.0,10800.0
10050,446,2,3,2,738,3,485,2,15000.0,3000.0,27000.0
10051,262,2,3,2,820,3,15,2,15000.0,600.0,29400.0
10052,1315,2,1,1,833,1,461,2,12000.0,2400.0,21600.0
10053,658,2,3,2,990,3,1677,2,13500.0,0.0,27000.0
10054,1043,2,1,2,442,1,,2,16500.0,1650.0,31350.0
10055,1043,2,1,1,442,1,,3,12000.0,3600.0,32400.0
10056,1043,2,1,1,442,1,,2,10800.0,0.0,21600.0
10057,347,1,,1,986,3021,2949,3,12000.0,3600.0,32400.0
10058,360,1,,1,596,172,,1,13200.0,264.0,12936.0
10059,360,1,,1,596,172,,3,12000.0,720.0,35280.0
10060,989,1,,1,428,1634,1631,2,13200.0,2640.0,23760.0
10061,1227,1,,2,511,1916,1611,3,15750.0,4725.0,42525.0
10062,1496,1,,1,804,1412,1310,2,12600.0,2520.0,22680.0
10063,410,2,3,2,592,3,177,1,15000.0,1500.0,13500.0
10064,1489,1,,1,445,1135,2815,2,12000.0,480.0,23520.0
10065,1146,1,,2,459,1180,1661,2,15000.0,600.0,29400.0
10066,1246,2,2,1,870,2,2977,2,12600.0,2520.0,22680.0
10067,1306,1,,1,500,912,,1,13200.0,1320.0,11880.0
10068,291,1,,2,678,1004,939,1,15000.0,1500.0,13500.0
10069,1005,1,,2,732,1754,3170,2,15000.0,3000.0,27000.0
10070,592,2,2,1,563,2,2994,1,12600.0,1260.0,11340.0
10071,1220,1,,2,438,1050,254,3,15000.0,900.0,44100.0
10072,1220,1,,1,438,1050,254,2,12600.0,2520.0,22680.0
10073,999,2,3,1,766,3,1622,1,12600.0,0.0,12600.0
10074,647,2,1,2,646,1,2450,3,15000.0,0.0,45000.0
10075,421,2,1,1,521,1,119,1,12000.0,1200.0,10800.0
10076,289,2,4,2,509,4,1858,1,15000.0,300.0,14700.0
10077,436,1,,1,874,667,2181,1,12000.0,1200.0,10800.0
10078,436,1,,1,874,667,2181,3,12000.0,3600.0,32400.0
10079,436,1,,1,874,667,2181,1,10800.0,0.0,10800.0
10080,899,1,,2,430,524,,3,13500.0,810.0,39690.0
10081,1136,1,,1,491,381,2000,3,13200.0,1980.0,37620.0
10082,691,1,,2,366,441,2770,1,15750.0,315.0,15435.0
10083,691,1,,1,366,441,2770,1,12000.0,600.0,11400.0
10084,691,1,,1,366,441,2770,2,12000.0,480.0,23520.0
10085,906,2,4,2,610,4,1626,1,15000.0,300.0,14700.0
10086,436,1,,1,833,1561,1579,1,10800.0,0.0,10800.0
10087,851,2,3,1,940,3,370,3,12600.0,756.0,37044.0
10088,1455,2,3,1,910,3,451,1,12000.0,0.0,12000.0
10089,1421,2,4,2,694,4,2184,3,15000.0,0.0,45000.0
10090,1421,2,4,2,694,4,2184,2,15000.0,600.0,29400.0
10091,629,2,1,1,624,1,661,3,12000.0,3600.0,32400.0
10092,629,2,1,2,624,1,661,1,15000.0,300.0,14700.0
10093,295,1,,1,679,775,1397,3,12000.0,0.0,36000.0
10094,1148,2,2,2,730,2,2429,2,15000.0,0.0,30000.0
10095,248,1,,2,742,1266,584,1,15000.0,750.0,14250.0
10096,377,1,,1,607,1055,211,2,12000.0,1200.0,22800.0
10097,1008,1,,2,389,872,,3,15000.0,4500.0,40500.0
10098,978,1,,1,707,2064,2318,3,12000.0,3600.0,32400.0
10099,1154,1,,2,443,2777,960,3,15000.0,4500.0,40500.0
10100,1168,1,,1,643,2797,310,3,10800.0,0.0,32400.0
10101,1178,2,1,1,590,1,1697,3,12000.0,0.0,36000.0
10102,344,1,,2,616,1740,2813,1,13500.0,675.0,12825.0
10103,344,1,,1,616,1740,2813,2,10800.0,432.0,21168.0
10104,986,2,1,2,635,1,2184,3,15750.0,2362.5,44887.5
10105,986,2,1,2,635,1,2184,3,15000.0,0.0,45000.0
10106,986,2,1,2,635,1,2184,2,13500.0,540.0,26460.0
10107,884,1,,1,609,2017,1045,3,12000.0,1800.0,34200.0
10108,1046,1,,2,514,2697,1340,1,15750.0,0.0,15750.0
10109,1046,1,,1,514,2697,1340,2,12000.0,480.0,23520.0
10110,244,1,,2,982,1265,519,3,15000.0,4500.0,40500.0
10111,1246,1,,1,858,3088,1335,1,12000.0,0.0,12000.0
10112,873,2,4,1,936,4,1290,3,12600.0,0.0,37800.0
10113,988,1,,2,447,318,2253,3,15000.0,4500.0,40500.0
10114,988,1,,2,447,318,2253,3,15000.0,900.0,44100.0
10115,597,2,2,1,784,2,1541,2,12000.0,1200.0,22800.0
10116,1432,1,,2,384,1433,1826,1,15000.0,750.0,14250.0
10117,1432,1,,1,384,1433,1826,2,12000.0,2400.0,21600.0
10118,833,1,,2,895,2939,2336,3,16500.0,4950.0,44550.0
10119,148,1,,2,539,964,2180,3,15000.0,4500.0,40500.0
10120,570,1,,1,871,3081,991,2,12000.0,480.0,23520.0
10121,1102,2,2,2,600,2,,2,13500.0,0.0,27000.0
10122,788,1,,1,627,687,2394,3,12000.0,1800.0,34200.0
10123,788,1,,1,627,687,2394,2,10800.0,432.0,21168.0
10124,252,1,,2,882,2684,1285,2,13500.0,1350.0,25650.0
10125,1442,2,3,1,505,3,2855,1,12000.0,240.0,11760.0
10126,1442,2,3,1,505,3,2855,2,12000.0,1200.0,22800.0
10127,483,2,1,2,448,1,2166,1,15000.0,300.0,14700.0
10128,946,2,4,2,709,4,1282,2,15000.0,600.0,29400.0
10129,946,2,4,2,709,4,1282,2,15750.0,1575.0,29925.0
10130,603,1,,2,768,2905,1138,1,15000.0,1500.0,13500.0
10131,1410,1,,1,608,1941,2568,1,12000.0,600.0,11400.0
10132,857,2,1,1,404,1,1455,1,10800.0,0.0,10800.0
10133,1080,2,1,2,837,1,3126,3,16500.0,2475.0,47025.0
10134,795,1,,1,952,1733,1134,2,10800.0,2160.0,19440.0
10135,926,2,1,1,874,1,535,2,12000.0,1200.0,22800.0
10136,911,2,1,1,530,1,2105,2,12000.0,480.0,23520.0
10137,435,1,,1,629,2129,789,2,12000.0,0.0,24000.0
10138,597,1,,1,367,2574,1932,1,13200.0,264.0,12936.0
10139,817,1,,1,581,2445,2538,1,12600.0,630.0,11970.0
10140,815,1,,1,498,2737,268,3,12600.0,756.0,37044.0
10141,304,1,,1,435,2603,1179,2,10800.0,0.0,21600.0
10142,529,1,,1,884,2597,880,2,10800.0,1080.0,20520.0
10143,832,2,4,2,915,4,973,1,15000.0,300.0,14700.0
10144,1235,1,,1,804,1385,540,3,12000.0,3600.0,32400.0
10145,614,2,1,1,511,1,2918,3,12000.0,0.0,36000.0
10146,951,2,3,1,389,3,2922,1,13200.0,264.0,12936.0
10147,1156,1,,2,640,1553,2465,2,15000.0,3000.0,27000.0
10148,1156,1,,1,640,1553,2465,2,12000.0,1200.0,22800.0
10149,689,2,4,1,573,4,2306,3,12000.0,1800.0,34200.0
10150,1482,1,,2,677,1381,1202,2,15000.0,1500.0,28500.0
10151,243,2,1,1,394,1,770,3,12000.0,0.0,36000.0
10152,243,2,1,2,394,1,770,3,15000.0,4500.0,40500.0
10153,547,1,,2,744,2733,,2,15000.0,600.0,29400.0
10154,292,1,,1,467,2299,1318,2,13200.0,1320.0,25080.0
10155,1145,2,3,2,896,3,,2,16500.0,660.0,32340.0
10156,87,1,,2,663,46,1611,1,15000.0,750.0,14250.0
10157,87,1,,2,663,46,1611,3,13500.0,4050.0,36450.0
10158,87,1,,1,663,46,1611,1,12600.0,1260.0,11340.0
10159,1046,2,4,2,554,4,2296,3,16500.0,2475.0,47025.0
10160,1071,1,,2,422,2484,2436,1,16500.0,330.0,16170.0
10161,1071,1,,2,422,2484,2436,3,15000.0,4500.0,40500.0
10162,758,2,4,2,375,4,907,3,15750.0,945.0,46305.0
10163,149,2,4,1,993,4,1679,3,10800.0,0.0,32400.0
10164,149,2,4,1,993,4,1679,2,12000.0,2400.0,21600.0
10165,809,1,,1,568,1379,3003,3,13200.0,3960.0,35640.0
10166,45,2,4,1,546,4,1916,3,12000.0,720.0,35280.0
10167,423,1,,1,917,633,,1,12000.0,1200.0,10800.0
10168,423,1,,1,917,633,,3,12000.0,3600.0,32400.0
10169,1222,2,4,2,623,4,2734,2,15000.0,3000.0,27000.0
10170,47,1,,2,397,690,2418,3,15000.0,900.0,44100.0
10171,47,1,,2,397,690,2418,2,15000.0,1500.0,28500.0
10172,699,1,,2,563,407,308,2,13500.0,0.0,27000.0
10173,552,1,,1,574,2249,537,1,10800.0,0.0,10800.0
10174,552,1,,2,574,2249,537,2,16500.0,1650.0,31350.0
10175,1202,2,2,1,839,2,,3,13200.0,0.0,39600.0
10176,1365,1,,2,833,1499,14,3,15000.0,900.0,44100.0
10177,409,2,1,2,647,1,2398,3,15000.0,2250.0,42750.0
10178,524,2,4,1,533,4,1212,3,12000.0,1800.0,34200.0
10179,949,2,4,1,832,4,783,3,13200.0,3960.0,35640.0
10180,949,2,4,2,832,4,783,1,16500.0,330.0,16170.0
10181,492,1,,1,619,3088,2781,1,12000.0,0.0,12000.0
10182,492,1,,1,619,3088,2781,3,12000.0,720.0,35280.0
10183,1002,1,,1,780,2437,173,2,10800.0,1080.0,20520.0
10184,976,2,4,2,892,4,259,3,15000.0,4500.0,40500.0
10185,348,2,4,1,904,4,2534,1,12600.0,0.0,12600.0
10186,66,2,2,1,760,2,3031,2,12000.0,0.0,24000.0
10187,968,2,3,1,465,3,318,3,12000.0,3600.0,32400.0
10188,968,2,3,1,465,3,318,1,13200.0,264.0,12936.0
10189,996,1,,1,581,3078,2343,1,12600.0,252.0,12348.0
10190,66,2,3,1,967,3,906,2,12600.0,2520.0,22680.0
10191,1048,1,,1,903,2750,2775,1,12000.0,600.0,11400.0
10192,1048,1,,1,903,2750,2775,2,10800.0,432.0,21168.0
10193,1048,1,,2,903,2750,2775,3,15750.0,945.0,46305.0
10194,820,1,,2,641,1334,,2,15000.0,0.0,30000.0
10195,152,2,1,1,637,1,2986,1,12000.0,600.0,11400.0
10196,152,2,1,1,637,1,2986,2,12000.0,1200.0,22800.0
10197,1431,1,,1,415,2456,2767,1,12600.0,252.0,12348.0
10198,1031,1,,1,940,617,287,3,12000.0,1800.0,34200.0
10199,1237,1,,2,510,496,1423,3,15000.0,0.0,45000.0
10200,874,2,1,2,584,1,1499,3,15000.0,900.0,44100.0
10201,59,1,,2,807,3122,1890,3,15000.0,2250.0,42750.0
10202,59,1,,1,807,3122,1890,1,12600.0,252.0,12348.0
10203,1243,2,4,1,983,4,2100,3,12000.0,0.0,36000.0
10204,1243,2,4,1,983,4,2100,2,12000.0,1200.0,22800.0
10205,921,2,4,2,793,4,732,3,15000.0,2250.0,42750.0
10206,921,2,4,2,793,4,732,2,15000.0,600.0,29400.0
10207,1000,2,2,1,784,2,844,3,12000.0,1800.0,34200.0
10208,484,1,,1,456,1110,2313,1,13200.0,264.0,12936.0
10209,484,1,,2,456,1110,2313,1,15750.0,787.5,14962.5
10210,134,1,,1,414,2998,1815,1,13200.0,0.0,13200.0
10211,1083,1,,2,986,967,2737,1,15000.0,300.0,14700.0
10212,540,2,4,2,749,4,2915,2,15000.0,600.0,29400.0
10213,540,2,4,1,749,4,2915,3,10800.0,0.0,32400.0
10214,976,2,3,2,679,3,1270,3,15000.0,4500.0,40500.0
10215,926,1,,1,724,325,,2,12000.0,480.0,23520.0
10216,881,1,,2,767,2635,2061,2,15750.0,3150.0,28350.0
10217,1388,1,,1,536,2529,812,2,12000.0,2400.0,21600.0
10218,121,2,4,2,748,4,335,2,16500.0,0.0,33000.0
10219,1117,2,1,2,448,1,565,3,13500.0,2025.0,38475.0
10220,182,2,3,1,841,3,1560,1,12600.0,0.0,12600.0
10221,1156,1,,1,949,166,35,2,12000.0,0.0,24000.0
10222,1156,1,,2,949,166,35,3,15000.0,900.0,44100.0
10223,1156,1,,2,949,166,35,3,15000.0,4500.0,40500.0
10224,1075,1,,1,705,2036,2790,3,12000.0,720.0,35280.0
10225,1075,1,,2,705,2036,2790,1,15000.0,1500.0,13500.0
10226,1075,1,,1,705,2036,2790,3,12000.0,0.0,36000.0
10227,1155,2,1,1,906,1,1587,2,12000.0,2400.0,21600.0
10228,1393,1,,2,738,732,1762,3,13500.0,4050.0,36450.0
10229,1393,1,,2,738,732,1762,2,13500.0,1350.0,25650.0
10230,657,2,4,1,609,4,2152,2,10800.0,432.0,21168.0
10231,857,1,,2,807,2046,2736,3,15000.0,2250.0,42750.0
10232,92,1,,1,594,2387,,3,13200.0,792.0,38808.0
10233,217,1,,2,617,1854,328,2,13500.0,0.0,27000.0
10234,217,1,,1,617,1854,328,2,12600.0,1260.0,23940.0
10235,217,1,,2,617,1854,328,3,15750.0,0.0,47250.0
10236,452,2,1,2,571,1,1442,3,15000.0,0.0,45000.0
10237,77,1,,1,645,1113,,1,12000.0,600.0,11400.0
10238,77,1,,2,645,1113,,1,16500.0,0.0,16500.0
10239,733,2,3,2,654,3,2497,1,15000.0,750.0,14250.0
10240,344,1,,2,840,1484,1223,1,15750.0,0.0,15750.0
10241,425,1,,1,863,2789,2229,1,12000.0,0.0,12000.0
10242,1188,2,1,1,387,1,1177,3,12600.0,1890.0,35910.0
10243,1188,2,1,1,387,1,1177,2,13200.0,2640.0,23760.0
10244,226,1,,1,525,1385,2836,3,13200.0,792.0,38808.0
10245,585,2,1,2,776,1,3068,1,15000.0,0.0,15000.0
10246,585,2,1,1,776,1,3068,1,12600.0,252.0,12348.0
10247,1392,1,,2,842,1909,,1,15000.0,1500.0,13500.0
10248,1392,1,,2,842,1909,,3,13500.0,2025.0,38475.0
10249,838,1,,2,784,1648,431,3,15000.0,0.0,45000.0
10250,616,1,,2,574,550,543,3,15000.0,900.0,44100.0
10251,616,1,,1,574,550,543,3,13200.0,1980.0,37620.0
10252,662,2,2,1,418,2,2122,3,13200.0,3960.0,35640.0
10253,662,2,2,1,418,2,2122,3,12000.0,0.0,36000.0
10254,411,1,,1,864,745,1582,3,12000.0,720.0,35280.0
10255,411,1,,1,864,745,1582,2,12000.0,0.0,24000.0
10256,3,1,,1,592,1066,616,1,12000.0,240.0,11760.0
10257,1136,2,2,2,551,2,2622,1,13500.0,1350.0,12150.0
10258,1136,2,2,1,551,2,2622,2,13200.0,2640.0,23760.0
10259,354,2,3,1,441,3,1826,1,12000.0,240.0,11760.0
10260,1289,2,2,1,835,2,2922,2,12000.0,480.0,23520.0
10261,1289,2,2,1,835,2,2922,3,12600.0,0.0,37800.0
10262,941,2,1,2,623,1,1753,3,13500.0,810.0,39690.0
10263,334,1,,2,960,753,2247,1,15750.0,315.0,15435.0
10264,334,1,,1,960,753,2247,1,12600.0,0.0,12600.0
10265,854,2,2,1,678,2,2678,1,12000.0,240.0,11760.0
10266,854,2,2,1,678,2,2678,2,12000.0,480.0,23520.0
10267,1337,2,1,2,1000,1,1048,1,15000.0,0.0,15000.0
10268,720,1,,1,403,1757,2165,2,12000.0,480.0,23520.0
10269,822,1,,1,488,1671,255,1,13200.0,660.0,12540.0
10270,226,1,,1,753,157,976,1,12000.0,0.0,12000.0
10271,226,1,,1,753,157,976,1,10800.0,0.0,10800.0
10272,1224,2,1,1,838,1,,2,13200.0,0.0,26400.0
10273,3,1,,2,1000,99,2922,2,15000.0,3000.0,27000.0
10274,1395,1,,1,602,2504,237,3,12000.0,1800.0,34200.0
10275,1179,2,4,1,836,4,1824,2,12600.0,504.0,24696.0
10276,883,2,2,2,545,2,1283,3,13500.0,2025.0,38475.0
10277,883,2,2,1,545,2,1283,3,12000.0,0.0,36000.0
10278,690,2,4,2,732,4,2202,3,15000.0,2250.0,42750.0
10279,132,2,3,1,937,3,2451,2,12000.0,1200.0,22800.0
10280,303,1,,2,574,455,,3,13500.0,2025.0,38475.0
10281,1444,1,,1,725,1253,2962,2,12000.0,0.0,24000.0
10282,753,1,,2,542,1459,328,1,16500.0,330.0,16170.0
10283,753,1,,1,542,1459,328,3,12000.0,3600.0,32400.0
10284,1066,1,,1,404,2189,1038,2,12000.0,2400.0,21600.0
10285,359,2,4,1,882,4,2271,3,12000.0,0.0,36000.0
10286,120,2,2,2,626,2,1935,1,15000.0,1500.0,13500.0
10287,221,2,2,2,914,2,,1,15000.0,1500.0,13500.0
10288,221,2,2,2,914,2,,3,15000.0,0.0,45000.0
10289,814,2,3,1,858,3,1388,3,12000.0,3600.0,32400.0
10290,926,1,,1,830,714,2126,2,12000.0,480.0,23520.0
10291,926,1,,2,830,714,2126,2,15750.0,630.0,30870.0
10292,98,1,,1,601,2477,804,1,10800.0,0.0,10800.0
10293,1296,1,,2,638,1897,88,2,13500.0,0.0,27000.0
10294,193,1,,1,813,2539,,2,10800.0,1080.0,20520.0
10295,193,1,,1,813,2539,,1,12600.0,0.0,12600.0
10296,628,1,,1,841,2234,,1,12000.0,0.0,12000.0
10297,628,1,,2,841,2234,,1,13500.0,675.0,12825.0
10298,628,1,,2,841,2234,,2,15000.0,3000.0,27000.0
10299,536,2,3,1,999,3,521,1,12000.0,600.0,11400.0
10300,1233,2,3,2,748,3,2183,1,13500.0,675.0,12825.0
10301,1465,2,4,1,839,4,1991,3,12000.0,0.0,36000.0
10302,1465,2,4,2,839,4,1991,3,15000.0,2250.0,42750.0
10303,946,2,3,1,502,3,474,2,12000.0,2400.0,21600.0
10304,890,1,,1,592,1565,795,3,12600.0,3780.0,34020.0
10305,890,1,,1,592,1565,795,3,12000.0,0.0,36000.0
10306,890,1,,1,592,1565,795,1,12000.0,1200.0,10800.0
10307,1477,2,1,1,541,1,1807,3,12000.0,720.0,35280.0
10308,137,2,4,1,831,4,1330,3,13200.0,792.0,38808.0
10309,137,2,4,1,831,4,1330,2,10800.0,432.0,21168.0
10310,1254,2,3,2,974,3,1556,3,15000.0,4500.0,40500.0
10311,763,2,2,1,831,2,2310,2,12600.0,504.0,24696.0
10312,974,1,,2,734,1849,257,1,15000.0,750.0,14250.0
10313,1208,1,,1,916,332,1899,2,12000.0,0.0,24000.0
10314,405,2,4,1,690,4,1226,1,12000.0,240.0,11760.0
10315,405,2,4,2,690,4,1226,1,15000.0,0.0,15000.0
10316,405,2,4,2,690,4,1226,2,13500.0,1350.0,25650.0
10317,1466,1,,1,450,2452,2698,1,12000.0,600.0,11400.0
10318,1440,2,4,1,607,4,1592,2,12000.0,480.0,23520.0
10319,1440,2,4,1,607,4,1592,1,12000.0,240.0,11760.0
10320,686,1,,1,688,2529,233,3,13200.0,792.0,38808.0
10321,686,1,,2,688,2529,233,3,13500.0,810.0,39690.0
10322,1238,1,,1,439,2498,1400,2,13200.0,2640.0,23760.0
10323,1238,1,,1,439,2498,1400,1,12000.0,0.0,12000.0
10324,74,2,4,2,457,4,1022,1,15750.0,1575.0,14175.0
10325,218,1,,2,845,1528,1907,2,15750.0,0.0,31500.0
10326,218,1,,1,845,1528,1907,3,12600.0,1890.0,35910.0
10327,421,1,,1,718,3201,1707,2,12000.0,1200.0,22800.0
10328,203,2,4,1,596,4,3143,2,12000.0,2400.0,21600.0
10329,825,1,,1,446,2551,2744,1,12000.0,600.0,11400.0
10330,1356,1,,1,555,2758,2051,3,12000.0,1800.0,34200.0
10331,793,2,2,2,975,2,3151,2,13500.0,2700.0,24300.0
10332,648,2,1,1,880,1,236,1,12000.0,0.0,12000.0
10333,1377,2,3,1,616,3,1910,2,12000.0,1200.0,22800.0
10334,336,2,1,2,874,1,3178,2,15000.0,0.0,30000.0
10335,409,1,,1,810,2984,2765,3,12000.0,0.0,36000.0
10336,409,1,,2,810,2984,2765,3,13500.0,4050.0,36450.0
10337,143,2,2,2,533,2,2268,1,15000.0,1500.0,13500.0
10338,143,2,2,2,533,2,2268,3,16500.0,4950.0,44550.0
10339,1389,1,,1,735,41,336,2,12000.0,0.0,24000.0
10340,1333,1,,1,843,2127,1699,3,12000.0,1800.0,34200.0
10341,1380,1,,2,699,458,2017,3,15000.0,900.0,44100.0
10342,1380,1,,1,699,458,2017,2,10800.0,432.0,21168.0
10343,1380,1,,2,699,458,2017,3,15750.0,0.0,47250.0
10344,1316,2,4,2,663,4,412,1,13500.0,675.0,12825.0
10345,1316,2,4,1,663,4,412,1,12000.0,0.0,12000.0
10346,614,2,2,1,577,2,2942,2,10800.0,1080.0,20520.0
10347,1451,2,2,1,491,2,301,2,12000.0,1200.0,22800.0
10348,255,1,,1,970,906,575,3,10800.0,0.0,32400.0
10349,761,1,,1,1001,1027,2682,1,12600.0,630.0,11970.0
10350,761,1,,1,1001,1027,2682,1,12000.0,1200.0,10800.0
10351,396,2,1,1,981,1,372,2,12000.0,2400.0,21600.0
10352,1199,2,4,2,996,4,1476,1,15000.0,750.0,14250.0
10353,153,1,,1,660,1326,2085,1,12000.0,0.0,12000.0
10354,1269,2,1,2,653,1,876,2,15000.0,3000.0,27000.0
10355,1269,2,1,2,653,1,876,2,13500.0,2700.0,24300.0
10356,1038,2,2,1,973,2,3186,3,13200.0,792.0,38808.0
10357,359,1,,2,982,663,1093,1,15000.0,1500.0,13500.0
10358,359,1,,2,982,663,1093,1,15000.0,300.0,14700.0
10359,632,1,,2,924,614,3117,1,15000.0,750.0,14250.0
10360,1302,2,3,2,783,3,567,3,15000.0,900.0,44100.0
10361,1327,1,,2,853,2997,1155,1,15000.0,300.0,14700.0
10362,212,1,,1,980,964,1253,2,12600.0,2520.0,22680.0
10363,69,1,,2,556,3002,2193,2,15000.0,600.0,29400.0
10364,1449,1,,1,556,1741,1451,2,12000.0,1200.0,22800.0
10365,250,2,2,1,523,2,736,2,13200.0,0.0,26400.0
10366,717,1,,1,640,72,1941,2,12600.0,1260.0,23940.0
10367,466,2,4,2,785,4,2975,3,15000.0,0.0,45000.0
10368,466,2,4,1,785,4,2975,1,12600.0,0.0,12600.0
10369,217,1,,2,463,1738,330,2,15000.0,0.0,30000.0
10370,214,2,3,2,965,3,765,2,15000.0,3000.0,27000.0
10371,1334,1,,2,860,384,2964,3,15000.0,4500.0,40500.0
10372,1334,1,,2,860,384,2964,2,13500.0,1350.0,25650.0
10373,1334,1,,1,860,384,2964,3,12000.0,3600.0,32400.0
10374,782,2,3,1,684,3,1216,2,12600.0,2520.0,22680.0
10375,801,1,,1,559,1754,151,2,12000.0,2400.0,21600.0
10376,415,1,,2,708,924,,2,15000.0,0.0,30000.0
10377,6,2,3,2,922,3,301,2,15000.0,600.0,29400.0
10378,1021,1,,1,532,1222,1243,3,12000.0,720.0,35280.0
10379,1021,1,,2,532,1222,1243,2,15000.0,1500.0,28500.0
10380,1440,1,,1,535,1368,,1,12000.0,600.0,11400.0
10381,1318,2,2,2,443,2,1360,3,16500.0,2475.0,47025.0
10382,43,2,4,2,810,4,1035,3,15000.0,0.0,45000.0
10383,43,2,4,2,810,4,1035,2,13500.0,540.0,26460.0
10384,710,2,2,1,831,2,3,3,12000.0,1800.0,34200.0
10385,344,2,4,1,663,4,2687,2,12000.0,480.0,23520.0
10386,344,2,4,2,663,4,2687,3,16500.0,0.0,49500.0
10387,1440,1,,1,574,911,1088,2,12000.0,1200.0,22800.0
10388,1420,1,,1,767,1306,234,3,12000.0,3600.0,32400.0
10389,1470,2,4,2,745,4,,1,15750.0,0.0,15750.0
10390,1470,2,4,1,745,4,,1,12000.0,600.0,11400.0
10391,47,2,4,1,445,4,2228,3,12600.0,756.0,37044.0
10392,47,2,4,2,445,4,2228,2,15000.0,1500.0,28500.0
10393,189,2,2,2,990,2,2486,2,15000.0,0.0,30000.0
10394,1312,1,,1,460,572,2010,2,12000.0,480.0,23520.0
10395,594,1,,1,820,281,,2,12000.0,0.0,24000.0
10396,594,1,,1,820,281,,2,13200.0,0.0,26400.0
10397,594,1,,1,820,281,,3,12000.0,3600.0,32400.0
10398,543,1,,2,681,383,,3,15000.0,900.0,44100.0
10399,686,1,,2,561,1275,1907,3,15000.0,0.0,45000.0
10400,106,2,4,2,520,4,2889,2,16500.0,660.0,32340.0
10401,106,2,4,1,520,4,2889,3,12600.0,756.0,37044.0
10402,1416,2,2,1,378,2,1100,2,13200.0,0.0,26400.0
10403,1416,2,2,2,378,2,1100,3,15000.0,2250.0,42750.0
10404,1416,2,2,2,378,2,1100,3,15000.0,900.0,44100.0
10405,716,1,,1,779,2293,2117,3,12000.0,3600.0,32400.0
10406,716,1,,1,779,2293,2117,3,12000.0,1800.0,34200.0
10407,707,1,,1,671,451,2226,1,12600.0,630.0,11970.0
10408,707,1,,1,671,451,2226,2,12000.0,0.0,24000.0
10409,367,1,,2,756,547,2637,3,15750.0,2362.5,44887.5
10410,1483,2,4,1,637,4,,3,10800.0,648.0,31752.0
10411,1483,2,4,2,637,4,,3,15000.0,2250.0,42750.0
10412,216,1,,2,559,662,804,2,15000.0,600.0,29400.0
10413,664,2,1,1,423,1,,2,12000.0,2400.0,21600.0
10414,664,2,1,2,423,1,,1,16500.0,1650.0,14850.0
10415,27,1,,2,423,1282,1061,3,15000.0,4500.0,40500.0
10416,27,1,,2,423,1282,1061,3,15000.0,2250.0,42750.0
10417,569,2,1,1,820,1,3135,3,13200.0,1980.0,37620.0
10418,569,2,1,2,820,1,3135,2,15000.0,0.0,30000.0
10419,185,1,,1,593,2501,1902,1,13200.0,0.0,13200.0
10420,580,1,,2,378,1259,216,2,15000.0,0.0,30000.0
10421,580,1,,2,378,1259,216,3,16500.0,0.0,49500.0
10422,1428,2,4,2,981,4,19,3,15000.0,4500.0,40500.0
10423,930,1,,1,622,3063,1135,3,12000.0,0.0,36000.0
10424,1242,1,,2,665,2873,2817,3,13500.0,2025.0,38475.0
10425,580,1,,2,951,2633,130,2,15000.0,0.0,30000.0
10426,194,1,,2,539,776,1111,2,13500.0,0.0,27000.0
10427,794,1,,1,759,2880,2457,1,12000.0,1200.0,10800.0
10428,794,1,,2,759,2880,2457,1,15750.0,787.5,14962.5
10429,1378,1,,1,645,2446,586,3,12000.0,0.0,36000.0
10430,189,2,1,2,564,1,1376,2,15750.0,1575.0,29925.0
10431,189,2,1,1,564,1,1376,1,12000.0,600.0,11400.0
10432,567,1,,1,788,1204,1976,2,13200.0,528.0,25872.0
10433,1021,2,2,1,406,2,1363,2,10800.0,2160.0,19440.0
10434,1289,2,2,1,669,2,2882,3,13200.0,792.0,38808.0
10435,272,1,,1,414,732,,2,13200.0,0.0,26400.0
10436,1338,1,,1,865,423,1944,3,12000.0,1800.0,34200.0
10437,719,2,4,1,747,4,197,1,12000.0,0.0,12000.0
10438,1162,2,2,1,498,2,609,3,12600.0,756.0,37044.0
10439,507,1,,1,412,2034,,2,12000.0,2400.0,21600.0
10440,1391,2,1,1,568,1,1363,3,12600.0,756.0,37044.0
10441,1391,2,1,2,568,1,1363,1,15750.0,315.0,15435.0
10442,252,2,1,1,837,1,931,3,12000.0,0.0,36000.0
10443,370,1,,1,551,1605,2635,2,12000.0,1200.0,22800.0
10444,658,2,3,1,1001,3,1705,2,12000.0,480.0,23520.0
10445,929,2,4,1,716,4,2722,2,12000.0,480.0,23520.0
10446,929,2,4,1,716,4,2722,3,13200.0,0.0,39600.0
10447,449,1,,2,509,2682,1836,2,15000.0,3000.0,27000.0
10448,449,1,,2,509,2682,1836,2,13500.0,540.0,26460.0
10449,447,1,,1,583,2697,,3,13200.0,792.0,38808.0
10450,863,1,,1,978,1971,,1,10800.0,0.0,10800.0
10451,1276,2,3,1,519,3,442,3,12600.0,1890.0,35910.0
10452,1367,1,,1,821,1686,3055,2,13200.0,2640.0,23760.0
10453,209,1,,2,742,614,1169,1,15000.0,750.0,14250.0
10454,737,2,1,1,992,1,2068,1,12000.0,240.0,11760.0
10455,309,2,2,2,660,2,1728,2,15000.0,600.0,29400.0
10456,1050,1,,1,653,2485,1252,1,10800.0,1080.0,9720.0
10457,115,1,,2,403,655,2820,1,15000.0,0.0,15000.0
10458,115,1,,2,403,655,2820,1,15000.0,300.0,14700.0
10459,549,2,3,2,988,3,933,2,15750.0,3150.0,28350.0
10460,840,1,,1,886,1623,1349,2,12000.0,480.0,23520.0
10461,840,1,,1,886,1623,1349,2,13200.0,0.0,26400.0
10462,616,2,4,2,588,4,996,3,15000.0,900.0,44100.0
10463,616,2,4,2,588,4,996,1,15750.0,0.0,15750.0
10464,885,1,,2,833,2792,,2,15000.0,3000.0,27000.0
10465,659,2,4,1,798,4,1374,2,12000.0,1200.0,22800.0
10466,592,2,4,1,785,4,,1,12000.0,600.0,11400.0
10467,592,2,4,1,785,4,,1,12600.0,1260.0,11340.0
10468,205,1,,1,659,2058,1778,3,12600.0,1890.0,35910.0
10469,205,1,,1,659,2058,1778,3,12000.0,3600.0,32400.0
10470,512,1,,2,523,2475,2265,2,13500.0,1350.0,25650.0
10471,174,1,,1,471,2471,266,1,12000.0,0.0,12000.0
10472,1484,1,,2,593,2729,2892,2,15750.0,0.0,31500.0
10473,1340,1,,1,601,2909,,3,12000.0,720.0,35280.0
10474,794,2,3,1,830,3,2903,1,10800.0,540.0,10260.0
10475,521,1,,1,535,2553,1020,1,10800.0,1080.0,9720.0
10476,1,1,,2,600,192,2821,1,15000.0,1500.0,13500.0
10477,1394,1,,1,784,1413,1886,1,12600.0,252.0,12348.0
10478,521,2,4,2,942,4,1473,2,15000.0,1500.0,28500.0
10479,521,2,4,2,942,4,1473,1,15000.0,750.0,14250.0
10480,900,1,,2,561,111,1919,3,13500.0,0.0,40500.0
10481,714,1,,1,684,2485,1945,1,12000.0,600.0,11400.0
10482,822,1,,2,383,3060,791,2,15000.0,0.0,30000.0
10483,822,1,,2,383,3060,791,1,15000.0,0.0,15000.0
10484,42,2,2,2,492,2,3060,1,15000.0,1500.0,13500.0
10485,261,1,,2,809,2435,,1,13500.0,0.0,13500.0
10486,261,1,,2,809,2435,,1,15000.0,750.0,14250.0
10487,756,1,,1,943,2143,293,1,10800.0,1080.0,9720.0
10488,756,1,,2,943,2143,293,3,15000.0,4500.0,40500.0
10489,866,2,1,1,586,1,2081,3,12600.0,3780.0,34020.0
10490,817,2,3,1,372,3,429,2,12000.0,480.0,23520.0
10491,817,2,3,1,372,3,429,2,10800.0,432.0,21168.0
10492,475,1,,1,547,587,1399,1,12600.0,252.0,12348.0
10493,475,1,,1,547,587,1399,2,12000.0,0.0,24000.0
10494,803,1,,1,452,2165,2324,3,10800.0,648.0,31752.0
10495,28,2,3,1,845,3,327,3,12000.0,1800.0,34200.0
10496,586,2,3,2,817,3,1001,2,15000.0,0.0,30000.0
10497,1075,2,1,2,846,1,291,3,15750.0,2362.5,44887.5
10498,441,1,,1,985,1921,177,1,12000.0,0.0,12000.0
10499,1462,2,4,1,957,4,2500,3,13200.0,0.0,39600.0
10500,320,2,2,2,940,2,250,3,15000.0,4500.0,40500.0
10501,866,2,4,1,416,4,661,2,12000.0,2400.0,21600.0
10502,866,2,4,2,416,4,661,3,16500.0,990.0,48510.0
10503,275,1,,1,602,3049,1719,3,12600.0,0.0,37800.0
10504,275,1,,1,602,3049,1719,2,12000.0,1200.0,22800.0
10505,224,1,,2,643,105,1432,3,15000.0,4500.0,40500.0
10506,1171,1,,1,402,190,1121,3,10800.0,0.0,32400.0
10507,361,1,,2,635,2119,235,3,15000.0,0.0,45000.0
10508,232,1,,2,614,1206,2839,2,15000.0,0.0,30000.0
10509,232,1,,1,614,1206,2839,2,10800.0,432.0,21168.0
10510,232,1,,2,614,1206,2839,2,15000.0,3000.0,27000.0
10511,508,1,,2,378,600,986,1,13500.0,270.0,13230.0
10512,1257,2,1,2,676,1,,2,15000.0,3000.0,27000.0
10513,75,1,,2,929,482,2073,1,15750.0,0.0,15750.0
10514,1008,1,,1,598,2066,924,1,12000.0,240.0,11760.0
10515,1008,1,,1,598,2066,924,2,12000.0,2400.0,21600.0
10516,179,1,,2,836,1056,2829,2,15000.0,3000.0,27000.0
10517,409,2,1,1,634,1,1345,2,12000.0,2400.0,21600.0
10518,437,1,,2,615,259,189,3,15000.0,0.0,45000.0
10519,1339,2,2,1,600,2,,1,12000.0,1200.0,10800.0
10520,700,1,,1,533,2365,2417,2,12000.0,1200.0,22800.0
10521,939,1,,2,638,3046,2034,1,15000.0,1500.0,13500.0
10522,939,1,,1,638,3046,2034,1,12600.0,630.0,11970.0
10523,1398,2,1,1,378,1,166,1,13200.0,660.0,12540.0
10524,1210,1,,1,646,675,1138,1,12000.0,240.0,11760.0
10525,1210,1,,1,646,675,1138,2,13200.0,0.0,26400.0
10526,888,2,3,2,507,3,1699,1,15000.0,750.0,14250.0
10527,549,1,,1,850,522,,3,12000.0,1800.0,34200.0
10528,549,1,,2,850,522,,3,15750.0,4725.0,42525.0
10529,651,2,3,1,488,3,675,1,12000.0,600.0,11400.0
10530,41,2,4,1,683,4,2249,3,13200.0,3960.0,35640.0
10531,1439,2,1,2,737,1,2569,2,15000.0,0.0,30000.0
10532,885,1,,1,978,2133,1619,1,13200.0,660.0,12540.0
10533,728,2,1,2,981,1,2912,1,15000.0,750.0,14250.0
10534,515,1,,1,706,1325,578,2,12000.0,1200.0,22800.0
10535,494,1,,2,794,2605,,1,15000.0,750.0,14250.0
10536,619,1,,2,935,929,561,2,16500.0,660.0,32340.0
10537,619,1,,1,935,929,561,2,12000.0,1200.0,22800.0
10538,619,1,,1,935,929,561,1,12000.0,1200.0,10800.0
10539,600,1,,1,423,360,554,1,12000.0,600.0,11400.0
10540,1315,1,,1,969,1689,3127,3,12000.0,3600.0,32400.0
10541,1315,1,,1,969,1689,3127,2,13200.0,2640.0,23760.0
10542,1033,1,,1,628,2103,1606,1,12000.0,1200.0,10800.0
10543,151,2,4,2,385,4,2931,2,15000.0,600.0,29400.0
10544,847,1,,2,827,681,1656,2,15000.0,3000.0,27000.0
10545,847,1,,2,827,681,1656,1,13500.0,675.0,12825.0
10546,847,1,,1,827,681,1656,1,12000.0,600.0,11400.0
10547,1169,1,,2,542,1603,802,2,15000.0,3000.0,27000.0
10548,704,1,,2,437,1324,428,2,15000.0,0.0,30000.0
10549,704,1,,1,437,1324,428,2,12000.0,2400.0,21600.0
10550,1074,2,1,1,417,1,2293,1,12000.0,0.0,12000.0
10551,877,1,,1,425,1859,2519,3,12000.0,720.0,35280.0
10552,1271,1,,1,822,1512,1357,1,10800.0,540.0,10260.0
10553,1271,1,,2,822,1512,1357,2,16500.0,1650.0,31350.0
10554,786,1,,2,938,2010,1188,1,15000.0,300.0,14700.0
10555,1454,1,,2,387,374,2001,2,15000.0,0.0,30000.0
10556,732,2,2,2,722,2,2844,2,15000.0,3000.0,27000.0
10557,482,1,,2,861,2864,1673,1,15000.0,300.0,14700.0
10558,74,1,,1,736,2375,530,3,12000.0,1800.0,34200.0
10559,1238,1,,1,1001,2313,,3,12000.0,0.0,36000.0
10560,232,1,,1,551,2911,2229,2,12000.0,0.0,24000.0
10561,611,1,,1,769,1427,2310,3,12000.0,1800.0,34200.0
10562,611,1,,1,769,1427,2310,1,12000.0,600.0,11400.0
10563,1275,2,1,2,903,1,1603,3,15750.0,945.0,46305.0
10564,1275,2,1,2,903,1,1603,1,15750.0,1575.0,14175.0
10565,1483,1,,1,513,1185,1483,2,12000.0,0.0,24000.0
10566,571,1,,2,693,1745,2162,2,15000.0,1500.0,28500.0
10567,1008,2,2,1,760,2,1285,2,12000.0,2400.0,21600.0
10568,1008,2,2,2,760,2,1285,1,15750.0,0.0,15750.0
10569,1048,1,,1,769,2620,1218,3,12000.0,720.0,35280.0
10570,252,1,,1,725,699,1431,3,12000.0,1800.0,34200.0
10571,547,1,,1,411,1878,1430,3,12600.0,1890.0,35910.0
10572,547,1,,1,411,1878,1430,2,10800.0,1080.0,20520.0
10573,1038,2,1,1,884,1,1715,3,12000.0,720.0,35280.0
10574,882,2,3,1,988,3,1437,1,10800.0,0.0,10800.0
10575,882,2,3,1,988,3,1437,1,10800.0,1080.0,9720.0
10576,882,2,3,2,988,3,1437,1,15000.0,1500.0,13500.0
10577,261,1,,2,953,3031,975,2,15000.0,1500.0,28500.0
10578,770,1,,2,962,2460,96,3,15000.0,0.0,45000.0
10579,770,1,,1,962,2460,96,2,13200.0,528.0,25872.0
10580,95,2,3,1,879,3,1142,1,12000.0,0.0,12000.0
10581,95,2,3,1,879,3,1142,1,10800.0,1080.0,9720.0
10582,1327,2,1,2,522,1,698,3,13500.0,4050.0,36450.0
10583,1327,2,1,1,522,1,698,2,13200.0,2640.0,23760.0
10584,960,1,,2,873,1711,2214,2,15000.0,3000.0,27000.0
10585,523,2,2,2,849,2,1263,3,15000.0,2250.0,42750.0
10586,1279,2,4,2,379,4,2921,2,15000.0,600.0,29400.0
10587,559,1,,2,397,2286,,1,15750.0,315.0,15435.0
10588,559,1,,1,397,2286,,2,10800.0,2160.0,19440.0
10589,124,2,3,1,894,3,3018,1,12000.0,240.0,11760.0
10590,124,2,3,2,894,3,3018,1,15000.0,1500.0,13500.0
10591,113,2,4,1,599,4,1534,3,12000.0,1800.0,34200.0
10592,1419,2,2,2,966,2,1015,1,15000.0,1500.0,13500.0
10593,1419,2,2,2,966,2,1015,2,15000.0,1500.0,28500.0
10594,1324,1,,1,422,1857,1096,3,12000.0,720.0,35280.0
10595,311,1,,2,934,1975,133,1,15000.0,300.0,14700.0
10596,1135,1,,1,937,796,1934,1,10800.0,0.0,10800.0
10597,828,1,,2,1003,3015,1400,1,16500.0,1650.0,14850.0
10598,158,1,,2,640,1914,1581,2,15000.0,1500.0,28500.0
10599,50,2,2,2,478,2,1424,2,15000.0,0.0,30000.0
10600,50,2,2,2,478,2,1424,1,15000.0,750.0,14250.0
10601,446,2,4,1,814,4,2943,2,12600.0,1260.0,23940.0
10602,27,1,,1,741,2501,2537,3,12000.0,0.0,36000.0
10603,1158,1,,1,404,2886,2692,3,10800.0,3240.0,29160.0
10604,433,2,3,1,676,3,,1,12600.0,1260.0,11340.0
10605,433,2,3,2,676,3,,3,15000.0,900.0,44100.0
10606,140,1,,1,841,2189,430,1,12000.0,0.0,12000.0
10607,609,2,2,2,972,2,981,1,15750.0,315.0,15435.0
10608,1361,1,,2,905,199,689,3,15000.0,4500.0,40500.0
10609,1199,1,,1,760,1552,780,1,12000.0,1200.0,10800.0
10610,19,2,4,2,664,4,619,2,13500.0,2700.0,24300.0
10611,981,2,4,2,411,4,728,2,15000.0,0.0,30000.0
10612,981,2,4,2,411,4,728,3,15000.0,0.0,45000.0
10613,1353,1,,1,427,2625,1298,1,12000.0,600.0,11400.0
10614,1091,1,,2,556,1850,1295,1,13500.0,1350.0,12150.0
10615,284,1,,1,818,3140,2219,2,12000.0,2400.0,21600.0
10616,284,1,,2,818,3140,2219,2,15000.0,0.0,30000.0
10617,31,1,,1,879,1670,3190,3,12000.0,3600.0,32400.0
10618,31,1,,2,879,1670,3190,1,15000.0,1500.0,13500.0
10619,31,1,,1,879,1670,3190,1,10800.0,216.0,10584.0
10620,1392,1,,2,584,783,770,1,16500.0,1650.0,14850.0
10621,601,2,3,1,792,3,2852,2,12600.0,1260.0,23940.0
10622,721,2,4,2,914,4,,1,15000.0,750.0,14250.0
10623,113,1,,1,871,1765,2599,2,12000.0,2400.0,21600.0
10624,740,2,1,1,698,1,1115,2,12000.0,0.0,24000.0
10625,740,2,1,1,698,1,1115,2,12000.0,2400.0,21600.0
10626,868,1,,1,621,1656,612,3,12000.0,1800.0,34200.0
10627,868,1,,1,621,1656,612,2,13200.0,2640.0,23760.0
10628,1450,1,,1,841,1447,1281,3,12000.0,720.0,35280.0
10629,1102,1,,1,859,3168,2394,1,13200.0,660.0,12540.0
10630,735,2,2,1,949,2,2146,2,12000.0,2400.0,21600.0
10631,1373,2,3,2,982,3,630,3,13500.0,2025.0,38475.0
10632,88,1,,2,996,1327,1773,2,13500.0,2700.0,24300.0
10633,427,2,2,2,807,2,1299,2,15000.0,1500.0,28500.0
10634,891,2,1,1,403,1,2339,1,12000.0,600.0,11400.0
10635,254,1,,2,779,1476,1330,1,15000.0,1500.0,13500.0
10636,977,1,,1,474,2171,206,3,12000.0,0.0,36000.0
10637,409,1,,1,708,1770,2586,3,12000.0,1800.0,34200.0
10638,1355,2,4,1,574,4,2009,2,10800.0,432.0,21168.0
10639,813,1,,1,564,7,1678,3,10800.0,648.0,31752.0
10640,672,1,,2,530,851,1209,2,15000.0,600.0,29400.0
10641,354,1,,1,841,1820,2139,2,13200.0,528.0,25872.0
10642,354,1,,2,841,1820,2139,1,16500.0,0.0,16500.0
10643,844,1,,2,907,905,3054,2,15000.0,1500.0,28500.0
10644,829,1,,1,605,1678,,3,12000.0,3600.0,32400.0
10645,568,1,,2,638,3056,109,3,15000.0,900.0,44100.0
10646,205,1,,2,440,667,2594,1,15000.0,300.0,14700.0
10647,1445,2,4,2,635,4,252,2,16500.0,3300.0,29700.0
10648,402,2,2,1,681,2,1767,1,12000.0,0.0,12000.0
10649,1438,2,2,1,397,2,2494,1,13200.0,660.0,12540.0
10650,1438,2,2,1,397,2,2494,3,12000.0,720.0,35280.0
10651,1029,2,1,1,402,1,2626,1,12000.0,600.0,11400.0
10652,1029,2,1,2,402,1,2626,3,15000.0,900.0,44100.0
10653,1235,1,,2,829,2389,2167,2,15000.0,1500.0,28500.0
10654,1235,1,,1,829,2389,2167,3,12000.0,0.0,36000.0
10655,125,1,,1,471,2213,2781,3,12000.0,0.0,36000.0
10656,975,2,1,2,952,1,,2,16500.0,0.0,33000.0
10657,975,2,1,1,952,1,,3,12000.0,1800.0,34200.0
10658,520,1,,2,543,8,791,1,15750.0,1575.0,14175.0
10659,1200,2,1,2,477,1,2690,3,16500.0,990.0,48510.0
10660,168,2,1,2,661,1,2849,3,13500.0,4050.0,36450.0
10661,176,1,,1,542,634,1457,2,13200.0,0.0,26400.0
10662,176,1,,2,542,634,1457,2,13500.0,0.0,27000.0
10663,827,2,1,2,384,1,2439,1,15000.0,300.0,14700.0
10664,827,2,1,2,384,1,2439,2,15000.0,1500.0,28500.0
10665,1323,1,,1,474,1155,1542,3,10800.0,1620.0,30780.0
10666,486,1,,2,382,1898,2793,3,15000.0,900.0,44100.0
10667,158,2,1,2,454,1,1956,3,15000.0,4500.0,40500.0
10668,179,1,,2,541,1163,1310,3,15000.0,4500.0,40500.0
10669,637,1,,1,922,1150,2898,3,12000.0,3600.0,32400.0
10670,637,1,,1,922,1150,2898,1,12600.0,1260.0,11340.0
10671,7,2,2,1,655,2,2969,2,12600.0,1260.0,23940.0
10672,89,2,3,1,534,3,628,3,12000.0,720.0,35280.0
10673,967,2,2,2,500,2,,1,15000.0,0.0,15000.0
10674,1056,1,,2,404,2200,240,3,15000.0,4500.0,40500.0
10675,1056,1,,2,404,2200,240,3,15000.0,2250.0,42750.0
10676,77,2,3,2,401,3,2055,3,13500.0,0.0,40500.0
10677,957,1,,2,484,2093,908,3,15000.0,4500.0,40500.0
10678,957,1,,1,484,2093,908,3,12600.0,1890.0,35910.0
10679,544,1,,1,769,79,2087,3,12000.0,1800.0,34200.0
10680,310,1,,1,419,2332,528,3,12600.0,0.0,37800.0
10681,1336,2,3,2,660,3,2883,3,15000.0,0.0,45000.0
10682,1336,2,3,1,660,3,2883,3,12000.0,1800.0,34200.0
10683,692,1,,1,963,1291,1922,3,13200.0,792.0,38808.0
10684,125,1,,1,699,220,820,3,12000.0,0.0,36000.0
10685,1319,1,,1,798,208,2351,1,12000.0,1200.0,10800.0
10686,46,1,,2,750,566,469,1,16500.0,825.0,15675.0
10687,1053,2,1,1,951,1,1142,2,12000.0,1200.0,22800.0
10688,1053,2,1,2,951,1,1142,2,15000.0,1500.0,28500.0
10689,505,1,,1,491,2241,619,1,12000.0,240.0,11760.0
10690,590,1,,1,638,1972,3045,1,12600.0,630.0,11970.0
10691,740,1,,2,508,1544,,2,15000.0,3000.0,27000.0
10692,1195,1,,1,985,2081,3084,1,12000.0,1200.0,10800.0
10693,514,2,4,1,512,4,350,1,10800.0,216.0,10584.0
10694,514,2,4,2,512,4,350,1,13500.0,270.0,13230.0
10695,612,2,1,2,416,1,1351,2,15000.0,600.0,29400.0
10696,45,1,,2,901,37,96,2,15000.0,1500.0,28500.0
10697,545,2,3,1,580,3,1735,3,13200.0,1980.0,37620.0
10698,538,2,3,1,611,3,,2,12000.0,1200.0,22800.0
10699,329,1,,2,472,39,2842,1,13500.0,675.0,12825.0
10700,406,2,2,2,1001,2,163,1,16500.0,0.0,16500.0
10701,965,1,,2,660,1807,352,2,15000.0,1500.0,28500.0
10702,965,1,,2,660,1807,352,3,15000.0,0.0,45000.0
10703,579,1,,2,821,2435,3036,3,15000.0,2250.0,42750.0
10704,647,1,,2,478,1979,1707,3,15000.0,4500.0,40500.0
10705,821,2,1,2,853,1,1893,3,15000.0,2250.0,42750.0
10706,192,1,,1,494,772,31,2,12000.0,2400.0,21600.0
10707,134,2,1,1,834,1,2566,2,12600.0,2520.0,22680.0
10708,640,2,2,1,642,2,554,1,12000.0,600.0,11400.0
10709,1420,1,,2,466,1973,1321,3,15000.0,0.0,45000.0
10710,675,1,,2,675,227,1063,3,15000.0,4500.0,40500.0
10711,556,1,,1,374,2015,2378,2,12000.0,1200.0,22800.0
10712,930,1,,2,463,1087,1589,1,15000.0,750.0,14250.0
10713,752,1,,1,418,462,,1,13200.0,0.0,13200.0
10714,343,2,2,1,839,2,623,1,13200.0,0.0,13200.0
10715,1098,2,2,1,551,2,,3,12000.0,720.0,35280.0
10716,1098,2,2,1,551,2,,1,12000.0,240.0,11760.0
10717,1188,2,3,1,611,3,1162,1,12000.0,600.0,11400.0
10718,540,1,,2,721,433,2683,1,15000.0,0.0,15000.0
10719,540,1,,2,721,433,2683,1,15000.0,1500.0,13500.0
10720,1005,1,,2,718,755,1939,2,15750.0,1575.0,29925.0
10721,1005,1,,1,718,755,1939,1,12000.0,0.0,12000.0
10722,27,1,,1,561,2611,2542,2,10800.0,432.0,21168.0
10723,1437,1,,1,887,2911,1881,3,10800.0,0.0,32400.0
10724,1268,2,2,1,767,2,1992,1,12000.0,600.0,11400.0
10725,1268,2,2,1,767,2,1992,3,12600.0,3780.0,34020.0
10726,713,1,,2,490,1515,1574,3,15000.0,0.0,45000.0
10727,759,1,,2,709,1256,204,1,15000.0,1500.0,13500.0
10728,396,1,,1,621,2639,71,2,12000.0,0.0,24000.0
10729,827,2,2,2,498,2,212,1,15000.0,1500.0,13500.0
10730,1220,1,,2,629,2663,39,3,15000.0,0.0,45000.0
10731,631,1,,2,458,2568,2361,2,15000.0,0.0,30000.0
10732,1163,1,,1,838,503,2770,3,12600.0,3780.0,34020.0
10733,1163,1,,2,838,503,2770,2,15000.0,600.0,29400.0
10734,1057,1,,2,721,3084,2569,1,15000.0,300.0,14700.0
10735,1373,2,4,1,984,4,333,2,12000.0,2400.0,21600.0
10736,776,1,,1,583,2740,194,2,12000.0,2400.0,21600.0
10737,459,2,2,1,631,2,432,3,12000.0,3600.0,32400.0
10738,459,2,2,1,631,2,432,2,12000.0,2400.0,21600.0
10739,699,2,2,1,930,2,,3,10800.0,1620.0,30780.0
10740,67,1,,1,735,1640,2243,1,10800.0,0.0,10800.0
10741,516,2,2,2,982,2,1608,2,15000.0,600.0,29400.0
10742,516,2,2,2,982,2,1608,3,13500.0,0.0,40500.0
10743,9,2,3,2,667,3,2783,2,15000.0,1500.0,28500.0
10744,1424,2,4,2,682,4,1759,1,15000.0,300.0,14700.0
10745,1424,2,4,2,682,4,1759,1,15000.0,750.0,14250.0
10746,1019,1,,2,706,521,816,1,15000.0,300.0,14700.0
10747,1019,1,,2,706,521,816,2,16500.0,3300.0,29700.0
10748,1069,1,,1,895,868,2600,1,10800.0,540.0,10260.0
10749,1069,1,,1,895,868,2600,3,13200.0,792.0,38808.0
10750,1133,1,,1,462,2333,1773,3,12600.0,0.0,37800.0
10751,1133,1,,1,462,2333,1773,2,12000.0,2400.0,21600.0
10752,882,1,,2,937,1194,658,3,15750.0,2362.5,44887.5
10753,677,2,1,1,928,1,1169,3,13200.0,0.0,39600.0
10754,677,2,1,2,928,1,1169,2,13500.0,0.0,27000.0
10755,20,1,,2,486,11,1463,2,15000.0,1500.0,28500.0
10756,20,1,,2,486,11,1463,1,13500.0,1350.0,12150.0
10757,1151,1,,1,765,2548,2476,2,12000.0,480.0,23520.0
10758,293,2,3,2,958,3,904,3,15000.0,900.0,44100.0
10759,1124,2,1,1,843,1,2270,3,12000.0,0.0,36000.0
10760,340,1,,2,991,2856,136,1,15750.0,1575.0,14175.0
10761,134,2,2,2,890,2,1601,1,15000.0,300.0,14700.0
10762,1315,1,,2,545,730,1616,1,15750.0,1575.0,14175.0
10763,1189,1,,2,731,1253,2843,3,15000.0,900.0,44100.0
10764,368,1,,1,909,1396,,1,12000.0,1200.0,10800.0
10765,1251,2,2,1,613,2,1053,1,10800.0,0.0,10800.0
10766,1242,1,,1,383,1874,1499,1,12000.0,600.0,11400.0
10767,1242,1,,1,383,1874,1499,2,12000.0,480.0,23520.0
10768,987,1,,2,937,1344,,3,15000.0,0.0,45000.0
10769,596,1,,1,713,2158,1196,1,10800.0,540.0,10260.0
10770,973,2,3,1,614,3,349,1,12000.0,0.0,12000.0
10771,973,2,3,2,614,3,349,2,16500.0,0.0,33000.0
10772,1210,1,,1,913,495,2986,3,12000.0,3600.0,32400.0
10773,14,1,,1,538,2719,1757,3,12600.0,3780.0,34020.0
10774,409,1,,1,522,1283,326,3,12000.0,3600.0,32400.0
10775,409,1,,2,522,1283,326,1,16500.0,0.0,16500.0
10776,616,1,,1,681,200,2170,1,10800.0,1080.0,9720.0
10777,233,2,2,2,803,2,1166,1,15000.0,300.0,14700.0
10778,233,2,2,2,803,2,1166,1,13500.0,1350.0,12150.0
10779,835,1,,1,911,3096,,3,13200.0,1980.0,37620.0
10780,835,1,,2,911,3096,,1,15000.0,0.0,15000.0
10781,90,1,,2,759,2661,2613,3,15000.0,2250.0,42750.0
10782,90,1,,2,759,2661,2613,2,15000.0,0.0,30000.0
10783,90,1,,1,759,2661,2613,2,12600.0,1260.0,23940.0
10784,791,1,,1,662,1644,2310,3,12000.0,0.0,36000.0
10785,791,1,,1,662,1644,2310,1,10800.0,540.0,10260.0
10786,664,1,,1,397,1552,2822,3,12000.0,3600.0,32400.0
10787,1473,2,1,1,791,1,78,2,12000.0,0.0,24000.0
10788,436,2,2,1,502,2,1120,3,12600.0,756.0,37044.0
10789,899,2,3,1,749,3,,1,12000.0,600.0,11400.0
10790,899,2,3,1,749,3,,1,12000.0,0.0,12000.0
10791,1202,1,,2,911,646,1638,3,15000.0,2250.0,42750.0
10792,1202,1,,1,911,646,1638,3,12600.0,1890.0,35910.0
10793,800,2,3,2,503,3,3082,1,15000.0,750.0,14250.0
10794,303,2,3,1,630,3,2195,2,12000.0,0.0,24000.0
10795,303,2,3,1,630,3,2195,2,12000.0,1200.0,22800.0
10796,401,2,1,2,441,1,670,1,16500.0,330.0,16170.0
10797,107,1,,2,857,2000,1919,2,15750.0,1575.0,29925.0
10798,1092,2,2,1,635,2,539,2,12600.0,2520.0,22680.0
10799,1092,2,2,1,635,2,539,2,10800.0,432.0,21168.0
10800,1387,2,2,2,733,2,292,1,15000.0,1500.0,13500.0
10801,427,1,,2,864,1362,2258,2,15000.0,600.0,29400.0
10802,427,1,,2,864,1362,2258,3,15750.0,0.0,47250.0
10803,963,2,2,1,626,2,2709,1,13200.0,264.0,12936.0
10804,1471,2,1,2,619,1,1290,1,15000.0,300.0,14700.0
10805,118,2,3,1,771,3,2419,1,12000.0,0.0,12000.0
10806,552,1,,2,965,1880,2024,2,15000.0,600.0,29400.0
10807,543,1,,2,600,579,2310,3,15000.0,900.0,44100.0
10808,543,1,,1,600,579,2310,2,12000.0,1200.0,22800.0
10809,543,1,,2,600,579,2310,2,13500.0,0.0,27000.0
10810,755,1,,1,486,3203,737,3,10800.0,0.0,32400.0
10811,1410,1,,2,951,134,2216,1,15000.0,300.0,14700.0
10812,1410,1,,1,951,134,2216,3,10800.0,3240.0,29160.0
10813,47,2,4,1,605,4,2690,1,12600.0,0.0,12600.0
10814,47,2,4,1,605,4,2690,3,12600.0,1890.0,35910.0
10815,879,1,,1,785,2155,2464,2,10800.0,1080.0,20520.0
10816,724,2,4,1,679,4,506,1,12600.0,630.0,11970.0
10817,724,2,4,1,679,4,506,3,13200.0,792.0,38808.0
10818,1355,1,,1,916,1316,,3,13200.0,0.0,39600.0
10819,1355,1,,1,916,1316,,3,12000.0,720.0,35280.0
10820,506,1,,1,667,882,1194,1,12000.0,1200.0,10800.0
10821,1329,1,,1,484,573,106,1,12000.0,1200.0,10800.0
10822,344,2,2,2,842,2,3157,2,15750.0,1575.0,29925.0
10823,241,1,,1,691,658,351,2,12000.0,0.0,24000.0
10824,406,2,2,1,701,2,3093,3,10800.0,648.0,31752.0
10825,201,2,4,2,868,4,527,3,15000.0,2250.0,42750.0
10826,1499,1,,1,538,2736,1689,2,12000.0,480.0,23520.0
10827,785,2,3,1,817,3,,2,12000.0,1200.0,22800.0
10828,1493,2,4,1,611,4,1559,1,12000.0,240.0,11760.0
10829,797,1,,2,494,3199,692,3,16500.0,2475.0,47025.0
10830,1008,1,,1,728,2894,1372,2,12000.0,1200.0,22800.0
10831,1198,1,,1,833,426,2879,2,12000.0,0.0,24000.0
10832,1258,1,,1,775,3182,1262,2,10800.0,2160.0,19440.0
10833,68,2,2,1,429,2,700,3,12000.0,1800.0,34200.0
10834,788,1,,1,746,2075,1554,3,12000.0,3600.0,32400.0
10835,594,1,,1,748,1976,,1,12000.0,0.0,12000.0
10836,594,1,,1,748,1976,,2,12000.0,0.0,24000.0
10837,1149,1,,2,367,461,3026,2,15000.0,600.0,29400.0
10838,1149,1,,2,367,461,3026,2,13500.0,540.0,26460.0
10839,97,1,,2,848,2230,2772,1,13500.0,1350.0,12150.0
10840,1457,1,,2,382,1041,2904,2,15000.0,600.0,29400.0
10841,630,1,,1,525,2516,1619,3,12000.0,0.0,36000.0
10842,156,2,2,1,896,2,1197,1,12600.0,630.0,11970.0
10843,528,1,,2,738,2578,18,2,15750.0,630.0,30870.0
10844,528,1,,2,738,2578,18,2,16500.0,1650.0,31350.0
10845,1148,2,2,1,1004,2,,1,10800.0,1080.0,9720.0
10846,1148,2,2,2,1004,2,,1,15000.0,750.0,14250.0
10847,457,2,2,1,869,2,1275,2,12600.0,2520.0,22680.0
10848,691,1,,2,839,201,42,3,15750.0,0.0,47250.0
10849,1475,1,,2,584,789,,1,16500.0,1650.0,14850.0
10850,1475,1,,2,584,789,,2,16500.0,0.0,33000.0
10851,377,1,,2,890,2882,2564,1,16500.0,825.0,15675.0
10852,377,1,,2,890,2882,2564,1,15000.0,0.0,15000.0
10853,656,1,,2,574,1827,396,3,15000.0,4500.0,40500.0
10854,656,1,,1,574,1827,396,3,12000.0,3600.0,32400.0
10855,475,1,,1,541,2789,2707,2,12000.0,2400.0,21600.0
10856,488,1,,1,541,2155,1589,2,12000.0,0.0,24000.0
10857,279,2,4,1,975,4,3059,3,12600.0,0.0,37800.0
10858,719,1,,1,508,516,1364,2,12600.0,1260.0,23940.0
10859,371,1,,2,919,397,2952,3,15750.0,0.0,47250.0
10860,728,2,4,1,702,4,2550,3,12000.0,720.0,35280.0
10861,728,2,4,2,702,4,2550,1,15000.0,1500.0,13500.0
10862,1413,1,,2,863,997,1448,2,13500.0,540.0,26460.0
10863,1413,1,,1,863,997,1448,2,10800.0,2160.0,19440.0
10864,1413,1,,1,863,997,1448,3,12000.0,3600.0,32400.0
10865,996,1,,1,740,2760,2474,1,10800.0,216.0,10584.0
10866,992,1,,1,995,1448,1983,1,13200.0,264.0,12936.0
10867,992,1,,2,995,1448,1983,2,15000.0,600.0,29400.0
10868,275,2,2,2,833,2,1124,3,15000.0,0.0,45000.0
10869,275,2,2,2,833,2,1124,3,13500.0,4050.0,36450.0
10870,1448,1,,2,973,75,2642,1,15000.0,300.0,14700.0
10871,1277,1,,2,958,1326,2570,1,15750.0,787.5,14962.5
10872,1277,1,,2,958,1326,2570,1,15000.0,750.0,14250.0
10873,215,1,,1,811,3115,,1,13200.0,660.0,12540.0
10874,274,1,,2,605,3025,2994,3,15750.0,2362.5,44887.5
10875,174,2,2,2,393,2,2125,1,15000.0,1500.0,13500.0
10876,251,2,1,1,688,1,,2,12000.0,2400.0,21600.0
10877,386,1,,2,843,3099,895,2,15750.0,0.0,31500.0
10878,602,1,,2,374,2936,120,2,13500.0,1350.0,25650.0
10879,884,1,,1,381,1708,1618,2,12000.0,0.0,24000.0
10880,884,1,,1,381,1708,1618,2,10800.0,432.0,21168.0
10881,129,2,2,2,438,2,3096,2,15000.0,0.0,30000.0
10882,129,2,2,2,438,2,3096,2,15000.0,600.0,29400.0
10883,871,2,3,1,403,3,1875,2,12000.0,480.0,23520.0
10884,888,2,1,2,484,1,,1,15000.0,0.0,15000.0
10885,888,2,1,2,484,1,,3,15000.0,900.0,44100.0
10886,888,2,1,1,484,1,,2,13200.0,1320.0,25080.0
10887,64,2,4,1,850,4,1660,3,12000.0,3600.0,32400.0
10888,474,1,,1,960,1875,1847,1,10800.0,216.0,10584.0
10889,474,1,,1,960,1875,1847,1,13200.0,264.0,12936.0
10890,473,2,1,1,981,1,2526,2,12000.0,1200.0,22800.0
10891,3,1,,1,392,2673,540,1,10800.0,540.0,10260.0
10892,662,1,,1,797,3079,419,1,12600.0,252.0,12348.0
10893,533,1,,1,384,1873,,3,12600.0,0.0,37800.0
10894,533,1,,1,384,1873,,3,12000.0,0.0,36000.0
10895,533,1,,2,384,1873,,3,15750.0,2362.5,44887.5
10896,951,1,,1,711,208,1222,3,12600.0,3780.0,34020.0
10897,431,2,3,2,658,3,1060,2,15000.0,0.0,30000.0
10898,124,2,1,1,565,1,1885,2,10800.0,0.0,21600.0
10899,401,2,1,1,443,1,2183,1,12000.0,240.0,11760.0
10900,177,2,1,1,857,1,284,2,12000.0,0.0,24000.0
10901,177,2,1,1,857,1,284,3,12000.0,1800.0,34200.0
10902,177,2,1,1,857,1,284,3,10800.0,3240.0,29160.0
10903,2,2,3,1,970,3,1777,1,13200.0,0.0,13200.0
10904,1368,2,2,2,701,2,2726,1,15000.0,1500.0,13500.0
10905,77,1,,1,871,2287,1529,2,12600.0,0.0,25200.0
10906,1427,1,,2,998,2577,1868,1,15000.0,1500.0,13500.0
10907,1052,1,,2,914,2566,1715,1,15750.0,0.0,15750.0
10908,394,1,,1,790,1607,2097,2,10800.0,0.0,21600.0
10909,1145,2,3,1,771,3,157,3,12000.0,3600.0,32400.0
10910,778,1,,1,573,179,1868,2,13200.0,528.0,25872.0
10911,731,1,,1,472,1706,1661,1,12600.0,1260.0,11340.0
10912,332,2,1,1,888,1,,3,13200.0,792.0,38808.0
10913,1363,2,1,1,900,1,,3,12000.0,1800.0,34200.0
10914,1480,1,,1,751,286,880,1,12000.0,600.0,11400.0
10915,459,2,1,2,553,1,1490,1,15000.0,1500.0,13500.0
10916,16,1,,1,446,3162,548,3,12000.0,0.0,36000.0
10917,16,1,,2,446,3162,548,3,15000.0,2250.0,42750.0
10918,1137,1,,2,691,2470,2173,1,15750.0,1575.0,14175.0
10919,1456,1,,2,510,1536,275,3,15000.0,0.0,45000.0
10920,1253,1,,2,792,277,1046,1,15000.0,300.0,14700.0
10921,1296,2,2,1,586,2,829,1,12600.0,0.0,12600.0
10922,475,2,2,2,712,2,1388,1,13500.0,270.0,13230.0
10923,436,1,,1,422,1623,1269,1,12600.0,1260.0,11340.0
10924,1114,1,,1,589,2769,1025,3,12000.0,1800.0,34200.0
10925,350,2,1,1,814,1,1693,3,12600.0,1890.0,35910.0
10926,98,2,2,1,879,2,275,3,12000.0,1800.0,34200.0
10927,766,1,,2,739,1875,2291,3,15000.0,4500.0,40500.0
10928,112,2,2,1,526,2,,1,12000.0,600.0,11400.0
10929,387,1,,1,662,3003,1813,1,10800.0,0.0,10800.0
10930,37,1,,1,473,2245,1053,1,12000.0,0.0,12000.0
10931,354,1,,2,599,2367,1883,1,13500.0,270.0,13230.0
10932,154,2,4,2,792,4,2199,1,15000.0,750.0,14250.0
10933,533,1,,1,696,2625,533,2,12000.0,1200.0,22800.0
10934,533,1,,2,696,2625,533,1,15000.0,750.0,14250.0
10935,853,2,4,1,380,4,1789,3,13200.0,0.0,39600.0
10936,410,2,2,1,481,2,1736,2,10800.0,1080.0,20520.0
10937,674,1,,2,738,825,1412,2,13500.0,540.0,26460.0
10938,674,1,,1,738,825,1412,1,12600.0,630.0,11970.0
10939,806,2,1,1,537,1,2087,1,12000.0,600.0,11400.0
10940,806,2,1,1,537,1,2087,3,10800.0,1620.0,30780.0
10941,1003,2,1,1,685,1,202,3,12600.0,756.0,37044.0
10942,621,1,,1,875,3198,2449,3,12000.0,3600.0,32400.0
10943,951,2,3,1,552,3,1023,3,12000.0,720.0,35280.0
10944,34,2,3,2,610,3,1560,1,16500.0,825.0,15675.0
10945,3,1,,1,869,2946,3035,1,12600.0,630.0,11970.0
10946,1086,1,,1,905,1513,2998,1,10800.0,540.0,10260.0
10947,1086,1,,2,905,1513,2998,2,15000.0,600.0,29400.0
10948,1081,1,,2,721,1687,1105,1,15000.0,1500.0,13500.0
10949,832,2,1,1,837,1,236,3,12600.0,3780.0,34020.0
10950,832,2,1,2,837,1,236,3,15000.0,0.0,45000.0
10951,714,2,2,1,766,2,885,1,12000.0,600.0,11400.0
10952,489,2,3,1,679,3,153,3,10800.0,3240.0,29160.0
10953,57,1,,2,702,259,2959,2,15750.0,630.0,30870.0
10954,57,1,,2,702,259,2959,1,15000.0,750.0,14250.0
10955,631,2,1,1,997,1,,3,12000.0,1800.0,34200.0
10956,1486,1,,1,804,813,3079,3,12600.0,756.0,37044.0
10957,1486,1,,1,804,813,3079,3,12000.0,0.0,36000.0
10958,1486,1,,2,804,813,3079,1,15000.0,0.0,15000.0
10959,469,1,,2,804,957,872,2,15000.0,3000.0,27000.0
10960,1049,2,3,1,658,3,,2,13200.0,528.0,25872.0
10961,300,1,,1,503,2874,,3,12000.0,1800.0,34200.0
10962,1291,1,,1,855,1525,2707,3,12000.0,3600.0,32400.0
10963,268,2,3,1,748,3,1121,1,12000.0,1200.0,10800.0
10964,452,1,,1,701,732,2722,2,12000.0,2400.0,21600.0
10965,452,1,,1,701,732,2722,2,12000.0,0.0,24000.0
10966,541,1,,1,392,998,1528,3,12000.0,720.0,35280.0
10967,541,1,,2,392,998,1528,3,15000.0,4500.0,40500.0
10968,1315,1,,1,463,2801,2033,1,12000.0,0.0,12000.0
10969,1489,1,,1,836,724,517,2,10800.0,2160.0,19440.0
10970,55,1,,1,919,3016,3079,2,12000.0,2400.0,21600.0
10971,73,2,1,2,984,1,2094,3,15000.0,2250.0,42750.0
10972,73,2,1,2,984,1,2094,1,15000.0,750.0,14250.0
10973,73,2,1,2,984,1,2094,1,15000.0,0.0,15000.0
10974,315,1,,2,505,1321,476,3,16500.0,4950.0,44550.0
10975,315,1,,1,505,1321,476,3,12000.0,720.0,35280.0
10976,1254,2,4,1,930,4,1115,1,12000.0,240.0,11760.0
10977,1434,2,3,1,514,3,1304,3,12600.0,1890.0,35910.0
10978,1434,2,3,2,514,3,1304,3,15000.0,2250.0,42750.0
10979,1240,1,,1,963,2737,3064,2,10800.0,2160.0,19440.0
10980,1184,1,,1,434,1283,118,3,13200.0,792.0,38808.0
10981,1045,1,,2,925,2371,617,1,15000.0,750.0,14250.0
10982,1476,1,,2,673,649,690,1,15000.0,750.0,14250.0
10983,1476,1,,1,673,649,690,3,12000.0,1800.0,34200.0
10984,539,1,,1,604,422,2926,1,12000.0,240.0,11760.0
10985,342,1,,2,907,715,1544,2,15000.0,0.0,30000.0
10986,748,1,,2,925,1679,1920,3,16500.0,4950.0,44550.0
10987,1308,2,1,1,867,1,1289,3,12000.0,0.0,36000.0
10988,1245,2,2,2,752,2,,3,15000.0,2250.0,42750.0
10989,487,1,,2,868,2499,1167,2,15000.0,0.0,30000.0
10990,487,1,,2,868,2499,1167,1,13500.0,1350.0,12150.0
10991,1371,2,3,2,661,3,2233,3,15000.0,0.0,45000.0
10992,1493,1,,1,782,2838,713,2,12000.0,480.0,23520.0
10993,1027,1,,1,669,2671,2511,3,12000.0,1800.0,34200.0
10994,778,1,,2,941,55,536,3,15000.0,2250.0,42750.0
10995,240,1,,1,821,496,1094,1,12600.0,1260.0,11340.0
10996,254,2,3,1,621,3,2479,2,12000.0,1200.0,22800.0
10997,621,1,,1,703,2447,3132,1,12000.0,600.0,11400.0
10998,958,2,4,1,626,4,403,1,12000.0,1200.0,10800.0
10999,1281,1,,2,849,2219,,2,15000.0,3000.0,27000.0
11000,1281,1,,2,849,2219,,3,15750.0,0.0,47250.0
11001,483,2,3,2,713,3,2323,2,16500.0,660.0,32340.0
11002,483,2,3,2,713,3,2323,3,15000.0,900.0,44100.0
11003,674,2,4,1,981,4,,1,12000.0,240.0,11760.0
11004,674,2,4,2,981,4,,3,13500.0,810.0,39690.0
11005,520,2,4,1,403,4,2327,3,12000.0,720.0,35280.0
11006,757,1,,1,862,1745,1651,3,12000.0,1800.0,34200.0
11007,614,2,2,2,954,2,286,1,15000.0,0.0,15000.0
11008,1392,1,,2,667,2674,2261,1,15000.0,750.0,14250.0
11009,748,2,4,2,645,4,574,1,15750.0,0.0,15750.0
11010,492,2,2,1,662,2,1167,3,12000.0,1800.0,34200.0
11011,492,2,2,1,662,2,1167,2,10800.0,1080.0,20520.0
11012,603,1,,2,908,1771,77,3,15000.0,0.0,45000.0
11013,161,2,3,2,828,3,963,3,13500.0,810.0,39690.0
11014,352,1,,2,985,1644,2267,2,15000.0,3000.0,27000.0
11015,929,1,,1,830,2196,1033,2,12000.0,2400.0,21600.0
11016,991,1,,1,470,1913,2533,2,12600.0,2520.0,22680.0
11017,179,1,,1,457,1567,1456,2,13200.0,2640.0,23760.0
11018,658,2,4,2,884,4,2909,3,15000.0,2250.0,42750.0
11019,658,2,4,2,884,4,2909,1,15000.0,1500.0,13500.0
11020,658,2,4,1,884,4,2909,1,12000.0,240.0,11760.0
11021,1483,1,,1,658,1750,2279,1,12000.0,0.0,12000.0
11022,1483,1,,1,658,1750,2279,1,12000.0,600.0,11400.0
11023,735,1,,2,997,203,2313,3,15000.0,0.0,45000.0
11024,1241,1,,2,603,1741,348,1,15000.0,1500.0,13500.0
11025,1241,1,,1,603,1741,348,1,10800.0,540.0,10260.0
11026,1489,1,,2,961,2209,2337,3,15000.0,4500.0,40500.0
11027,358,1,,2,928,2194,1449,3,15000.0,2250.0,42750.0
11028,478,2,1,1,978,1,1883,1,12000.0,0.0,12000.0
11029,700,2,1,1,478,1,853,3,12000.0,720.0,35280.0
11030,240,2,3,2,850,3,,2,15000.0,0.0,30000.0
11031,240,2,3,2,850,3,,1,15000.0,1500.0,13500.0
11032,935,2,3,1,618,3,1023,2,12000.0,1200.0,22800.0
11033,935,2,3,2,618,3,1023,1,15000.0,750.0,14250.0
11034,566,1,,2,640,2079,1650,3,15000.0,900.0,44100.0
11035,566,1,,2,640,2079,1650,3,15000.0,4500.0,40500.0
11036,2,2,4,1,731,4,1843,1,12000.0,0.0,12000.0
11037,99,1,,1,839,170,1261,2,12000.0,0.0,24000.0
11038,1355,1,,2,822,562,805,3,15750.0,0.0,47250.0
11039,980,2,2,2,533,2,2541,3,15750.0,945.0,46305.0
11040,813,1,,1,802,2287,2036,3,12000.0,720.0,35280.0
11041,1499,1,,1,886,2322,1743,1,12000.0,600.0,11400.0
11042,1499,1,,1,886,2322,1743,3,12000.0,3600.0,32400.0
11043,902,1,,1,986,175,2242,3,12600.0,1890.0,35910.0
11044,134,1,,1,731,2151,249,2,12000.0,2400.0,21600.0
11045,1316,1,,2,435,1588,2808,1,15000.0,0.0,15000.0
11046,652,2,2,2,673,2,254,3,15000.0,900.0,44100.0
11047,149,1,,2,782,2440,1106,3,15000.0,4500.0,40500.0
11048,771,1,,1,715,2151,3201,1,12000.0,600.0,11400.0
11049,424,2,1,2,836,1,3092,3,15750.0,0.0,47250.0
11050,145,2,3,2,960,3,1658,3,15000.0,900.0,44100.0
11051,145,2,3,2,960,3,1658,1,15000.0,0.0,15000.0
11052,661,1,,2,839,1788,2693,2,15000.0,1500.0,28500.0
11053,969,1,,2,663,1167,546,2,15000.0,0.0,30000.0
11054,804,1,,2,810,2045,1820,1,15000.0,750.0,14250.0
11055,804,1,,2,810,2045,1820,1,15000.0,0.0,15000.0
11056,277,1,,2,854,673,1852,1,15000.0,300.0,14700.0
11057,896,2,4,2,393,4,2403,2,15000.0,1500.0,28500.0
11058,1339,2,1,1,547,1,469,1,12600.0,252.0,12348.0
11059,710,1,,1,862,827,2996,2,10800.0,1080.0,20520.0
11060,970,1,,1,817,2418,,1,12000.0,0.0,12000.0
11061,970,1,,1,817,2418,,3,12600.0,3780.0,34020.0
11062,970,1,,2,817,2418,,2,15750.0,0.0,31500.0
11063,1027,1,,2,994,2848,966,1,13500.0,675.0,12825.0
11064,1027,1,,1,994,2848,966,3,10800.0,648.0,31752.0
11065,228,1,,1,680,338,2242,1,13200.0,264.0,12936.0
11066,959,2,2,2,949,2,1381,3,13500.0,2025.0,38475.0
11067,753,2,4,2,462,4,3062,3,15000.0,4500.0,40500.0
11068,753,2,4,1,462,4,3062,2,12000.0,2400.0,21600.0
11069,402,1,,2,820,2954,2888,3,15000.0,900.0,44100.0
11070,59,2,2,1,942,2,1369,1,12000.0,1200.0,10800.0
11071,1026,1,,2,806,721,376,2,13500.0,1350.0,25650.0
11072,811,1,,1,1003,1180,599,1,12000.0,600.0,11400.0
11073,1309,1,,1,400,44,1754,2,12000.0,1200.0,22800.0
11074,1389,2,2,1,763,2,1361,3,10800.0,0.0,32400.0
11075,1389,2,2,1,763,2,1361,1,12000.0,240.0,11760.0
11076,1173,1,,1,827,1191,,2,12000.0,2400.0,21600.0
11077,618,1,,1,686,1468,,1,10800.0,540.0,10260.0
11078,618,1,,1,686,1468,,1,12000.0,600.0,11400.0
11079,113,1,,1,660,1419,1649,3,12000.0,1800.0,34200.0
11080,657,1,,1,518,552,846,2,12000.0,480.0,23520.0
11081,215,2,4,2,731,4,1197,2,15750.0,0.0,31500.0
11082,1031,2,3,1,440,3,,3,10800.0,3240.0,29160.0
11083,892,2,4,2,873,4,2686,2,13500.0,2700.0,24300.0
11084,1215,2,1,2,839,1,1123,1,15000.0,1500.0,13500.0
11085,1215,2,1,1,839,1,1123,2,12000.0,2400.0,21600.0
11086,528,1,,2,526,778,1240,3,15000.0,0.0,45000.0
11087,999,1,,1,883,2592,1529,1,12600.0,0.0,12600.0
11088,921,2,4,1,439,4,966,2,12000.0,0.0,24000.0
11089,634,1,,1,753,1578,423,1,12000.0,1200.0,10800.0
11090,634,1,,1,753,1578,423,2,12000.0,2400.0,21600.0
11091,411,1,,1,401,1207,1463,1,12000.0,1200.0,10800.0
11092,411,1,,1,401,1207,1463,3,12000.0,3600.0,32400.0
11093,713,1,,1,763,951,2686,3,12000.0,1800.0,34200.0
11094,713,1,,2,763,951,2686,1,15000.0,750.0,14250.0
11095,700,1,,1,510,1186,2918,3,12000.0,720.0,35280.0
11096,700,1,,1,510,1186,2918,1,10800.0,540.0,10260.0
11097,1233,1,,2,582,1470,1755,1,15000.0,750.0,14250.0
11098,566,1,,2,436,1461,494,3,13500.0,810.0,39690.0
11099,547,1,,1,413,601,2200,1,12000.0,0.0,12000.0
11100,547,1,,1,413,601,2200,3,13200.0,1980.0,37620.0
11101,1075,1,,1,724,1324,205,3,10800.0,648.0,31752.0
11102,1075,1,,1,724,1324,205,3,12000.0,1800.0,34200.0
11103,256,2,4,1,773,4,1084,1,12600.0,0.0,12600.0
11104,256,2,4,1,773,4,1084,3,12000.0,720.0,35280.0
11105,498,2,4,2,366,4,2690,2,15000.0,600.0,29400.0
11106,498,2,4,1,366,4,2690,1,10800.0,1080.0,9720.0
11107,1141,1,,1,823,1002,1301,2,13200.0,2640.0,23760.0
11108,1380,1,,1,419,1921,1463,2,10800.0,2160.0,19440.0
11109,1217,2,3,1,857,3,365,1,10800.0,0.0,10800.0
11110,1217,2,3,2,857,3,365,3,15000.0,0.0,45000.0
11111,464,1,,2,710,1253,2915,3,15000.0,4500.0,40500.0
11112,256,1,,1,620,325,893,1,12600.0,0.0,12600.0
11113,1182,1,,2,561,1241,812,2,15000.0,600.0,29400.0
11114,281,1,,1,473,2012,2786,3,10800.0,0.0,32400.0
11115,1093,2,3,1,601,3,426,3,12000.0,1800.0,34200.0
11116,538,1,,2,800,2669,315,3,13500.0,4050.0,36450.0
11117,538,1,,2,800,2669,315,2,15000.0,600.0,29400.0
11118,24,1,,2,678,2987,3173,3,15000.0,900.0,44100.0
11119,24,1,,2,678,2987,3173,3,13500.0,0.0,40500.0
11120,24,1,,2,678,2987,3173,1,15750.0,787.5,14962.5
11121,377,1,,2,439,3184,2072,1,15000.0,1500.0,13500.0
11122,377,1,,2,439,3184,2072,2,15000.0,0.0,30000.0
11123,377,1,,1,439,3184,2072,1,12000.0,240.0,11760.0
11124,1062,1,,1,551,2911,1504,2,13200.0,0.0,26400.0
11125,1062,1,,2,551,2911,1504,1,15000.0,300.0,14700.0
11126,208,2,3,1,926,3,844,3,12000.0,3600.0,32400.0
11127,950,2,2,2,615,2,336,1,15750.0,1575.0,14175.0
11128,695,2,2,1,596,2,2982,3,13200.0,1980.0,37620.0
11129,959,2,3,1,873,3,1060,1,12000.0,600.0,11400.0
11130,959,2,3,1,873,3,1060,1,12000.0,1200.0,10800.0
11131,1038,2,3,1,694,3,2856,2,13200.0,2640.0,23760.0
11132,935,1,,1,531,2388,2796,1,10800.0,540.0,10260.0
11133,288,2,1,2,582,1,2321,3,13500.0,4050.0,36450.0
11134,40,2,3,1,882,3,2623,2,12000.0,480.0,23520.0
11135,40,2,3,1,882,3,2623,3,12000.0,1800.0,34200.0
11136,103,1,,1,983,1980,2457,3,13200.0,3960.0,35640.0
11137,103,1,,1,983,1980,2457,1,12000.0,240.0,11760.0
11138,229,1,,2,879,551,489,1,15000.0,1500.0,13500.0
11139,655,1,,2,789,1036,,1,15000.0,0.0,15000.0
11140,857,1,,2,430,789,125,2,15000.0,600.0,29400.0
11141,968,1,,2,510,2764,1276,2,15000.0,0.0,30000.0
11142,460,1,,2,741,2020,855,1,15000.0,0.0,15000.0
11143,429,1,,2,631,374,2088,2,13500.0,0.0,27000.0
11144,744,2,3,2,962,3,1580,2,15000.0,1500.0,28500.0
11145,744,2,3,1,962,3,1580,3,13200.0,792.0,38808.0
11146,867,1,,1,509,2187,2772,3,12000.0,1800.0,34200.0
11147,488,1,,2,740,2943,1017,2,15750.0,0.0,31500.0
11148,488,1,,1,740,2943,1017,2,12000.0,480.0,23520.0
11149,488,1,,2,740,2943,1017,1,16500.0,825.0,15675.0
11150,1127,1,,2,486,2857,3173,1,15000.0,300.0,14700.0
11151,1127,1,,1,486,2857,3173,2,12000.0,480.0,23520.0
11152,358,2,2,1,944,2,1213,3,12600.0,756.0,37044.0
11153,479,1,,1,729,1533,651,1,12000.0,0.0,12000.0
11154,1347,2,4,1,668,4,2119,2,12600.0,2520.0,22680.0
11155,104,1,,1,704,1976,,3,12000.0,3600.0,32400.0
11156,722,1,,2,425,755,1416,1,15000.0,1500.0,13500.0
11157,722,1,,1,425,755,1416,2,12000.0,2400.0,21600.0
11158,1332,2,3,2,899,3,2065,3,15000.0,2250.0,42750.0
11159,116,1,,1,786,791,,2,13200.0,1320.0,25080.0
11160,176,1,,1,766,935,2155,2,10800.0,0.0,21600.0
11161,176,1,,1,766,935,2155,2,10800.0,0.0,21600.0
11162,995,1,,2,949,131,2568,1,15000.0,300.0,14700.0
11163,234,1,,2,861,2823,309,3,15000.0,0.0,45000.0
11164,88,2,2,2,445,2,2737,2,15750.0,1575.0,29925.0
11165,1155,2,1,2,606,1,886,1,15000.0,300.0,14700.0
11166,575,1,,1,509,357,2966,3,12000.0,0.0,36000.0
11167,1002,1,,2,750,934,1035,2,15000.0,0.0,30000.0
11168,383,1,,2,930,911,632,3,15000.0,0.0,45000.0
11169,383,1,,1,930,911,632,3,10800.0,1620.0,30780.0
11170,383,1,,2,930,911,632,2,15000.0,1500.0,28500.0
11171,446,1,,2,1001,810,2246,1,13500.0,1350.0,12150.0
11172,306,1,,1,525,2705,141,2,12000.0,480.0,23520.0
11173,306,1,,1,525,2705,141,2,12000.0,0.0,24000.0
11174,1480,2,4,1,396,4,2101,3,12000.0,0.0,36000.0
11175,988,1,,2,929,1598,1638,1,15000.0,300.0,14700.0
11176,301,1,,2,812,2186,2535,2,16500.0,660.0,32340.0
11177,806,1,,1,883,2480,250,1,12000.0,0.0,12000.0
11178,806,1,,2,883,2480,250,3,15000.0,900.0,44100.0
11179,763,1,,1,908,1735,2227,3,12000.0,1800.0,34200.0
11180,670,2,1,2,659,1,919,1,15000.0,0.0,15000.0
11181,319,1,,1,607,1771,886,1,10800.0,0.0,10800.0
11182,389,2,4,2,802,4,3169,2,16500.0,1650.0,31350.0
11183,389,2,4,2,802,4,3169,3,13500.0,0.0,40500.0
11184,701,1,,2,455,1747,2632,3,15750.0,0.0,47250.0
11185,701,1,,2,455,1747,2632,1,15750.0,787.5,14962.5
11186,701,1,,1,455,1747,2632,2,13200.0,2640.0,23760.0
11187,15,1,,1,625,1962,183,2,12000.0,1200.0,22800.0
11188,299,1,,1,913,3091,2689,1,13200.0,264.0,12936.0
11189,980,1,,1,375,2621,2227,2,12000.0,480.0,23520.0
11190,308,2,3,1,367,3,2976,3,12000.0,0.0,36000.0
11191,743,2,1,1,478,1,3006,2,12000.0,480.0,23520.0
11192,1050,2,4,1,417,4,,1,12600.0,630.0,11970.0
11193,45,1,,2,378,1451,2595,1,13500.0,1350.0,12150.0
11194,45,1,,2,378,1451,2595,2,15000.0,600.0,29400.0
11195,45,1,,1,378,1451,2595,1,12000.0,240.0,11760.0
11196,335,2,4,1,894,4,1107,1,12000.0,0.0,12000.0
11197,189,1,,1,678,1909,542,2,12000.0,1200.0,22800.0
11198,14,1,,1,569,136,287,3,12000.0,3600.0,32400.0
11199,14,1,,1,569,136,287,2,12000.0,1200.0,22800.0
11200,1375,1,,2,413,2693,,1,16500.0,330.0,16170.0
11201,534,1,,1,440,2129,,2,13200.0,528.0,25872.0
11202,28,1,,1,508,2498,2620,1,12000.0,240.0,11760.0
11203,819,1,,2,867,489,1805,3,13500.0,0.0,40500.0
11204,819,1,,1,867,489,1805,1,12600.0,1260.0,11340.0
11205,7,2,3,1,965,3,2153,3,13200.0,792.0,38808.0
11206,450,1,,1,940,806,,2,12000.0,0.0,24000.0
11207,739,2,1,2,658,1,697,1,15000.0,300.0,14700.0
11208,1078,1,,1,485,1056,519,3,12000.0,720.0,35280.0
11209,1342,2,2,2,799,2,1991,3,16500.0,2475.0,47025.0
11210,1342,2,2,2,799,2,1991,1,15000.0,750.0,14250.0
11211,971,1,,1,385,466,1097,3,12000.0,0.0,36000.0
11212,971,1,,1,385,466,1097,3,12000.0,720.0,35280.0
11213,526,2,1,1,804,1,,3,13200.0,3960.0,35640.0
11214,248,1,,2,683,3108,2738,3,15000.0,4500.0,40500.0
11215,248,1,,2,683,3108,2738,2,15000.0,3000.0,27000.0
11216,1045,1,,1,756,1592,2096,1,12000.0,1200.0,10800.0
11217,1257,1,,2,760,2806,3032,3,13500.0,2025.0,38475.0
11218,1257,1,,1,760,2806,3032,2,12000.0,0.0,24000.0
11219,586,1,,1,814,2040,1719,3,12000.0,0.0,36000.0
11220,586,1,,2,814,2040,1719,2,15000.0,600.0,29400.0
11221,1101,2,4,1,713,4,2727,1,12000.0,1200.0,10800.0
11222,136,1,,1,639,1689,,3,10800.0,3240.0,29160.0
11223,426,1,,1,424,2274,2050,1,12000.0,600.0,11400.0
11224,426,1,,1,424,2274,2050,1,12600.0,630.0,11970.0
11225,426,1,,2,424,2274,2050,1,15000.0,750.0,14250.0
11226,807,2,3,1,420,3,1523,3,12600.0,3780.0,34020.0
11227,821,1,,2,761,852,893,1,15750.0,315.0,15435.0
11228,821,1,,1,761,852,893,1,12600.0,0.0,12600.0
11229,205,2,3,1,760,3,3129,2,12600.0,1260.0,23940.0
11230,806,2,4,1,820,4,3034,3,10800.0,0.0,32400.0
11231,1295,1,,1,839,232,2374,1,13200.0,264.0,12936.0
11232,1295,1,,2,839,232,2374,1,15750.0,0.0,15750.0
11233,924,1,,1,505,1893,964,1,12000.0,600.0,11400.0
11234,1359,2,3,1,835,3,417,1,12000.0,240.0,11760.0
11235,1359,2,3,1,835,3,417,1,12600.0,1260.0,11340.0
11236,901,2,4,2,932,4,32,1,15000.0,300.0,14700.0
11237,1060,1,,1,799,1292,526,3,12000.0,3600.0,32400.0
11238,1060,1,,2,799,1292,526,1,15000.0,750.0,14250.0
11239,138,2,1,2,530,1,2921,3,15750.0,0.0,47250.0
11240,138,2,1,2,530,1,2921,1,15000.0,1500.0,13500.0
11241,1346,2,4,1,673,4,419,2,12600.0,504.0,24696.0
11242,1346,2,4,1,673,4,419,1,12000.0,0.0,12000.0
11243,1142,1,,1,765,2094,1659,1,12000.0,0.0,12000.0
11244,499,1,,1,791,1976,2060,3,12000.0,1800.0,34200.0
11245,1313,2,1,2,509,1,1260,2,13500.0,0.0,27000.0
11246,1295,2,4,1,973,4,2454,3,12000.0,0.0,36000.0
11247,1295,2,4,2,973,4,2454,3,16500.0,990.0,48510.0
11248,703,1,,2,672,3102,2454,2,16500.0,660.0,32340.0
11249,302,2,4,2,524,4,2857,3,15000.0,900.0,44100.0
11250,381,2,1,2,881,1,1556,2,16500.0,0.0,33000.0
11251,501,1,,1,379,2771,2746,2,12000.0,480.0,23520.0
11252,280,2,2,1,920,2,552,3,12000.0,3600.0,32400.0
11253,189,2,3,1,414,3,642,1,12000.0,1200.0,10800.0
11254,189,2,3,2,414,3,642,3,15000.0,2250.0,42750.0
11255,1301,1,,1,587,1846,1770,2,12000.0,0.0,24000.0
11256,889,1,,1,782,185,3041,1,12000.0,0.0,12000.0
11257,1102,1,,1,679,2752,39,2,13200.0,528.0,25872.0
11258,1102,1,,2,679,2752,39,2,15750.0,0.0,31500.0
11259,1378,2,1,1,865,1,115,1,10800.0,0.0,10800.0
11260,1378,2,1,1,865,1,115,2,12000.0,0.0,24000.0
11261,78,2,4,1,536,4,,1,12600.0,0.0,12600.0
11262,78,2,4,1,536,4,,3,13200.0,1980.0,37620.0
11263,452,1,,1,833,70,2357,3,12000.0,1800.0,34200.0
11264,1229,1,,1,554,78,146,1,13200.0,0.0,13200.0
11265,1124,2,1,1,887,1,3075,1,12000.0,600.0,11400.0
11266,1124,2,1,1,887,1,3075,1,12000.0,600.0,11400.0
11267,450,1,,2,565,593,238,3,15000.0,4500.0,40500.0
11268,450,1,,1,565,593,238,2,13200.0,0.0,26400.0
11269,877,1,,2,387,1607,2176,1,13500.0,0.0,13500.0
11270,1409,2,1,1,976,1,1620,1,10800.0,0.0,10800.0
11271,113,2,1,1,447,1,2728,2,10800.0,1080.0,20520.0
11272,1393,2,1,1,723,1,611,1,12000.0,600.0,11400.0
11273,1185,2,2,2,732,2,1731,3,15000.0,900.0,44100.0
11274,672,2,3,2,992,3,1793,3,15000.0,900.0,44100.0
11275,1313,1,,2,522,1573,1339,2,16500.0,660.0,32340.0
11276,311,1,,1,740,2510,645,2,12000.0,0.0,24000.0
11277,311,1,,2,740,2510,645,2,15000.0,0.0,30000.0
11278,1221,1,,2,700,2409,2584,1,15000.0,300.0,14700.0
11279,954,1,,2,863,172,,1,15000.0,750.0,14250.0
11280,954,1,,2,863,172,,1,13500.0,675.0,12825.0
11281,647,1,,2,545,1584,1230,3,15000.0,0.0,45000.0
11282,647,1,,1,545,1584,1230,1,12000.0,0.0,12000.0
11283,1259,1,,2,515,1820,806,1,16500.0,1650.0,14850.0
11284,950,1,,2,759,2030,1913,1,15000.0,300.0,14700.0
11285,1223,1,,1,999,2504,2330,3,12000.0,1800.0,34200.0
11286,811,1,,1,1002,583,2247,3,10800.0,1620.0,30780.0
11287,811,1,,2,1002,583,2247,2,15000.0,1500.0,28500.0
11288,811,1,,1,1002,583,2247,1,12000.0,1200.0,10800.0
11289,1445,2,1,2,611,1,,2,13500.0,540.0,26460.0
11290,397,1,,2,458,168,1415,2,15000.0,0.0,30000.0
11291,397,1,,1,458,168,1415,3,12000.0,1800.0,34200.0
11292,1339,1,,1,855,2340,2092,1,13200.0,264.0,12936.0
11293,468,1,,2,801,2930,1481,3,13500.0,810.0,39690.0
11294,140,2,2,1,716,2,1182,2,12000.0,2400.0,21600.0
11295,1261,1,,2,884,2222,909,2,15000.0,600.0,29400.0
11296,1268,1,,1,387,319,2118,3,12000.0,3600.0,32400.0
11297,924,2,1,2,739,1,1518,2,13500.0,1350.0,25650.0
11298,924,2,1,2,739,1,1518,2,15000.0,3000.0,27000.0
11299,93,1,,1,581,2536,,3,12000.0,3600.0,32400.0
11300,1264,1,,1,754,1676,2782,2,10800.0,2160.0,19440.0
11301,1256,1,,2,777,2604,873,2,15750.0,1575.0,29925.0
11302,1256,1,,1,777,2604,873,3,12000.0,3600.0,32400.0
11303,686,1,,2,926,1222,1400,1,15000.0,1500.0,13500.0
11304,1359,1,,1,483,2445,2427,2,12000.0,1200.0,22800.0
11305,1199,2,1,1,865,1,713,2,12000.0,1200.0,22800.0
11306,260,2,1,1,445,1,1540,2,12000.0,0.0,24000.0
11307,210,1,,2,846,105,1751,1,13500.0,270.0,13230.0
11308,155,1,,1,676,1089,345,3,12000.0,720.0,35280.0
11309,695,1,,2,381,2530,2726,1,15000.0,0.0,15000.0
11310,695,1,,1,381,2530,2726,3,12000.0,0.0,36000.0
11311,81,1,,2,675,2525,543,3,15750.0,0.0,47250.0
11312,819,1,,1,596,3007,1694,3,12600.0,0.0,37800.0
11313,450,1,,2,703,757,876,3,15000.0,900.0,44100.0
11314,1338,2,2,2,894,2,1025,3,15000.0,900.0,44100.0
11315,488,2,4,1,544,4,1590,1,12000.0,600.0,11400.0
11316,488,2,4,2,544,4,1590,1,15000.0,0.0,15000.0
11317,367,1,,2,842,2065,2203,1,15000.0,750.0,14250.0
11318,367,1,,1,842,2065,2203,1,12600.0,630.0,11970.0
11319,212,1,,1,622,674,2321,3,12000.0,1800.0,34200.0
11320,516,2,1,2,786,1,2882,1,15750.0,787.5,14962.5
11321,516,2,1,1,786,1,2882,3,12000.0,720.0,35280.0
11322,128,1,,2,741,1649,2555,2,15750.0,3150.0,28350.0
11323,1279,2,4,1,579,4,2895,3,10800.0,1620.0,30780.0
11324,1377,1,,1,493,1962,1118,1,12000.0,240.0,11760.0
11325,1377,1,,1,493,1962,1118,1,12000.0,240.0,11760.0
11326,1323,1,,1,911,3122,2229,2,13200.0,0.0,26400.0
11327,1272,2,1,2,629,1,66,1,15000.0,750.0,14250.0
11328,866,1,,1,474,1501,,3,12000.0,720.0,35280.0
11329,866,1,,1,474,1501,,3,10800.0,1620.0,30780.0
11330,442,2,3,1,577,3,1402,2,12600.0,2520.0,22680.0
11331,159,1,,1,540,2300,2972,3,12000.0,1800.0,34200.0
11332,159,1,,2,540,2300,2972,1,16500.0,0.0,16500.0
11333,385,1,,2,554,55,1713,3,15000.0,2250.0,42750.0
11334,385,1,,2,554,55,1713,3,16500.0,2475.0,47025.0
11335,739,2,1,2,414,1,1163,2,15750.0,3150.0,28350.0
11336,351,1,,2,901,240,1203,1,15000.0,0.0,15000.0
11337,1181,1,,1,759,3140,2569,1,12000.0,600.0,11400.0
11338,1181,1,,2,759,3140,2569,3,15000.0,900.0,44100.0
11339,1181,1,,1,759,3140,2569,2,12000.0,2400.0,21600.0
11340,1392,1,,1,390,2146,763,1,10800.0,1080.0,9720.0
11341,1169,2,4,1,479,4,2865,3,13200.0,792.0,38808.0
11342,1169,2,4,2,479,4,2865,2,15000.0,1500.0,28500.0
11343,220,1,,1,806,1100,2998,1,13200.0,1320.0,11880.0
11344,748,1,,1,480,81,1976,1,12000.0,0.0,12000.0
11345,321,2,4,1,790,4,1628,2,12000.0,2400.0,21600.0
11346,321,2,4,1,790,4,1628,1,12600.0,1260.0,11340.0
11347,707,2,1,1,842,1,2058,2,12000.0,2400.0,21600.0
11348,1185,2,1,2,954,1,1301,2,15000.0,3000.0,27000.0
11349,369,2,2,2,481,2,1691,3,13500.0,810.0,39690.0
11350,685,2,2,1,835,2,647,2,12000.0,0.0,24000.0
11351,1244,1,,2,564,747,3045,2,16500.0,660.0,32340.0
11352,1244,1,,1,564,747,3045,3,12000.0,720.0,35280.0
11353,1082,1,,2,449,1355,,3,15000.0,0.0,45000.0
11354,1082,1,,2,449,1355,,2,15750.0,0.0,31500.0
11355,764,2,4,1,951,4,1131,2,12000.0,480.0,23520.0
11356,1449,2,1,1,545,1,29,2,12000.0,480.0,23520.0
11357,670,1,,2,894,1920,2427,1,15000.0,300.0,14700.0
11358,670,1,,2,894,1920,2427,2,15000.0,1500.0,28500.0
11359,401,1,,2,408,218,,3,13500.0,0.0,40500.0
11360,524,1,,1,535,3030,2886,1,12000.0,600.0,11400.0
11361,676,1,,1,966,1388,2859,1,12000.0,240.0,11760.0
11362,1416,1,,2,647,1145,1400,2,15000.0,1500.0,28500.0
11363,425,1,,2,587,1145,1202,2,16500.0,3300.0,29700.0
11364,425,1,,2,587,1145,1202,1,13500.0,270.0,13230.0
11365,1175,1,,2,520,1196,1397,2,15000.0,0.0,30000.0
11366,59,2,3,1,400,3,1285,2,12000.0,0.0,24000.0
11367,59,2,3,2,400,3,1285,1,13500.0,270.0,13230.0
11368,1013,1,,2,449,360,1558,1,13500.0,675.0,12825.0
11369,1252,1,,1,411,587,975,1,12600.0,630.0,11970.0
11370,1252,1,,1,411,587,975,3,12000.0,0.0,36000.0
11371,499,1,,1,817,600,2806,3,12000.0,0.0,36000.0
11372,499,1,,1,817,600,2806,3,12000.0,720.0,35280.0
11373,72,1,,1,741,1734,,1,13200.0,264.0,12936.0
11374,72,1,,2,741,1734,,1,15000.0,1500.0,13500.0
11375,1342,1,,2,367,2335,969,2,15750.0,3150.0,28350.0
11376,362,1,,1,606,1568,2627,3,12000.0,0.0,36000.0
11377,345,1,,2,952,2226,1083,1,15750.0,787.5,14962.5
11378,286,2,4,2,438,4,2225,1,13500.0,270.0,13230.0
11379,286,2,4,2,438,4,2225,1,15000.0,300.0,14700.0
11380,331,2,1,2,540,1,1304,2,15000.0,1500.0,28500.0
11381,1145,2,2,1,664,2,2020,1,12000.0,0.0,12000.0
11382,760,1,,1,578,248,93,1,12000.0,600.0,11400.0
11383,760,1,,1,578,248,93,3,12000.0,720.0,35280.0
11384,760,1,,1,578,248,93,1,10800.0,216.0,10584.0
11385,213,1,,1,930,654,1433,3,12000.0,1800.0,34200.0
11386,843,2,2,1,562,2,449,3,10800.0,1620.0,30780.0
11387,172,1,,1,523,1749,669,1,12000.0,600.0,11400.0
11388,1318,2,1,2,673,1,,2,16500.0,3300.0,29700.0
11389,764,2,3,1,907,3,562,2,12000.0,1200.0,22800.0
11390,953,1,,1,859,1474,494,3,12000.0,720.0,35280.0
11391,525,1,,1,764,593,565,1,12000.0,240.0,11760.0
11392,525,1,,1,764,593,565,2,13200.0,0.0,26400.0
11393,1498,1,,2,952,2988,1465,3,16500.0,990.0,48510.0
11394,1498,1,,2,952,2988,1465,2,15000.0,3000.0,27000.0
11395,350,2,2,2,656,2,,2,15000.0,1500.0,28500.0
11396,66,1,,1,752,2237,690,3,12600.0,0.0,37800.0
11397,66,1,,1,752,2237,690,1,12000.0,0.0,12000.0
11398,66,1,,2,752,2237,690,1,13500.0,675.0,12825.0
11399,1324,1,,1,650,191,3161,2,12000.0,0.0,24000.0
11400,1338,1,,2,595,2303,1234,2,15000.0,3000.0,27000.0
11401,292,1,,2,709,2306,2389,2,15000.0,600.0,29400.0
11402,1377,1,,1,766,1901,2183,3,12000.0,1800.0,34200.0
11403,1377,1,,1,766,1901,2183,2,12000.0,2400.0,21600.0
11404,3,2,3,2,614,3,1949,2,15000.0,600.0,29400.0
11405,748,1,,1,744,2571,1660,3,12000.0,720.0,35280.0
11406,748,1,,1,744,2571,1660,1,12000.0,0.0,12000.0
11407,682,1,,2,811,1843,1854,1,13500.0,270.0,13230.0
11408,1247,1,,1,547,1600,872,2,12000.0,2400.0,21600.0
11409,1247,1,,1,547,1600,872,3,12000.0,1800.0,34200.0
11410,738,1,,1,381,885,2985,3,12000.0,720.0,35280.0
11411,724,2,4,1,892,4,362,3,12000.0,1800.0,34200.0
11412,10,2,2,1,426,2,666,3,12000.0,1800.0,34200.0
11413,10,2,2,1,426,2,666,1,12000.0,1200.0,10800.0
11414,1259,2,2,2,766,2,1565,3,15000.0,4500.0,40500.0
11415,1259,2,2,1,766,2,1565,2,12000.0,1200.0,22800.0
11416,1259,2,2,1,766,2,1565,2,12000.0,480.0,23520.0
11417,900,2,1,2,442,1,3030,1,15000.0,0.0,15000.0
11418,643,1,,1,773,118,2819,3,12000.0,1800.0,34200.0
11419,643,1,,2,773,118,2819,2,15000.0,3000.0,27000.0
11420,497,2,4,1,570,4,1247,2,12000.0,480.0,23520.0
11421,497,2,4,1,570,4,1247,3,12000.0,3600.0,32400.0
11422,497,2,4,1,570,4,1247,2,10800.0,1080.0,20520.0
11423,1406,2,1,2,930,1,3009,1,15000.0,1500.0,13500.0
11424,904,2,2,1,752,2,3108,2,12600.0,1260.0,23940.0
11425,904,2,2,2,752,2,3108,1,15000.0,300.0,14700.0
11426,904,2,2,1,752,2,3108,1,10800.0,216.0,10584.0
11427,1224,1,,1,538,2372,2497,2,12000.0,1200.0,22800.0
11428,1224,1,,2,538,2372,2497,3,15000.0,0.0,45000.0
11429,163,2,3,2,683,3,,1,13500.0,270.0,13230.0
11430,969,1,,1,686,1570,1034,3,12000.0,3600.0,32400.0
11431,711,1,,1,828,2146,1497,3,10800.0,1620.0,30780.0
11432,711,1,,2,828,2146,1497,2,15750.0,0.0,31500.0
11433,933,1,,2,929,1565,2871,3,15000.0,2250.0,42750.0
11434,1100,1,,2,710,2958,1450,1,16500.0,825.0,15675.0
11435,191,1,,1,678,3148,1883,2,10800.0,432.0,21168.0
11436,956,2,4,2,860,4,3120,2,13500.0,1350.0,25650.0
11437,591,2,2,2,817,2,2086,2,15000.0,3000.0,27000.0
11438,591,2,2,1,817,2,2086,1,12000.0,240.0,11760.0
11439,955,2,1,1,657,1,2328,2,12000.0,2400.0,21600.0
11440,745,1,,1,511,44,89,2,12000.0,0.0,24000.0
11441,745,1,,2,511,44,89,1,13500.0,675.0,12825.0
11442,745,1,,1,511,44,89,1,12000.0,0.0,12000.0
11443,1141,1,,1,914,2819,1368,1,12000.0,240.0,11760.0
11444,913,1,,1,959,1462,884,1,12000.0,600.0,11400.0
11445,598,2,2,1,809,2,2867,3,12600.0,756.0,37044.0
11446,1313,1,,1,647,2435,383,1,12000.0,1200.0,10800.0
11447,1313,1,,2,647,2435,383,3,16500.0,990.0,48510.0
11448,1464,1,,1,496,1489,2031,1,13200.0,1320.0,11880.0
11449,856,1,,2,619,1008,2346,2,13500.0,2700.0,24300.0
11450,1495,1,,2,787,1376,682,2,15000.0,3000.0,27000.0
11451,1080,1,,1,852,1777,2722,2,12000.0,480.0,23520.0
11452,1080,1,,2,852,1777,2722,2,15000.0,0.0,30000.0
11453,785,1,,2,972,39,190,2,13500.0,0.0,27000.0
11454,952,1,,1,423,2501,691,2,10800.0,0.0,21600.0
11455,193,1,,1,915,1186,1286,3,12000.0,1800.0,34200.0
11456,907,1,,1,649,2448,1538,1,12000.0,600.0,11400.0
11457,729,2,2,1,750,2,2333,1,12000.0,0.0,12000.0
11458,729,2,2,2,750,2,2333,2,15000.0,1500.0,28500.0
11459,747,1,,1,754,957,168,2,12600.0,0.0,25200.0
11460,575,1,,2,476,2300,1748,2,15000.0,1500.0,28500.0
11461,575,1,,1,476,2300,1748,3,12000.0,3600.0,32400.0
11462,575,1,,1,476,2300,1748,2,12000.0,1200.0,22800.0
11463,766,1,,2,752,317,533,3,15000.0,0.0,45000.0
11464,408,2,3,2,658,3,2667,2,15000.0,1500.0,28500.0
11465,408,2,3,1,658,3,2667,1,12000.0,240.0,11760.0
11466,503,2,4,2,588,4,1064,1,15000.0,750.0,14250.0
11467,503,2,4,2,588,4,1064,2,13500.0,2700.0,24300.0
11468,24,1,,1,518,220,2772,1,12000.0,1200.0,10800.0
11469,24,1,,2,518,220,2772,1,15000.0,0.0,15000.0
11470,634,1,,2,588,1039,297,3,13500.0,0.0,40500.0
11471,634,1,,2,588,1039,297,3,15000.0,4500.0,40500.0
11472,1343,1,,2,720,2244,232,1,15000.0,750.0,14250.0
11473,1343,1,,2,720,2244,232,1,15750.0,1575.0,14175.0
11474,380,2,4,1,651,4,1013,3,12000.0,3600.0,32400.0
11475,1379,1,,1,916,2733,1031,3,12000.0,0.0,36000.0
11476,1379,1,,1,916,2733,1031,2,12000.0,0.0,24000.0
11477,560,1,,1,728,2476,1108,1,12000.0,1200.0,10800.0
11478,828,1,,1,432,109,,2,12000.0,1200.0,22800.0
11479,828,1,,2,432,109,,1,15000.0,750.0,14250.0
11480,1369,1,,2,410,3118,2754,1,13500.0,675.0,12825.0
11481,1408,2,4,1,1004,4,,1,12000.0,240.0,11760.0
11482,1017,1,,1,871,1632,1113,2,12000.0,2400.0,21600.0
11483,546,2,3,2,928,3,1821,3,15000.0,2250.0,42750.0
11484,546,2,3,2,928,3,1821,2,15000.0,1500.0,28500.0
11485,546,2,3,1,928,3,1821,2,13200.0,528.0,25872.0
11486,1347,2,4,1,700,4,765,3,10800.0,1620.0,30780.0
11487,998,1,,1,498,1014,406,2,12000.0,0.0,24000.0
11488,998,1,,1,498,1014,406,3,12000.0,3600.0,32400.0
11489,1489,1,,2,620,74,1108,1,15000.0,1500.0,13500.0
11490,1489,1,,2,620,74,1108,3,16500.0,0.0,49500.0
11491,19,1,,1,597,1795,2515,2,10800.0,0.0,21600.0
11492,1483,1,,1,518,918,311,1,12000.0,600.0,11400.0
11493,1483,1,,2,518,918,311,1,15000.0,750.0,14250.0
11494,1399,1,,1,433,2553,965,1,12000.0,1200.0,10800.0
11495,1399,1,,1,433,2553,965,2,12600.0,504.0,24696.0
11496,161,1,,1,714,959,2881,3,10800.0,0.0,32400.0
11497,337,2,4,1,587,4,2838,3,13200.0,3960.0,35640.0
11498,1202,2,2,2,459,2,105,3,15750.0,4725.0,42525.0
11499,850,1,,1,761,531,2221,1,12600.0,0.0,12600.0
11500,114,1,,1,484,3023,1918,3,12600.0,756.0,37044.0
11501,114,1,,1,484,3023,1918,2,12000.0,480.0,23520.0
11502,1074,1,,1,551,634,898,2,12000.0,2400.0,21600.0
11503,1013,1,,2,625,2088,902,1,15000.0,0.0,15000.0
11504,1129,1,,1,547,2637,925,1,10800.0,0.0,10800.0
11505,1129,1,,2,547,2637,925,1,15000.0,0.0,15000.0
11506,90,2,2,2,525,2,1490,3,15000.0,2250.0,42750.0
11507,90,2,2,2,525,2,1490,1,15000.0,750.0,14250.0
11508,90,2,2,1,525,2,1490,1,10800.0,540.0,10260.0
11509,334,2,4,1,511,4,3052,1,12000.0,0.0,12000.0
11510,334,2,4,2,511,4,3052,1,15000.0,0.0,15000.0
11511,334,2,4,2,511,4,3052,2,13500.0,2700.0,24300.0
11512,141,1,,1,744,182,2977,2,12000.0,1200.0,22800.0
11513,386,2,1,1,956,1,1263,2,13200.0,1320.0,25080.0
11514,386,2,1,1,956,1,1263,2,12000.0,2400.0,21600.0
11515,785,2,4,2,704,4,1960,3,15750.0,0.0,47250.0
11516,785,2,4,2,704,4,1960,2,16500.0,660.0,32340.0
11517,1249,1,,1,847,763,1710,2,12000.0,480.0,23520.0
11518,1249,1,,1,847,763,1710,3,12000.0,720.0,35280.0
11519,719,1,,2,773,1300,1021,2,16500.0,3300.0,29700.0
11520,719,1,,1,773,1300,1021,2,13200.0,1320.0,25080.0
11521,671,2,4,1,401,4,2207,1,10800.0,0.0,10800.0
11522,1238,1,,1,983,186,1167,3,12000.0,720.0,35280.0
11523,687,2,4,2,708,4,416,3,15000.0,900.0,44100.0
11524,1421,2,4,1,522,4,2417,3,12000.0,0.0,36000.0
11525,420,1,,2,979,3079,3061,2,15000.0,0.0,30000.0
11526,578,1,,1,932,2245,3013,1,12000.0,600.0,11400.0
11527,1156,1,,2,497,1821,1774,2,15000.0,600.0,29400.0
11528,779,1,,1,917,3017,3201,3,10800.0,3240.0,29160.0
11529,838,2,2,1,637,2,435,2,12000.0,480.0,23520.0
11530,838,2,2,1,637,2,435,2,12000.0,1200.0,22800.0
11531,838,2,2,2,637,2,435,3,13500.0,2025.0,38475.0
11532,1124,2,1,2,574,1,1744,1,15000.0,0.0,15000.0
11533,1062,2,4,2,382,4,647,2,15000.0,0.0,30000.0
11534,185,2,3,2,780,3,1184,1,15000.0,1500.0,13500.0
11535,1248,1,,2,474,782,2126,3,15750.0,0.0,47250.0
11536,1248,1,,1,474,782,2126,1,12600.0,1260.0,11340.0
11537,584,2,1,2,532,1,310,3,15000.0,4500.0,40500.0
11538,1313,2,1,2,822,1,3148,2,15750.0,630.0,30870.0
11539,1313,2,1,1,822,1,3148,2,13200.0,0.0,26400.0
11540,162,1,,1,871,297,190,1,12000.0,240.0,11760.0
11541,157,1,,1,482,2381,251,1,12600.0,630.0,11970.0
11542,157,1,,2,482,2381,251,1,16500.0,1650.0,14850.0
11543,580,2,4,1,1001,4,2545,1,12000.0,600.0,11400.0
11544,1044,2,4,1,568,4,1478,2,12000.0,2400.0,21600.0
11545,1044,2,4,1,568,4,1478,2,13200.0,2640.0,23760.0
11546,1382,1,,2,891,1965,3052,1,15000.0,0.0,15000.0
11547,1128,1,,2,714,1689,3068,1,15000.0,0.0,15000.0
11548,320,2,1,1,720,1,2119,2,12000.0,1200.0,22800.0
11549,1099,1,,2,866,561,2765,2,15000.0,1500.0,28500.0
11550,1099,1,,2,866,561,2765,2,15000.0,1500.0,28500.0
11551,798,1,,1,847,345,1356,1,12600.0,1260.0,11340.0
11552,1336,2,1,1,372,1,632,2,10800.0,432.0,21168.0
11553,1336,2,1,1,372,1,632,2,12000.0,1200.0,22800.0
11554,374,1,,1,532,918,2847,2,13200.0,2640.0,23760.0
11555,1456,1,,1,371,90,2988,3,12000.0,0.0,36000.0
11556,1048,1,,1,510,1298,,2,12600.0,0.0,25200.0
11557,244,1,,2,530,796,1258,2,15000.0,3000.0,27000.0
11558,112,1,,2,371,1414,3040,3,15000.0,2250.0,42750.0
11559,574,1,,2,367,1923,2772,1,16500.0,1650.0,14850.0
11560,574,1,,1,367,1923,2772,3,12000.0,1800.0,34200.0
11561,574,1,,1,367,1923,2772,2,12000.0,1200.0,22800.0
11562,22,1,,1,866,2595,1291,1,12000.0,600.0,11400.0
11563,313,1,,2,381,1898,,2,15000.0,1500.0,28500.0
11564,238,1,,1,694,2672,2008,2,12000.0,480.0,23520.0
11565,1080,2,2,2,747,2,1139,2,15000.0,600.0,29400.0
11566,116,1,,2,884,697,,3,15000.0,0.0,45000.0
11567,838,1,,2,804,2192,20,3,15000.0,0.0,45000.0
11568,838,1,,2,804,2192,20,3,15000.0,900.0,44100.0
11569,653,1,,1,1003,3119,136,1,12000.0,600.0,11400.0
11570,110,1,,2,748,2567,,3,15750.0,4725.0,42525.0
11571,722,1,,1,572,2097,911,3,12600.0,0.0,37800.0
11572,1305,1,,2,827,1598,2542,2,15000.0,3000.0,27000.0
11573,1305,1,,2,827,1598,2542,1,15000.0,0.0,15000.0
11574,153,1,,2,946,3065,851,1,15000.0,300.0,14700.0
11575,259,2,4,1,682,4,,3,12000.0,0.0,36000.0
11576,259,2,4,2,682,4,,1,15000.0,1500.0,13500.0
11577,259,2,4,2,682,4,,3,15000.0,900.0,44100.0
11578,219,1,,1,845,764,1567,3,12600.0,3780.0,34020.0
11579,1436,1,,2,913,60,542,3,15000.0,2250.0,42750.0
11580,112,1,,1,916,1261,278,2,12000.0,480.0,23520.0
11581,1182,2,2,2,915,2,837,1,15000.0,1500.0,13500.0
11582,97,1,,1,960,1618,3128,1,12600.0,1260.0,11340.0
11583,1200,1,,1,834,1098,1245,2,12000.0,0.0,24000.0
11584,1200,1,,2,834,1098,1245,2,15000.0,3000.0,27000.0
11585,61,2,4,2,828,4,2277,1,15000.0,0.0,15000.0
11586,61,2,4,2,828,4,2277,2,15000.0,1500.0,28500.0
11587,1387,2,4,1,960,4,2614,1,12000.0,600.0,11400.0
11588,1387,2,4,1,960,4,2614,2,12600.0,1260.0,23940.0
11589,1082,1,,2,866,1090,,3,15750.0,0.0,47250.0
11590,385,2,1,2,575,1,2333,2,16500.0,1650.0,31350.0
11591,385,2,1,1,575,1,2333,1,12000.0,240.0,11760.0
11592,243,1,,1,836,363,1991,3,10800.0,648.0,31752.0
11593,243,1,,2,836,363,1991,3,15000.0,4500.0,40500.0
11594,584,2,1,2,373,1,1011,1,13500.0,0.0,13500.0
11595,392,1,,2,397,1224,1471,1,15000.0,300.0,14700.0
11596,295,1,,2,426,1343,1619,3,13500.0,4050.0,36450.0
11597,1313,1,,1,489,3078,1820,3,12000.0,1800.0,34200.0
11598,684,2,2,2,783,2,1117,3,15000.0,2250.0,42750.0
11599,681,1,,1,444,73,2864,1,10800.0,216.0,10584.0
11600,660,2,3,2,880,3,370,3,15000.0,0.0,45000.0
11601,657,1,,1,842,410,2585,1,10800.0,216.0,10584.0
11602,926,1,,1,407,543,871,1,12000.0,0.0,12000.0
11603,15,1,,1,900,495,2777,3,12000.0,0.0,36000.0
11604,1400,2,4,2,1003,4,75,2,15000.0,3000.0,27000.0
11605,1400,2,4,1,1003,4,75,3,13200.0,792.0,38808.0
11606,1205,1,,1,792,2520,402,2,12000.0,0.0,24000.0
11607,1205,1,,2,792,2520,402,1,15000.0,1500.0,13500.0
11608,724,1,,1,527,3070,360,3,10800.0,0.0,32400.0
11609,724,1,,2,527,3070,360,1,15750.0,1575.0,14175.0
11610,157,1,,1,923,2839,1424,3,13200.0,0.0,39600.0
11611,128,1,,1,532,1078,354,3,12000.0,720.0,35280.0
11612,128,1,,2,532,1078,354,1,15000.0,300.0,14700.0
11613,128,1,,2,532,1078,354,2,15000.0,3000.0,27000.0
11614,1419,2,3,2,979,3,,1,13500.0,675.0,12825.0
11615,1262,1,,2,909,367,631,1,15000.0,750.0,14250.0
11616,1400,1,,2,455,2212,799,3,15000.0,0.0,45000.0
11617,1400,1,,2,455,2212,799,1,15000.0,1500.0,13500.0
11618,1400,1,,1,455,2212,799,2,13200.0,1320.0,25080.0
11619,839,1,,1,409,1396,2588,2,12000.0,2400.0,21600.0
11620,943,2,3,2,827,3,2270,2,16500.0,1650.0,31350.0
11621,621,2,4,1,421,4,2633,1,12000.0,0.0,12000.0
11622,291,1,,2,752,150,1078,2,16500.0,1650.0,31350.0
11623,875,2,2,1,702,2,2069,3,12000.0,720.0,35280.0
11624,875,2,2,1,702,2,2069,3,12600.0,0.0,37800.0
11625,130,2,4,2,775,4,2138,2,13500.0,540.0,26460.0
11626,610,2,2,1,623,2,1194,3,12000.0,720.0,35280.0
11627,484,1,,1,720,2994,359,3,12000.0,0.0,36000.0
11628,936,1,,1,888,3018,1074,1,12000.0,1200.0,10800.0
11629,936,1,,2,888,3018,1074,3,15000.0,2250.0,42750.0
11630,459,1,,1,892,1641,2293,3,13200.0,3960.0,35640.0
11631,459,1,,2,892,1641,2293,3,15750.0,0.0,47250.0
11632,1438,1,,2,902,2056,748,3,15000.0,4500.0,40500.0
11633,1205,2,1,2,654,1,1965,1,16500.0,825.0,15675.0
11634,1205,2,1,1,654,1,1965,2,12000.0,1200.0,22800.0
11635,904,1,,1,800,2400,2648,3,12600.0,0.0,37800.0
11636,427,1,,2,451,639,588,1,15750.0,787.5,14962.5
11637,427,1,,1,451,639,588,1,12000.0,240.0,11760.0
11638,212,1,,2,720,596,316,2,15000.0,1500.0,28500.0
11639,212,1,,1,720,596,316,1,13200.0,1320.0,11880.0
11640,1414,1,,2,969,1378,1583,1,15000.0,1500.0,13500.0
11641,1441,2,4,1,741,4,957,2,12000.0,1200.0,22800.0
11642,587,1,,1,393,200,1374,3,12000.0,720.0,35280.0
11643,1027,1,,2,808,1860,948,1,13500.0,1350.0,12150.0
11644,1446,2,1,1,865,1,,2,10800.0,1080.0,20520.0
11645,730,1,,2,514,1730,2915,2,16500.0,1650.0,31350.0
11646,730,1,,1,514,1730,2915,3,12000.0,720.0,35280.0
11647,730,1,,2,514,1730,2915,3,15000.0,4500.0,40500.0
11648,483,1,,1,402,2875,1740,1,12000.0,240.0,11760.0
11649,1404,1,,1,582,1410,1291,3,12000.0,3600.0,32400.0
11650,1404,1,,1,582,1410,1291,2,12000.0,2400.0,21600.0
11651,1451,1,,1,529,2659,2735,1,12000.0,0.0,12000.0
11652,230,1,,2,453,1566,367,2,13500.0,540.0,26460.0
11653,191,1,,2,473,1363,412,1,15000.0,0.0,15000.0
11654,1221,1,,2,537,2852,1019,1,15000.0,1500.0,13500.0
11655,1221,1,,2,537,2852,1019,3,15000.0,900.0,44100.0
11656,248,2,1,2,639,1,2820,1,15000.0,300.0,14700.0
11657,2,2,1,1,729,1,,2,12000.0,480.0,23520.0
11658,1419,1,,2,425,2852,,1,15000.0,750.0,14250.0
11659,237,1,,1,778,1981,2745,3,12000.0,0.0,36000.0
11660,1187,1,,2,504,1277,1557,3,15000.0,4500.0,40500.0
11661,1187,1,,2,504,1277,1557,3,15000.0,4500.0,40500.0
11662,380,2,3,1,599,3,,2,12000.0,480.0,23520.0
11663,380,2,3,1,599,3,,3,12000.0,0.0,36000.0
11664,879,2,3,1,811,3,3057,2,12000.0,1200.0,22800.0
11665,879,2,3,2,811,3,3057,1,15000.0,750.0,14250.0
11666,422,1,,1,496,1082,708,1,13200.0,1320.0,11880.0
11667,888,2,2,2,719,2,2875,3,15750.0,4725.0,42525.0
11668,888,2,2,2,719,2,2875,2,16500.0,3300.0,29700.0
11669,888,2,2,1,719,2,2875,2,12000.0,2400.0,21600.0
11670,117,2,1,1,599,1,1273,1,12000.0,240.0,11760.0
11671,483,2,2,1,896,2,454,3,12000.0,720.0,35280.0
11672,846,2,4,1,564,4,2787,2,10800.0,2160.0,19440.0
11673,1311,2,2,1,610,2,2320,1,12000.0,0.0,12000.0
11674,637,2,2,2,955,2,2062,3,15000.0,2250.0,42750.0
11675,1392,2,1,1,678,1,1626,1,12000.0,240.0,11760.0
11676,587,2,3,1,492,3,2197,2,12600.0,0.0,25200.0
11677,587,2,3,1,492,3,2197,3,12000.0,3600.0,32400.0
11678,1457,2,4,1,893,4,1965,3,12000.0,1800.0,34200.0
11679,290,1,,2,631,3087,1637,2,15750.0,1575.0,29925.0
11680,1198,1,,1,828,3068,2875,3,13200.0,1980.0,37620.0
11681,708,2,1,2,756,1,2941,1,15000.0,0.0,15000.0
11682,618,1,,2,408,2748,941,3,16500.0,990.0,48510.0
11683,426,1,,1,885,1493,1926,1,12000.0,1200.0,10800.0
11684,69,1,,1,530,2095,2643,2,12000.0,480.0,23520.0
11685,284,1,,1,542,914,783,3,12000.0,0.0,36000.0
11686,576,1,,2,574,2489,2081,3,15000.0,2250.0,42750.0
11687,689,1,,1,549,446,499,3,12600.0,756.0,37044.0
11688,166,1,,2,705,1632,2179,1,15000.0,750.0,14250.0
11689,166,1,,1,705,1632,2179,3,13200.0,0.0,39600.0
11690,1060,1,,1,886,1453,544,3,13200.0,0.0,39600.0
11691,1060,1,,1,886,1453,544,2,12600.0,2520.0,22680.0
11692,1060,1,,2,886,1453,544,1,13500.0,1350.0,12150.0
11693,484,1,,2,839,1911,1992,3,15000.0,900.0,44100.0
11694,645,2,3,1,754,3,,1,12600.0,0.0,12600.0
11695,964,1,,2,608,644,1083,3,15750.0,2362.5,44887.5
11696,964,1,,2,608,644,1083,3,15000.0,2250.0,42750.0
11697,1009,1,,2,586,1687,1924,2,15000.0,0.0,30000.0
11698,322,2,4,1,557,4,2,2,12000.0,480.0,23520.0
11699,849,2,2,2,545,2,50,3,16500.0,4950.0,44550.0
11700,1311,1,,1,371,550,1374,2,12600.0,504.0,24696.0
11701,257,1,,2,661,603,,2,15000.0,3000.0,27000.0
11702,1288,2,1,1,757,1,773,3,12000.0,0.0,36000.0
11703,1288,2,1,2,757,1,773,2,15000.0,1500.0,28500.0
11704,1063,1,,2,501,2166,605,2,15750.0,3150.0,28350.0
11705,394,2,4,1,925,4,2124,3,12000.0,1800.0,34200.0
11706,1350,1,,1,387,1010,1206,2,10800.0,2160.0,19440.0
11707,182,1,,1,400,2175,,1,12000.0,0.0,12000.0
11708,182,1,,2,400,2175,,2,15000.0,3000.0,27000.0
11709,520,2,4,1,421,4,1035,2,12000.0,2400.0,21600.0
11710,417,2,3,2,840,3,1673,3,15750.0,2362.5,44887.5
11711,1429,1,,2,869,24,519,3,15000.0,2250.0,42750.0
11712,860,1,,1,685,1620,62,2,12000.0,1200.0,22800.0
11713,780,1,,2,426,2726,2739,3,15000.0,4500.0,40500.0
11714,780,1,,2,426,2726,2739,2,15000.0,3000.0,27000.0
11715,365,1,,2,399,3023,2278,2,15750.0,3150.0,28350.0
11716,365,1,,1,399,3023,2278,1,12000.0,240.0,11760.0
11717,726,1,,1,770,2330,2010,1,12000.0,600.0,11400.0
11718,405,2,2,1,706,2,2394,1,12000.0,1200.0,10800.0
11719,135,1,,1,423,2432,357,1,12600.0,252.0,12348.0
11720,342,1,,1,893,522,2617,3,12600.0,1890.0,35910.0
11721,56,2,3,1,886,3,1271,3,12600.0,3780.0,34020.0
11722,56,2,3,2,886,3,1271,1,16500.0,0.0,16500.0
11723,679,1,,1,888,2367,,2,10800.0,1080.0,20520.0
11724,441,1,,2,978,2303,1301,3,15000.0,4500.0,40500.0
11725,546,1,,1,675,89,407,3,12600.0,3780.0,34020.0
11726,453,2,4,1,865,4,,2,12000.0,2400.0,21600.0
11727,453,2,4,1,865,4,,2,12600.0,504.0,24696.0
11728,818,1,,2,545,711,1674,3,15000.0,900.0,44100.0
11729,1479,1,,2,828,2198,1853,1,15000.0,0.0,15000.0
11730,63,2,2,2,796,2,3001,2,15000.0,600.0,29400.0
11731,63,2,2,2,796,2,3001,1,15750.0,1575.0,14175.0
11732,963,2,1,2,604,1,963,2,15750.0,630.0,30870.0
11733,1465,1,,1,931,1241,,1,12000.0,1200.0,10800.0
11734,1293,1,,2,519,721,3088,3,13500.0,2025.0,38475.0
11735,1464,1,,1,393,1658,2190,3,13200.0,0.0,39600.0
11736,986,2,3,1,554,3,1517,3,12600.0,3780.0,34020.0
11737,986,2,3,1,554,3,1517,2,13200.0,1320.0,25080.0
11738,593,2,1,2,886,1,3202,2,15000.0,3000.0,27000.0
11739,1014,2,2,1,778,2,2038,1,10800.0,540.0,10260.0
11740,514,2,3,2,860,3,2421,3,15000.0,0.0,45000.0
11741,1094,2,1,1,569,1,357,1,12000.0,600.0,11400.0
11742,1094,2,1,1,569,1,357,2,12600.0,2520.0,22680.0
11743,1251,1,,2,462,821,1708,1,15000.0,1500.0,13500.0
11744,305,2,3,1,865,3,684,2,12000.0,480.0,23520.0
11745,305,2,3,2,865,3,684,1,13500.0,1350.0,12150.0
11746,123,1,,2,785,229,540,1,15000.0,1500.0,13500.0
11747,123,1,,1,785,229,540,1,12000.0,0.0,12000.0
11748,1216,1,,1,654,3152,587,2,12000.0,2400.0,21600.0
11749,1117,1,,1,986,2702,,1,12000.0,600.0,11400.0
11750,391,2,1,1,894,1,2307,3,12000.0,720.0,35280.0
11751,391,2,1,1,894,1,2307,1,12000.0,240.0,11760.0
11752,475,2,3,2,601,3,2952,2,15000.0,3000.0,27000.0
11753,1090,2,1,2,742,1,3202,1,15000.0,300.0,14700.0
11754,1090,2,1,1,742,1,3202,1,12000.0,240.0,11760.0
11755,196,2,1,1,648,1,2782,3,12000.0,3600.0,32400.0
11756,196,2,1,1,648,1,2782,3,12000.0,3600.0,32400.0
11757,1111,2,3,1,849,3,762,1,12000.0,240.0,11760.0
11758,781,2,2,2,621,2,2335,3,13500.0,4050.0,36450.0
11759,719,1,,1,367,2092,3001,1,12000.0,1200.0,10800.0
11760,825,1,,1,1001,1163,3027,1,12000.0,600.0,11400.0
11761,825,1,,2,1001,1163,3027,1,15750.0,0.0,15750.0
11762,1483,1,,2,458,990,1623,3,15000.0,900.0,44100.0
11763,1489,1,,2,905,1383,,2,15750.0,0.0,31500.0
11764,118,1,,2,868,2268,,3,15000.0,0.0,45000.0
11765,524,2,4,1,686,4,2812,1,12000.0,1200.0,10800.0
11766,599,2,4,2,927,4,1283,2,15000.0,3000.0,27000.0
11767,1433,1,,2,800,2676,,2,15000.0,0.0,30000.0
11768,1433,1,,1,800,2676,,2,13200.0,2640.0,23760.0
11769,1128,1,,1,841,2781,971,2,10800.0,2160.0,19440.0
11770,319,2,3,1,796,3,1168,3,12000.0,3600.0,32400.0
11771,1148,1,,2,439,2301,2029,3,13500.0,2025.0,38475.0
11772,1468,1,,1,947,2006,860,2,12000.0,2400.0,21600.0
11773,667,2,3,2,565,3,3202,1,16500.0,330.0,16170.0
11774,932,1,,1,500,2001,239,3,12000.0,3600.0,32400.0
11775,1054,2,2,1,505,2,2708,1,12000.0,600.0,11400.0
11776,346,1,,2,696,3014,1617,1,15000.0,0.0,15000.0
11777,1004,1,,2,587,1955,,1,15750.0,0.0,15750.0
11778,272,1,,1,635,470,2066,2,10800.0,432.0,21168.0
11779,1201,2,3,1,612,3,3184,2,12000.0,1200.0,22800.0
11780,1201,2,3,2,612,3,3184,3,15000.0,2250.0,42750.0
11781,141,1,,1,969,3165,2027,1,12000.0,240.0,11760.0
11782,141,1,,1,969,3165,2027,2,12600.0,1260.0,23940.0
11783,141,1,,2,969,3165,2027,1,15000.0,300.0,14700.0
11784,1336,1,,1,456,962,1130,1,12000.0,240.0,11760.0
11785,1346,1,,1,580,339,1843,2,12000.0,1200.0,22800.0
11786,159,1,,2,447,3021,481,3,15000.0,900.0,44100.0
11787,159,1,,1,447,3021,481,3,10800.0,3240.0,29160.0
11788,159,1,,1,447,3021,481,2,12000.0,2400.0,21600.0
11789,589,2,3,2,837,3,2963,3,15000.0,0.0,45000.0
11790,589,2,3,2,837,3,2963,2,15750.0,630.0,30870.0
11791,1371,2,2,1,894,2,1011,1,12000.0,240.0,11760.0
11792,1371,2,2,1,894,2,1011,2,10800.0,2160.0,19440.0
11793,1371,2,2,1,894,2,1011,1,12000.0,0.0,12000.0
11794,43,2,1,2,706,1,,1,13500.0,0.0,13500.0
11795,877,1,,1,602,2889,2840,3,12600.0,3780.0,34020.0
11796,479,1,,1,864,2885,2080,2,10800.0,2160.0,19440.0
11797,891,2,1,2,560,1,421,1,15000.0,1500.0,13500.0
11798,1172,1,,1,591,1195,379,2,10800.0,0.0,21600.0
11799,1142,1,,2,512,2905,3004,2,15000.0,0.0,30000.0
11800,187,1,,2,838,1732,1930,3,15000.0,0.0,45000.0
11801,1384,2,2,1,482,2,647,3,12000.0,3600.0,32400.0
11802,289,2,3,2,448,3,,2,15000.0,3000.0,27000.0
11803,289,2,3,2,448,3,,3,15750.0,945.0,46305.0
11804,289,2,3,1,448,3,,1,12000.0,240.0,11760.0
11805,174,2,1,2,407,1,2336,1,15000.0,300.0,14700.0
11806,174,2,1,2,407,1,2336,1,16500.0,1650.0,14850.0
11807,920,1,,2,858,2103,1970,2,13500.0,540.0,26460.0
11808,1120,1,,2,508,550,167,1,15000.0,750.0,14250.0
11809,1048,1,,1,616,1733,2793,2,12000.0,1200.0,22800.0
11810,653,1,,1,666,586,1004,2,12600.0,0.0,25200.0
11811,653,1,,1,666,586,1004,2,12000.0,1200.0,22800.0
11812,1090,1,,1,449,11,769,3,12000.0,720.0,35280.0
11813,192,1,,1,456,553,1690,3,12000.0,3600.0,32400.0
11814,684,2,3,2,507,3,45,3,13500.0,810.0,39690.0
11815,684,2,3,2,507,3,45,1,15000.0,300.0,14700.0
11816,1441,1,,2,536,111,3047,3,15750.0,0.0,47250.0
11817,467,1,,1,653,2108,1171,2,10800.0,432.0,21168.0
11818,754,1,,2,906,577,3180,3,13500.0,810.0,39690.0
11819,1057,2,2,2,427,2,,3,15000.0,2250.0,42750.0
11820,100,2,1,1,733,1,438,2,12000.0,480.0,23520.0
11821,100,2,1,1,733,1,438,1,12000.0,240.0,11760.0
11822,1139,1,,2,615,2198,2280,1,15750.0,0.0,15750.0
11823,1139,1,,2,615,2198,2280,3,15000.0,2250.0,42750.0
11824,1419,1,,1,656,2754,2057,1,12000.0,240.0,11760.0
11825,686,1,,1,967,30,389,3,12000.0,0.0,36000.0
11826,686,1,,2,967,30,389,1,15000.0,0.0,15000.0
11827,49,2,1,2,758,1,1796,2,15000.0,600.0,29400.0
11828,49,2,1,1,758,1,1796,1,12000.0,1200.0,10800.0
11829,219,2,2,1,864,2,2306,2,12000.0,480.0,23520.0
11830,652,2,3,1,671,3,108,2,10800.0,0.0,21600.0
11831,1431,2,3,1,676,3,2785,1,10800.0,1080.0,9720.0
11832,1423,1,,1,790,1063,667,3,12000.0,1800.0,34200.0
11833,208,2,4,1,771,4,667,1,12000.0,0.0,12000.0
11834,695,1,,1,506,1762,923,2,12600.0,1260.0,23940.0
11835,695,1,,2,506,1762,923,1,15000.0,750.0,14250.0
11836,1128,2,4,1,458,4,415,3,12600.0,3780.0,34020.0
11837,838,1,,2,780,783,477,1,15000.0,1500.0,13500.0
11838,72,2,4,2,708,4,,3,15750.0,2362.5,44887.5
11839,72,2,4,2,708,4,,2,15750.0,3150.0,28350.0
11840,765,1,,2,847,280,2892,2,15750.0,3150.0,28350.0
11841,765,1,,2,847,280,2892,3,13500.0,4050.0,36450.0
11842,565,2,4,2,670,4,2611,1,15750.0,315.0,15435.0
11843,107,1,,1,576,2999,42,2,12000.0,1200.0,22800.0
11844,1248,1,,1,635,2825,3078,2,12000.0,0.0,24000.0
11845,1248,1,,1,635,2825,3078,3,12600.0,0.0,37800.0
11846,1296,1,,2,839,1818,,2,16500.0,1650.0,31350.0
11847,397,1,,1,440,518,1534,2,12000.0,1200.0,22800.0
11848,397,1,,1,440,518,1534,2,12000.0,0.0,24000.0
11849,397,1,,2,440,518,1534,1,13500.0,1350.0,12150.0
11850,1434,1,,1,620,1880,1085,2,12600.0,2520.0,22680.0
11851,394,1,,2,380,1462,2394,1,13500.0,0.0,13500.0
11852,213,2,2,1,677,2,809,2,10800.0,1080.0,20520.0
11853,46,1,,1,913,2652,2527,1,12600.0,1260.0,11340.0
11854,1191,1,,2,381,2202,3064,3,15000.0,2250.0,42750.0
11855,1038,2,4,2,554,4,2580,1,15000.0,1500.0,13500.0
11856,847,2,3,1,961,3,2421,2,12000.0,480.0,23520.0
11857,847,2,3,1,961,3,2421,1,10800.0,0.0,10800.0
11858,56,1,,1,978,984,1739,2,12000.0,2400.0,21600.0
11859,56,1,,2,978,984,1739,1,15000.0,1500.0,13500.0
11860,405,1,,1,794,215,2217,2,12600.0,504.0,24696.0
11861,467,1,,1,531,1320,,2,12000.0,480.0,23520.0
11862,33,1,,2,476,815,3093,1,16500.0,1650.0,14850.0
11863,239,2,4,1,967,4,2603,2,12000.0,1200.0,22800.0
11864,888,1,,2,457,3116,,1,13500.0,1350.0,12150.0
11865,622,2,2,1,505,2,2313,2,12000.0,2400.0,21600.0
11866,533,1,,1,427,2374,1028,2,12000.0,480.0,23520.0
11867,715,1,,2,435,442,763,2,13500.0,1350.0,25650.0
11868,126,1,,1,516,1272,2709,2,12000.0,480.0,23520.0
11869,919,1,,2,994,1079,1613,3,16500.0,4950.0,44550.0
11870,221,2,3,2,870,3,2877,1,15000.0,300.0,14700.0
11871,266,1,,2,921,2120,2269,2,15000.0,3000.0,27000.0
11872,604,1,,1,551,1115,1208,3,12000.0,1800.0,34200.0
11873,604,1,,2,551,1115,1208,1,15000.0,0.0,15000.0
11874,684,2,3,1,757,3,2915,3,12000.0,1800.0,34200.0
11875,684,2,3,1,757,3,2915,3,12000.0,3600.0,32400.0
11876,684,2,3,1,757,3,2915,1,12000.0,0.0,12000.0
11877,439,1,,1,573,1453,,3,13200.0,0.0,39600.0
11878,694,2,1,2,569,1,2194,1,15000.0,750.0,14250.0
11879,621,1,,1,965,1012,2588,3,12000.0,0.0,36000.0
11880,558,1,,1,752,623,75,3,10800.0,648.0,31752.0
11881,558,1,,1,752,623,75,2,12600.0,1260.0,23940.0
11882,1005,1,,1,549,529,608,2,12000.0,480.0,23520.0
11883,1274,1,,1,556,279,2002,2,12600.0,1260.0,23940.0
11884,1274,1,,1,556,279,2002,3,13200.0,1980.0,37620.0
11885,1037,1,,2,388,2736,1360,1,15000.0,300.0,14700.0
11886,952,2,4,2,604,4,948,2,13500.0,1350.0,25650.0
11887,1162,1,,2,884,1184,120,1,15000.0,750.0,14250.0
11888,779,1,,1,753,2474,1022,1,10800.0,540.0,10260.0
11889,779,1,,2,753,2474,1022,2,15000.0,0.0,30000.0
11890,975,2,2,1,425,2,1309,2,12000.0,2400.0,21600.0
11891,876,1,,2,915,692,19,1,15000.0,300.0,14700.0
11892,459,1,,2,624,3195,1618,1,13500.0,270.0,13230.0
11893,728,1,,1,503,2943,757,2,12000.0,2400.0,21600.0
11894,231,1,,2,648,1533,524,2,15750.0,1575.0,29925.0
11895,774,1,,2,620,3142,2763,1,15000.0,750.0,14250.0
11896,228,2,3,2,566,3,3063,2,15000.0,0.0,30000.0
11897,1386,1,,1,366,98,2734,2,12000.0,2400.0,21600.0
11898,618,1,,1,524,791,1438,3,10800.0,0.0,32400.0
11899,5,2,1,1,624,1,154,3,10800.0,3240.0,29160.0
11900,5,2,1,1,624,1,154,1,12000.0,600.0,11400.0
11901,950,1,,2,387,762,2226,3,16500.0,990.0,48510.0
11902,1412,2,4,2,662,4,190,3,13500.0,0.0,40500.0
11903,475,1,,2,916,2267,1384,3,15000.0,4500.0,40500.0
11904,769,1,,1,480,263,3006,1,12000.0,1200.0,10800.0
11905,13,2,1,1,545,1,559,2,12000.0,2400.0,21600.0
11906,921,1,,1,851,207,1255,2,12000.0,1200.0,22800.0
11907,1249,2,3,2,464,3,708,1,15000.0,300.0,14700.0
11908,1278,1,,1,858,986,,1,10800.0,0.0,10800.0
11909,1278,1,,1,858,986,,3,12000.0,3600.0,32400.0
11910,876,1,,1,830,928,2919,3,12000.0,3600.0,32400.0
11911,53,2,2,2,663,2,,1,15750.0,1575.0,14175.0
11912,187,1,,1,752,2585,2592,1,12000.0,240.0,11760.0
11913,935,1,,1,859,1142,1869,2,10800.0,2160.0,19440.0
11914,253,1,,1,609,692,1958,2,12000.0,1200.0,22800.0
11915,664,1,,2,372,1400,940,1,15000.0,1500.0,13500.0
11916,886,1,,1,367,1777,,2,12600.0,1260.0,23940.0
11917,235,1,,1,371,1257,2988,1,12000.0,600.0,11400.0
11918,322,1,,2,390,1077,2854,1,16500.0,1650.0,14850.0
11919,1427,1,,2,991,1121,759,1,15000.0,750.0,14250.0
11920,1439,1,,2,890,2491,253,3,15750.0,4725.0,42525.0
11921,885,2,4,2,528,4,1219,3,13500.0,0.0,40500.0
11922,874,1,,2,648,2533,838,2,15750.0,3150.0,28350.0
11923,874,1,,2,648,2533,838,1,15750.0,787.5,14962.5
11924,1083,1,,2,505,381,2081,1,15000.0,750.0,14250.0
11925,1083,1,,2,505,381,2081,2,15000.0,0.0,30000.0
11926,720,2,3,1,408,3,70,2,12000.0,0.0,24000.0
11927,720,2,3,1,408,3,70,2,12000.0,480.0,23520.0
11928,507,2,3,2,643,3,496,2,15000.0,3000.0,27000.0
11929,436,1,,2,699,2806,2080,3,15000.0,0.0,45000.0
11930,237,1,,1,936,2516,1275,2,12000.0,480.0,23520.0
11931,1120,1,,1,478,620,2176,1,12000.0,0.0,12000.0
11932,1081,1,,1,667,501,,2,12600.0,1260.0,23940.0
11933,511,1,,2,893,146,3181,1,15750.0,787.5,14962.5
11934,1330,2,4,2,673,4,590,2,16500.0,0.0,33000.0
11935,662,2,3,2,823,3,846,2,15000.0,0.0,30000.0
11936,662,2,3,2,823,3,846,3,15000.0,900.0,44100.0
11937,87,1,,1,608,588,831,2,12000.0,0.0,24000.0
11938,1429,1,,1,695,1336,3194,1,12000.0,0.0,12000.0
11939,1429,1,,1,695,1336,3194,2,12600.0,1260.0,23940.0
11940,1251,1,,1,450,785,1596,2,12000.0,1200.0,22800.0
11941,1251,1,,2,450,785,1596,1,15000.0,300.0,14700.0
11942,1228,1,,1,970,877,3098,2,12000.0,0.0,24000.0
11943,1482,1,,2,595,1052,110,3,15000.0,4500.0,40500.0
11944,1114,1,,1,843,1836,3168,3,12000.0,720.0,35280.0
11945,1114,1,,1,843,1836,3168,3,12600.0,1890.0,35910.0
11946,1489,2,3,1,989,3,2316,2,12000.0,480.0,23520.0
11947,1489,2,3,1,989,3,2316,1,12000.0,600.0,11400.0
11948,538,2,1,1,383,1,2159,3,13200.0,1980.0,37620.0
11949,1306,1,,1,803,1557,2022,3,12000.0,0.0,36000.0
11950,1306,1,,1,803,1557,2022,3,13200.0,3960.0,35640.0
11951,1088,2,1,2,646,1,651,1,15000.0,750.0,14250.0
11952,458,1,,2,892,1095,767,1,15750.0,787.5,14962.5
11953,1105,1,,1,599,1593,1682,3,13200.0,792.0,38808.0
11954,229,2,3,2,689,3,,3,15000.0,4500.0,40500.0
11955,229,2,3,1,689,3,,2,10800.0,432.0,21168.0
11956,229,2,3,1,689,3,,3,13200.0,0.0,39600.0
11957,1387,1,,2,899,1845,,3,15000.0,4500.0,40500.0
11958,75,1,,1,601,1510,1927,1,12000.0,240.0,11760.0
11959,295,1,,1,377,2610,2903,1,12000.0,600.0,11400.0
11960,295,1,,1,377,2610,2903,3,12000.0,720.0,35280.0
11961,705,1,,1,576,1043,2674,1,12000.0,600.0,11400.0
11962,705,1,,2,576,1043,2674,3,15000.0,0.0,45000.0
11963,705,1,,2,576,1043,2674,2,15750.0,630.0,30870.0
11964,455,1,,1,895,730,761,3,12000.0,1800.0,34200.0
11965,213,1,,1,569,2141,2753,3,12000.0,3600.0,32400.0
11966,465,1,,1,843,2458,93,3,12000.0,720.0,35280.0
11967,418,2,1,2,558,1,,1,15750.0,1575.0,14175.0
11968,477,1,,2,709,2290,1787,2,15000.0,1500.0,28500.0
11969,477,1,,1,709,2290,1787,2,12000.0,2400.0,21600.0
11970,619,2,1,1,856,1,2972,3,12600.0,3780.0,34020.0
11971,1101,1,,2,710,2342,348,1,15000.0,300.0,14700.0
11972,1062,1,,1,847,442,2675,3,12600.0,0.0,37800.0
11973,101,2,4,2,692,4,,2,13500.0,540.0,26460.0
11974,101,2,4,1,692,4,,2,12600.0,1260.0,23940.0
11975,1270,1,,2,485,2599,553,2,16500.0,1650.0,31350.0
11976,1081,1,,2,728,1099,3136,1,15000.0,750.0,14250.0
11977,1322,2,1,1,617,1,440,2,12000.0,2400.0,21600.0
11978,1322,2,1,1,617,1,440,3,13200.0,792.0,38808.0
11979,1309,2,2,1,522,2,2330,1,12600.0,1260.0,11340.0
11980,90,1,,2,753,2486,3130,3,16500.0,2475.0,47025.0
11981,937,1,,1,406,2423,1972,2,12000.0,480.0,23520.0
11982,1217,1,,2,473,56,2038,1,16500.0,0.0,16500.0
11983,611,1,,1,545,766,2634,3,10800.0,648.0,31752.0
11984,611,1,,2,545,766,2634,3,15000.0,4500.0,40500.0
11985,1374,2,2,2,909,2,2915,1,15000.0,1500.0,13500.0
11986,701,1,,2,653,147,2911,1,16500.0,1650.0,14850.0
11987,1147,2,1,1,926,1,782,1,10800.0,540.0,10260.0
11988,1147,2,1,2,926,1,782,2,16500.0,1650.0,31350.0
11989,14,2,4,2,733,4,454,2,15000.0,0.0,30000.0
11990,1499,1,,2,635,2518,2741,2,15750.0,630.0,30870.0
11991,1135,1,,1,970,1406,658,1,12000.0,240.0,11760.0
11992,1135,1,,2,970,1406,658,2,15000.0,3000.0,27000.0
11993,1110,1,,2,997,1908,1085,3,15000.0,2250.0,42750.0
11994,1110,1,,1,997,1908,1085,1,12000.0,1200.0,10800.0
11995,1044,2,1,1,958,1,,3,12600.0,1890.0,35910.0
11996,482,2,1,1,412,1,2813,2,12000.0,0.0,24000.0
11997,413,2,3,2,845,3,96,3,15750.0,945.0,46305.0
11998,413,2,3,1,845,3,96,2,12000.0,480.0,23520.0
11999,891,1,,2,684,1721,,2,15750.0,1575.0,29925.0
12000,310,1,,2,639,1687,1040,1,15750.0,787.5,14962.5
12001,310,1,,1,639,1687,1040,3,12600.0,1890.0,35910.0
12002,1279,1,,2,391,939,1881,1,15000.0,750.0,14250.0
12003,223,2,1,2,999,1,112,3,13500.0,810.0,39690.0
12004,173,1,,1,606,2084,2365,3,13200.0,0.0,39600.0
12005,1302,1,,2,437,3072,1420,1,15750.0,315.0,15435.0
12006,454,2,4,2,662,4,270,3,15000.0,4500.0,40500.0
12007,559,2,4,1,651,4,490,3,12000.0,720.0,35280.0
12008,559,2,4,2,651,4,490,1,15000.0,0.0,15000.0
12009,894,2,2,1,913,2,2252,1,12000.0,1200.0,10800.0
12010,805,1,,1,471,500,476,2,12000.0,480.0,23520.0
12011,1037,1,,2,813,2350,1769,1,13500.0,270.0,13230.0
12012,1037,1,,1,813,2350,1769,3,13200.0,1980.0,37620.0
12013,743,2,3,1,511,3,,2,10800.0,1080.0,20520.0
12014,1413,1,,2,765,955,2017,1,13500.0,1350.0,12150.0
12015,386,1,,1,521,1776,1226,2,12000.0,1200.0,22800.0
12016,1004,1,,2,795,2744,1332,2,15000.0,3000.0,27000.0
12017,318,2,1,1,792,1,750,2,12000.0,2400.0,21600.0
12018,7,1,,1,388,556,170,1,10800.0,540.0,10260.0
12019,1453,2,3,1,647,3,836,3,12000.0,0.0,36000.0
12020,1167,1,,2,507,262,337,3,15750.0,4725.0,42525.0
12021,1248,1,,1,503,3174,,2,12000.0,480.0,23520.0
12022,1184,1,,1,716,2348,208,2,13200.0,528.0,25872.0
12023,129,2,4,1,367,4,392,2,12000.0,1200.0,22800.0
12024,69,1,,1,920,154,2758,3,13200.0,1980.0,37620.0
12025,1362,1,,2,616,2420,1262,3,15000.0,4500.0,40500.0
12026,683,2,4,1,687,4,925,3,13200.0,3960.0,35640.0
12027,683,2,4,1,687,4,925,2,10800.0,2160.0,19440.0
12028,49,1,,1,757,548,3111,1,12000.0,0.0,12000.0
12029,679,1,,2,486,226,1784,2,13500.0,0.0,27000.0
12030,117,2,4,2,803,4,2352,3,15000.0,900.0,44100.0
12031,621,2,3,2,506,3,1146,1,15000.0,300.0,14700.0
12032,1395,1,,2,814,152,707,2,15000.0,1500.0,28500.0
12033,271,1,,1,388,2135,1506,3,12000.0,1800.0,34200.0
12034,271,1,,2,388,2135,1506,1,15000.0,300.0,14700.0
12035,1275,1,,1,998,434,2290,3,13200.0,3960.0,35640.0
12036,539,1,,1,876,1875,1566,3,12000.0,720.0,35280.0
12037,541,1,,1,612,2127,320,2,12000.0,480.0,23520.0
12038,541,1,,2,612,2127,320,1,15000.0,300.0,14700.0
12039,791,1,,1,819,181,820,1,10800.0,216.0,10584.0
12040,864,1,,1,856,462,1959,2,12000.0,2400.0,21600.0
12041,1171,1,,1,820,1609,2039,1,10800.0,1080.0,9720.0
12042,1171,1,,1,820,1609,2039,1,12600.0,252.0,12348.0
12043,331,2,3,1,374,3,,3,12000.0,1800.0,34200.0
12044,468,2,3,2,963,3,1782,2,15000.0,0.0,30000.0
12045,468,2,3,1,963,3,1782,3,12000.0,1800.0,34200.0
12046,722,1,,1,941,169,1220,3,10800.0,3240.0,29160.0
12047,586,1,,1,629,3109,2450,3,10800.0,1620.0,30780.0
12048,490,1,,1,580,7,,3,12000.0,0.0,36000.0
12049,527,1,,2,375,735,676,1,15750.0,0.0,15750.0
12050,1418,2,4,1,725,4,212,3,12600.0,1890.0,35910.0
12051,1418,2,4,1,725,4,212,1,12000.0,240.0,11760.0
12052,216,1,,2,471,3010,1410,3,15000.0,4500.0,40500.0
12053,1273,1,,1,386,1695,2396,1,13200.0,0.0,13200.0
12054,1273,1,,2,386,1695,2396,1,15000.0,750.0,14250.0
12055,1273,1,,1,386,1695,2396,3,13200.0,0.0,39600.0
12056,262,1,,1,789,2196,2822,1,13200.0,1320.0,11880.0
12057,262,1,,1,789,2196,2822,3,13200.0,0.0,39600.0
12058,118,2,3,1,679,3,1117,1,13200.0,0.0,13200.0
12059,899,1,,2,604,1606,1421,3,16500.0,990.0,48510.0
12060,861,1,,2,774,2137,1465,3,13500.0,810.0,39690.0
12061,337,1,,1,497,126,2231,1,12000.0,600.0,11400.0
12062,1434,2,4,1,722,4,694,3,10800.0,0.0,32400.0
12063,1379,1,,2,896,154,3147,3,13500.0,810.0,39690.0
12064,923,1,,2,554,1680,1858,3,16500.0,4950.0,44550.0
12065,741,2,3,2,919,3,1735,1,16500.0,1650.0,14850.0
12066,160,1,,1,925,2635,3180,3,12000.0,0.0,36000.0
12067,160,1,,2,925,2635,3180,1,15000.0,0.0,15000.0
12068,721,1,,2,962,305,1770,1,15000.0,1500.0,13500.0
12069,524,2,4,2,381,4,3188,2,13500.0,540.0,26460.0
12070,524,2,4,1,381,4,3188,2,12000.0,480.0,23520.0
12071,1042,1,,1,837,2104,1392,1,10800.0,1080.0,9720.0
12072,1042,1,,2,837,2104,1392,2,15750.0,3150.0,28350.0
12073,768,1,,2,602,2451,837,2,15750.0,630.0,30870.0
12074,949,2,3,1,843,3,2661,1,12000.0,0.0,12000.0
12075,1427,1,,1,581,2435,2877,1,12000.0,600.0,11400.0
12076,477,1,,1,741,2608,241,1,12000.0,1200.0,10800.0
12077,44,2,4,1,822,4,1769,1,12000.0,1200.0,10800.0
12078,184,1,,2,723,610,766,3,15000.0,0.0,45000.0
12079,78,1,,2,407,2571,1226,2,15000.0,3000.0,27000.0
12080,1378,2,2,1,563,2,1035,1,12000.0,1200.0,10800.0
12081,1378,2,2,1,563,2,1035,3,12000.0,0.0,36000.0
12082,168,1,,1,556,641,2575,3,12000.0,1800.0,34200.0
12083,806,2,2,2,536,2,1784,2,16500.0,1650.0,31350.0
12084,1149,1,,2,1003,525,2377,2,15000.0,1500.0,28500.0
12085,1149,1,,1,1003,525,2377,2,12000.0,2400.0,21600.0
12086,460,1,,2,373,1397,207,2,15750.0,3150.0,28350.0
12087,804,2,4,1,965,4,1028,3,10800.0,0.0,32400.0
12088,917,1,,1,994,2649,3050,2,12000.0,2400.0,21600.0
12089,416,2,1,2,777,1,,3,13500.0,0.0,40500.0
12090,1070,2,1,1,514,1,632,3,10800.0,648.0,31752.0
12091,1219,2,4,1,762,4,2030,3,12000.0,0.0,36000.0
12092,246,2,2,2,907,2,1127,1,13500.0,1350.0,12150.0
12093,960,2,1,1,849,1,1372,1,12000.0,0.0,12000.0
12094,960,2,1,2,849,1,1372,2,15750.0,3150.0,28350.0
12095,1250,1,,2,387,3032,3091,3,13500.0,0.0,40500.0
12096,1317,1,,1,797,2916,665,3,13200.0,3960.0,35640.0
12097,1317,1,,1,797,2916,665,2,12000.0,0.0,24000.0
12098,1317,1,,1,797,2916,665,2,12000.0,2400.0,21600.0
12099,361,1,,2,786,1285,1772,2,13500.0,0.0,27000.0
12100,196,2,3,1,603,3,1037,3,12000.0,1800.0,34200.0
12101,75,2,1,1,492,1,1722,3,10800.0,3240.0,29160.0
12102,513,1,,2,936,494,1068,1,15000.0,300.0,14700.0
12103,947,1,,1,907,2676,1738,2,12000.0,0.0,24000.0
12104,432,1,,1,652,827,748,3,12000.0,1800.0,34200.0
12105,831,1,,1,703,2209,852,1,12000.0,600.0,11400.0
12106,1231,1,,1,732,684,1440,3,10800.0,648.0,31752.0
12107,1408,1,,2,575,760,1860,1,15000.0,0.0,15000.0
12108,1408,1,,1,575,760,1860,3,10800.0,1620.0,30780.0
12109,266,2,3,1,481,3,2840,2,12600.0,0.0,25200.0
12110,266,2,3,1,481,3,2840,1,12000.0,240.0,11760.0
12111,1213,2,1,2,717,1,1654,1,15000.0,750.0,14250.0
12112,1213,2,1,1,717,1,1654,1,10800.0,216.0,10584.0
12113,1286,1,,2,809,1229,1721,2,15000.0,3000.0,27000.0
12114,1129,1,,1,565,4,1730,2,12000.0,480.0,23520.0
12115,1129,1,,1,565,4,1730,3,12000.0,720.0,35280.0
12116,1369,1,,2,629,1760,2584,1,15000.0,300.0,14700.0
12117,1369,1,,1,629,1760,2584,1,12000.0,240.0,11760.0
12118,1369,1,,2,629,1760,2584,2,15750.0,3150.0,28350.0
12119,296,2,1,1,541,1,,1,13200.0,660.0,12540.0
12120,196,1,,2,927,1961,2470,2,15000.0,600.0,29400.0
12121,695,2,2,1,812,2,1735,1,13200.0,1320.0,11880.0
12122,695,2,2,2,812,2,1735,3,15750.0,2362.5,44887.5
12123,914,2,3,2,671,3,337,2,16500.0,1650.0,31350.0
12124,1124,1,,2,962,2268,1924,3,15000.0,4500.0,40500.0
12125,1124,1,,1,962,2268,1924,3,10800.0,3240.0,29160.0
12126,629,2,1,1,828,1,3093,1,12000.0,1200.0,10800.0
12127,629,2,1,1,828,1,3093,1,12600.0,630.0,11970.0
12128,1234,2,1,2,546,1,1506,3,15000.0,0.0,45000.0
12129,1234,2,1,1,546,1,1506,3,12600.0,756.0,37044.0
12130,1129,2,1,2,995,1,1556,2,15750.0,1575.0,29925.0
12131,867,2,1,1,960,1,2031,3,10800.0,0.0,32400.0
12132,867,2,1,1,960,1,2031,1,12000.0,1200.0,10800.0
12133,468,1,,1,657,1383,2996,2,10800.0,0.0,21600.0
12134,317,1,,1,602,3192,1375,3,12000.0,3600.0,32400.0
12135,619,1,,2,683,3120,,3,13500.0,4050.0,36450.0
12136,1269,1,,2,810,2087,2484,2,15000.0,3000.0,27000.0
12137,1416,1,,2,656,969,2503,1,15000.0,300.0,14700.0
12138,1416,1,,1,656,969,2503,3,13200.0,1980.0,37620.0
12139,747,1,,1,938,30,1299,1,10800.0,540.0,10260.0
12140,493,1,,1,792,2043,,2,12000.0,2400.0,21600.0
12141,493,1,,2,792,2043,,3,15000.0,0.0,45000.0
12142,1170,1,,1,623,2393,2613,1,10800.0,0.0,10800.0
12143,1170,1,,1,623,2393,2613,3,13200.0,3960.0,35640.0
12144,1068,1,,2,756,1091,,2,13500.0,540.0,26460.0
12145,1416,1,,2,934,875,210,3,15000.0,900.0,44100.0
12146,818,2,2,1,845,2,3198,2,13200.0,2640.0,23760.0
12147,212,2,4,2,433,4,1357,3,16500.0,4950.0,44550.0
12148,1196,2,2,1,914,2,871,3,12000.0,720.0,35280.0
12149,1196,2,2,1,914,2,871,1,10800.0,216.0,10584.0
12150,1196,2,2,1,914,2,871,3,10800.0,648.0,31752.0
12151,336,2,4,2,414,4,852,2,16500.0,3300.0,29700.0
12152,336,2,4,1,414,4,852,1,12000.0,1200.0,10800.0
12153,205,1,,1,536,2563,572,2,12000.0,2400.0,21600.0
12154,205,1,,1,536,2563,572,2,12000.0,0.0,24000.0
12155,667,1,,2,721,1283,1243,3,15000.0,2250.0,42750.0
12156,1390,1,,1,609,1379,2457,2,12000.0,0.0,24000.0
12157,597,1,,1,613,1281,2063,3,12000.0,3600.0,32400.0
12158,597,1,,1,613,1281,2063,2,10800.0,0.0,21600.0
12159,1290,2,2,1,844,2,1534,2,12000.0,480.0,23520.0
12160,594,1,,2,907,715,3119,3,13500.0,810.0,39690.0
12161,594,1,,2,907,715,3119,3,15000.0,4500.0,40500.0
12162,1192,1,,2,690,2371,2923,3,15000.0,0.0,45000.0
12163,86,1,,2,966,1212,1067,3,16500.0,2475.0,47025.0
12164,178,1,,2,688,848,2616,1,15000.0,1500.0,13500.0
12165,659,2,2,1,931,2,564,3,12000.0,720.0,35280.0
12166,349,2,3,1,822,3,608,2,10800.0,1080.0,20520.0
12167,653,1,,1,468,3185,3175,1,12000.0,0.0,12000.0
12168,984,1,,2,492,1297,2782,3,15000.0,2250.0,42750.0
12169,1397,1,,1,628,2310,3184,3,12000.0,3600.0,32400.0
12170,1397,1,,1,628,2310,3184,2,12000.0,1200.0,22800.0
12171,400,2,3,2,458,3,2578,3,15000.0,0.0,45000.0
12172,400,2,3,2,458,3,2578,1,15000.0,300.0,14700.0
12173,1227,2,3,1,898,3,2181,1,12000.0,240.0,11760.0
12174,714,1,,2,807,2463,2296,3,15000.0,900.0,44100.0
12175,714,1,,1,807,2463,2296,1,12600.0,252.0,12348.0
12176,714,1,,1,807,2463,2296,2,12600.0,1260.0,23940.0
12177,677,1,,2,454,2436,811,3,15000.0,0.0,45000.0
12178,145,1,,1,975,2414,1705,2,13200.0,528.0,25872.0
12179,1366,2,4,2,376,4,,3,15000.0,0.0,45000.0
12180,824,2,2,1,643,2,,1,10800.0,540.0,10260.0
12181,1165,1,,2,822,28,2070,1,15000.0,750.0,14250.0
12182,1158,1,,2,656,743,1928,1,13500.0,1350.0,12150.0
12183,1410,1,,1,479,1402,,3,12000.0,1800.0,34200.0
12184,952,1,,2,953,2815,1616,1,15000.0,0.0,15000.0
12185,709,1,,1,679,28,2599,3,12000.0,720.0,35280.0
12186,709,1,,1,679,28,2599,1,12000.0,240.0,11760.0
12187,1029,1,,1,850,2525,,2,12000.0,1200.0,22800.0
12188,1392,2,1,2,519,1,893,1,13500.0,675.0,12825.0
12189,1020,2,1,2,507,1,664,1,15000.0,1500.0,13500.0
12190,649,1,,1,756,1034,2292,1,12000.0,1200.0,10800.0
12191,649,1,,1,756,1034,2292,3,12000.0,3600.0,32400.0
12192,21,1,,2,557,1559,12,2,15000.0,600.0,29400.0
12193,459,1,,2,693,2888,,1,15750.0,0.0,15750.0
12194,322,2,3,2,671,3,2150,2,13500.0,2700.0,24300.0
12195,446,2,1,2,627,1,1444,2,15000.0,1500.0,28500.0
12196,589,2,3,1,537,3,77,2,12000.0,0.0,24000.0
12197,1377,2,3,2,871,3,1462,3,15000.0,0.0,45000.0
12198,352,1,,2,766,146,117,1,13500.0,675.0,12825.0
12199,895,1,,2,941,50,1138,2,13500.0,540.0,26460.0
12200,785,2,1,2,557,1,551,3,15000.0,900.0,44100.0
12201,1338,1,,2,707,2004,1182,3,15000.0,4500.0,40500.0
12202,587,2,3,1,494,3,915,3,12000.0,0.0,36000.0
12203,69,2,4,1,622,4,,1,12000.0,1200.0,10800.0
12204,1370,2,2,2,766,2,1624,1,16500.0,0.0,16500.0
12205,1143,1,,1,507,1417,3117,3,13200.0,792.0,38808.0
12206,1143,1,,1,507,1417,3117,2,13200.0,2640.0,23760.0
12207,768,1,,2,789,2713,1203,1,15000.0,300.0,14700.0
12208,1440,1,,1,410,2631,1604,1,10800.0,216.0,10584.0
12209,319,1,,1,482,2064,,3,10800.0,648.0,31752.0
12210,1300,2,1,1,395,1,717,3,12000.0,3600.0,32400.0
12211,488,1,,1,549,1106,3052,1,12000.0,0.0,12000.0
12212,1192,2,1,1,518,1,2564,1,12000.0,240.0,11760.0
12213,1192,2,1,1,518,1,2564,1,10800.0,540.0,10260.0
12214,1394,1,,2,654,1178,18,2,15000.0,600.0,29400.0
12215,1394,1,,1,654,1178,18,3,12000.0,0.0,36000.0
12216,1394,1,,2,654,1178,18,1,15000.0,300.0,14700.0
12217,286,2,4,1,555,4,529,2,12600.0,1260.0,23940.0
12218,267,2,2,1,721,2,794,1,10800.0,1080.0,9720.0
12219,1273,1,,2,933,1917,1741,2,15000.0,600.0,29400.0
12220,573,1,,1,399,1390,1944,3,12000.0,3600.0,32400.0
12221,1328,1,,2,514,2072,1908,1,15000.0,750.0,14250.0
12222,1328,1,,2,514,2072,1908,2,15000.0,1500.0,28500.0
12223,445,1,,2,619,2245,1992,3,13500.0,0.0,40500.0
12224,185,2,3,1,939,3,728,2,12000.0,480.0,23520.0
12225,185,2,3,1,939,3,728,1,12000.0,0.0,12000.0
12226,38,2,4,2,714,4,,3,15000.0,2250.0,42750.0
12227,203,2,1,1,646,1,3041,2,12000.0,0.0,24000.0
12228,669,1,,1,590,10,3189,3,10800.0,0.0,32400.0
12229,669,1,,1,590,10,3189,1,12000.0,600.0,11400.0
12230,21,1,,1,946,1683,2243,1,12000.0,240.0,11760.0
12231,114,2,2,1,966,2,619,1,12000.0,240.0,11760.0
12232,1186,1,,2,645,825,2068,2,13500.0,2700.0,24300.0
12233,1186,1,,1,645,825,2068,2,12000.0,1200.0,22800.0
12234,680,1,,1,529,568,696,3,12000.0,1800.0,34200.0
12235,1336,1,,2,754,1415,150,3,15000.0,0.0,45000.0
12236,1253,1,,1,584,1096,2301,2,12000.0,1200.0,22800.0
12237,1253,1,,1,584,1096,2301,3,12000.0,0.0,36000.0
12238,1253,1,,1,584,1096,2301,2,12600.0,2520.0,22680.0
12239,722,2,3,2,593,3,2546,3,13500.0,2025.0,38475.0
12240,722,2,3,1,593,3,2546,3,13200.0,792.0,38808.0
12241,73,1,,1,479,2447,2429,2,12000.0,1200.0,22800.0
12242,1374,1,,1,390,2340,1504,2,12000.0,480.0,23520.0
12243,490,2,2,1,983,2,1601,2,12000.0,480.0,23520.0
12244,711,1,,2,867,784,1486,2,15000.0,600.0,29400.0
12245,847,1,,2,756,809,1296,2,15750.0,0.0,31500.0
12246,533,2,3,1,403,3,68,1,13200.0,0.0,13200.0
12247,897,2,4,2,602,4,90,3,16500.0,0.0,49500.0
12248,897,2,4,2,602,4,90,1,15000.0,750.0,14250.0
12249,1169,1,,1,671,1067,2325,3,12000.0,720.0,35280.0
12250,165,1,,2,668,689,,2,15000.0,0.0,30000.0
12251,566,1,,1,537,364,,2,12000.0,1200.0,22800.0
12252,1221,2,4,1,433,4,2264,2,12600.0,2520.0,22680.0
12253,429,2,1,2,511,1,331,3,15000.0,900.0,44100.0
12254,654,2,4,2,529,4,1622,1,15000.0,300.0,14700.0
12255,1375,2,1,1,734,1,3152,3,12600.0,0.0,37800.0
12256,805,1,,1,863,416,1344,3,12000.0,720.0,35280.0
12257,805,1,,2,863,416,1344,3,15000.0,2250.0,42750.0
12258,264,1,,2,580,2573,2018,2,15750.0,3150.0,28350.0
12259,1085,2,4,2,876,4,1503,1,15000.0,300.0,14700.0
12260,785,1,,1,905,2705,2180,3,12000.0,3600.0,32400.0
12261,800,1,,2,487,1716,2987,3,15000.0,0.0,45000.0
12262,800,1,,2,487,1716,2987,3,15000.0,4500.0,40500.0
12263,800,1,,1,487,1716,2987,1,12600.0,630.0,11970.0
12264,866,2,2,1,520,2,2477,2,12000.0,480.0,23520.0
12265,1088,2,2,1,706,2,2714,1,12000.0,1200.0,10800.0
12266,1322,2,1,2,660,1,635,2,15000.0,3000.0,27000.0
12267,1322,2,1,1,660,1,635,3,12600.0,1890.0,35910.0
12268,1083,1,,1,572,1186,,2,12000.0,0.0,24000.0
12269,1083,1,,1,572,1186,,2,12000.0,480.0,23520.0
12270,1083,1,,2,572,1186,,1,15000.0,0.0,15000.0
12271,1135,1,,1,985,1735,2358,2,10800.0,432.0,21168.0
12272,1135,1,,1,985,1735,2358,1,12000.0,600.0,11400.0
12273,985,2,1,1,607,1,,1,12000.0,0.0,12000.0
12274,985,2,1,2,607,1,,3,15000.0,2250.0,42750.0
12275,571,1,,1,723,671,991,2,12600.0,2520.0,22680.0
12276,1105,1,,1,883,227,,1,12600.0,0.0,12600.0
12277,1105,1,,2,883,227,,1,13500.0,1350.0,12150.0
12278,772,1,,1,604,823,3177,2,12000.0,1200.0,22800.0
12279,772,1,,2,604,823,3177,2,15750.0,1575.0,29925.0
12280,1097,1,,1,646,792,2762,2,12000.0,0.0,24000.0
12281,1274,1,,1,998,2385,567,2,12000.0,0.0,24000.0
12282,1274,1,,1,998,2385,567,3,13200.0,0.0,39600.0
12283,972,1,,1,565,3013,,2,13200.0,1320.0,25080.0
12284,1298,2,4,2,396,4,1156,3,13500.0,0.0,40500.0
12285,257,2,2,1,680,2,1532,1,12000.0,1200.0,10800.0
12286,257,2,2,2,680,2,1532,1,15000.0,300.0,14700.0
12287,1326,2,4,2,734,4,1010,1,15750.0,787.5,14962.5
12288,814,2,3,1,716,3,945,1,12000.0,1200.0,10800.0
12289,838,1,,2,390,831,919,3,13500.0,2025.0,38475.0
12290,938,1,,2,899,450,1366,1,15000.0,1500.0,13500.0
12291,209,1,,1,922,2133,754,2,12000.0,0.0,24000.0
12292,1318,1,,2,400,425,580,1,15000.0,1500.0,13500.0
12293,1318,1,,1,400,425,580,3,12000.0,720.0,35280.0
12294,1041,2,2,2,385,2,2920,1,15000.0,1500.0,13500.0
12295,1041,2,2,1,385,2,2920,1,13200.0,0.0,13200.0
12296,568,1,,1,743,1411,238,2,10800.0,0.0,21600.0
12297,568,1,,1,743,1411,238,1,12000.0,0.0,12000.0
12298,884,2,2,2,958,2,583,3,15000.0,2250.0,42750.0
12299,884,2,2,1,958,2,583,1,10800.0,0.0,10800.0
12300,465,2,2,2,952,2,2539,1,15000.0,1500.0,13500.0
12301,436,1,,2,918,1899,2891,2,15000.0,0.0,30000.0
12302,436,1,,1,918,1899,2891,3,12600.0,3780.0,34020.0
12303,1246,1,,1,780,2924,2078,1,12000.0,0.0,12000.0
12304,1246,1,,1,780,2924,2078,3,13200.0,1980.0,37620.0
12305,436,2,4,1,415,4,687,2,13200.0,2640.0,23760.0
12306,407,2,2,2,763,2,2269,3,15750.0,4725.0,42525.0
12307,625,1,,2,699,1563,2890,2,15000.0,600.0,29400.0
12308,987,1,,1,588,1280,115,3,12000.0,1800.0,34200.0
12309,811,2,4,2,477,4,141,2,15000.0,0.0,30000.0
12310,811,2,4,2,477,4,141,2,15000.0,1500.0,28500.0
12311,537,1,,1,852,2507,2139,1,12000.0,0.0,12000.0
12312,1346,1,,2,955,618,1455,1,15000.0,0.0,15000.0
12313,1117,2,3,2,608,3,1637,2,15000.0,3000.0,27000.0
12314,1117,2,3,2,608,3,1637,1,13500.0,270.0,13230.0
12315,140,1,,1,930,2024,2982,3,10800.0,0.0,32400.0
12316,209,1,,2,865,2416,292,1,16500.0,330.0,16170.0
12317,1466,2,3,2,753,3,351,3,13500.0,2025.0,38475.0
12318,1466,2,3,2,753,3,351,1,15750.0,1575.0,14175.0
12319,1260,2,1,2,720,1,862,1,15000.0,1500.0,13500.0
12320,1260,2,1,2,720,1,862,2,15000.0,1500.0,28500.0
12321,247,1,,1,656,1764,835,2,12000.0,0.0,24000.0
12322,1267,1,,1,728,1149,453,2,12000.0,480.0,23520.0
12323,327,2,1,2,907,1,2485,3,15000.0,2250.0,42750.0
12324,735,1,,2,519,2398,2998,3,15000.0,4500.0,40500.0
12325,735,1,,2,519,2398,2998,1,15000.0,0.0,15000.0
12326,779,1,,1,649,887,1699,3,13200.0,1980.0,37620.0
12327,1270,2,2,2,538,2,2547,2,13500.0,1350.0,25650.0
12328,1316,1,,2,626,1069,1399,2,15000.0,1500.0,28500.0
12329,1316,1,,1,626,1069,1399,3,12000.0,3600.0,32400.0
12330,323,2,2,1,437,2,675,3,12000.0,0.0,36000.0
12331,323,2,2,1,437,2,675,2,10800.0,1080.0,20520.0
12332,1414,1,,1,473,1725,519,3,12000.0,0.0,36000.0
12333,666,1,,1,863,3020,,2,10800.0,432.0,21168.0
12334,408,2,3,2,433,3,2692,2,15750.0,630.0,30870.0
12335,408,2,3,1,433,3,2692,1,12600.0,252.0,12348.0
12336,1141,1,,1,703,1794,1310,2,13200.0,1320.0,25080.0
12337,1141,1,,1,703,1794,1310,1,12000.0,240.0,11760.0
12338,1141,1,,1,703,1794,1310,1,10800.0,1080.0,9720.0
12339,1444,1,,2,656,1397,2264,3,15750.0,2362.5,44887.5
12340,1174,2,1,1,1003,1,,1,12000.0,0.0,12000.0
12341,284,1,,1,753,2598,1054,1,12000.0,240.0,11760.0
12342,601,1,,1,472,1103,1519,3,12000.0,720.0,35280.0
12343,664,1,,2,860,2953,1822,2,15750.0,1575.0,29925.0
12344,664,1,,1,860,2953,1822,2,12000.0,480.0,23520.0
12345,50,2,3,1,657,3,2738,1,10800.0,1080.0,9720.0
12346,50,2,3,1,657,3,2738,3,10800.0,3240.0,29160.0
12347,878,1,,1,378,2716,1644,3,12000.0,3600.0,32400.0
12348,1004,1,,1,866,1459,2950,2,10800.0,0.0,21600.0
12349,180,1,,1,965,703,2841,2,12000.0,1200.0,22800.0
12350,1384,1,,2,812,1681,,3,15000.0,900.0,44100.0
12351,1384,1,,1,812,1681,,1,12000.0,600.0,11400.0
12352,575,2,3,1,705,3,1370,3,12000.0,720.0,35280.0
12353,575,2,3,1,705,3,1370,1,12000.0,600.0,11400.0
12354,702,1,,2,505,2893,3149,1,15000.0,300.0,14700.0
12355,702,1,,1,505,2893,3149,1,12000.0,240.0,11760.0
12356,396,2,3,1,526,3,2049,3,10800.0,1620.0,30780.0
12357,1388,2,3,1,488,3,642,1,13200.0,660.0,12540.0
12358,1388,2,3,1,488,3,642,2,12600.0,504.0,24696.0
12359,35,1,,1,652,221,2767,2,10800.0,1080.0,20520.0
12360,840,1,,2,464,33,,1,15000.0,1500.0,13500.0
12361,1458,2,4,2,642,4,595,1,15000.0,0.0,15000.0
12362,528,1,,1,773,228,1295,2,12000.0,0.0,24000.0
12363,528,1,,1,773,228,1295,1,12000.0,600.0,11400.0
12364,320,1,,2,468,1835,2101,1,15000.0,1500.0,13500.0
12365,902,1,,1,790,3200,1123,3,12600.0,756.0,37044.0
12366,902,1,,2,790,3200,1123,2,15000.0,0.0,30000.0
12367,822,1,,2,582,1918,1183,1,15000.0,300.0,14700.0
12368,822,1,,1,582,1918,1183,2,12000.0,0.0,24000.0
12369,155,2,3,1,616,3,758,1,10800.0,0.0,10800.0
12370,1029,1,,1,474,1849,2813,3,12000.0,720.0,35280.0
12371,137,2,4,1,376,4,,1,12000.0,1200.0,10800.0
12372,137,2,4,1,376,4,,1,12000.0,0.0,12000.0
12373,1109,1,,2,446,3131,2845,1,15000.0,1500.0,13500.0
12374,1109,1,,1,446,3131,2845,1,12000.0,240.0,11760.0
12375,451,1,,2,375,2410,3102,2,15750.0,3150.0,28350.0
12376,451,1,,2,375,2410,3102,1,15000.0,750.0,14250.0
12377,610,2,3,1,458,3,2921,2,12000.0,2400.0,21600.0
12378,1469,1,,2,888,235,465,3,16500.0,4950.0,44550.0
12379,313,1,,1,477,1849,1972,1,10800.0,0.0,10800.0
12380,61,2,1,1,986,1,2681,2,12000.0,480.0,23520.0
12381,61,2,1,1,986,1,2681,2,12000.0,1200.0,22800.0
12382,717,2,3,2,947,3,2063,2,15750.0,1575.0,29925.0
12383,83,2,3,2,890,3,702,1,13500.0,1350.0,12150.0
12384,214,1,,2,616,459,1602,3,15000.0,4500.0,40500.0
12385,1298,1,,2,525,2296,653,2,15000.0,0.0,30000.0
12386,1131,1,,2,522,2977,256,3,15750.0,2362.5,44887.5
12387,1131,1,,2,522,2977,256,1,15000.0,0.0,15000.0
12388,416,1,,1,392,1533,2734,2,10800.0,2160.0,19440.0
12389,914,1,,2,773,852,1921,3,15000.0,900.0,44100.0
12390,469,1,,1,777,2393,,1,12600.0,630.0,11970.0
12391,469,1,,2,777,2393,,1,15000.0,750.0,14250.0
12392,1153,1,,2,758,2310,480,3,16500.0,990.0,48510.0
12393,1153,1,,2,758,2310,480,3,16500.0,990.0,48510.0
12394,795,1,,2,782,3204,,2,15000.0,3000.0,27000.0
12395,138,1,,2,398,403,2518,2,13500.0,1350.0,25650.0
12396,922,2,4,2,477,4,,1,15000.0,0.0,15000.0
12397,146,2,3,2,493,3,156,3,15000.0,4500.0,40500.0
12398,146,2,3,1,493,3,156,1,12000.0,0.0,12000.0
12399,37,1,,2,755,2190,2678,2,15000.0,0.0,30000.0
12400,88,1,,1,438,2662,977,1,12000.0,0.0,12000.0
12401,206,1,,1,634,2397,,2,12000.0,480.0,23520.0
12402,1099,1,,2,535,2816,8,2,15750.0,3150.0,28350.0
12403,1099,1,,1,535,2816,8,1,12600.0,1260.0,11340.0
12404,1099,1,,2,535,2816,8,1,15000.0,750.0,14250.0
12405,1351,1,,2,864,86,2876,1,15750.0,0.0,15750.0
12406,497,1,,1,891,1510,1696,3,12600.0,1890.0,35910.0
12407,836,2,3,1,487,3,,3,12000.0,1800.0,34200.0
12408,1203,2,1,1,643,1,626,3,12000.0,3600.0,32400.0
12409,251,2,4,2,579,4,1470,1,13500.0,0.0,13500.0
12410,698,1,,2,577,2623,2829,2,15000.0,3000.0,27000.0
12411,835,1,,1,376,1669,2126,2,10800.0,0.0,21600.0
12412,11,2,4,2,676,4,2540,2,15000.0,0.0,30000.0
12413,699,2,2,2,583,2,268,3,13500.0,810.0,39690.0
12414,9,1,,1,731,85,2290,3,12000.0,3600.0,32400.0
12415,561,1,,1,458,2737,2050,3,12600.0,756.0,37044.0
12416,561,1,,2,458,2737,2050,1,15000.0,0.0,15000.0
12417,1143,2,3,1,902,3,3023,1,13200.0,1320.0,11880.0
12418,681,2,3,2,794,3,1460,1,15000.0,750.0,14250.0
12419,681,2,3,1,794,3,1460,1,12000.0,240.0,11760.0
12420,668,1,,2,408,149,3085,1,15750.0,787.5,14962.5
12421,635,1,,1,952,1761,2083,3,12000.0,3600.0,32400.0
12422,284,1,,1,631,138,1919,3,12000.0,720.0,35280.0
12423,284,1,,1,631,138,1919,2,12000.0,2400.0,21600.0
12424,366,2,4,1,881,4,1075,3,10800.0,1620.0,30780.0
12425,366,2,4,1,881,4,1075,1,12000.0,1200.0,10800.0
12426,851,1,,2,938,191,525,2,13500.0,1350.0,25650.0
12427,1161,1,,1,601,1062,3103,2,10800.0,1080.0,20520.0
12428,1436,1,,2,687,2167,2326,2,15000.0,3000.0,27000.0
12429,1436,1,,2,687,2167,2326,3,13500.0,2025.0,38475.0
12430,1326,2,4,2,911,4,1867,3,15000.0,2250.0,42750.0
12431,1326,2,4,1,911,4,1867,2,12000.0,480.0,23520.0
12432,49,1,,1,557,1793,1670,3,12000.0,720.0,35280.0
12433,4,1,,1,890,2115,488,2,12000.0,480.0,23520.0
12434,4,1,,1,890,2115,488,1,12000.0,0.0,12000.0
12435,855,2,3,1,960,3,2190,2,12000.0,2400.0,21600.0
12436,89,1,,2,757,2765,342,3,15000.0,2250.0,42750.0
12437,114,1,,2,681,853,2150,1,16500.0,0.0,16500.0
12438,114,1,,1,681,853,2150,3,10800.0,0.0,32400.0
12439,125,1,,1,908,484,116,3,12000.0,0.0,36000.0
12440,96,1,,1,967,2008,2172,2,13200.0,0.0,26400.0
12441,1378,2,4,1,583,4,939,2,12600.0,2520.0,22680.0
12442,1378,2,4,1,583,4,939,3,12000.0,720.0,35280.0
12443,175,2,1,1,854,1,3016,3,12000.0,1800.0,34200.0
12444,1010,1,,1,378,1700,7,3,12000.0,3600.0,32400.0
12445,1010,1,,1,378,1700,7,1,13200.0,264.0,12936.0
12446,384,1,,1,378,1011,2549,3,12000.0,1800.0,34200.0
12447,244,2,1,1,586,1,2732,2,12000.0,1200.0,22800.0
12448,857,1,,2,458,2752,3009,2,15000.0,600.0,29400.0
12449,1255,1,,1,594,2718,2733,3,12000.0,1800.0,34200.0
12450,346,2,4,1,760,4,,1,12600.0,1260.0,11340.0
12451,828,1,,2,542,744,887,3,15000.0,900.0,44100.0
12452,1137,1,,2,539,2352,2956,3,13500.0,2025.0,38475.0
12453,1098,1,,2,576,700,,3,15000.0,900.0,44100.0
12454,1098,1,,2,576,700,,1,13500.0,0.0,13500.0
12455,1098,1,,1,576,700,,2,10800.0,2160.0,19440.0
12456,1055,2,3,2,605,3,1269,1,13500.0,1350.0,12150.0
12457,1216,2,3,1,373,3,65,1,12000.0,0.0,12000.0
12458,912,1,,2,449,2004,1392,1,15000.0,300.0,14700.0
12459,912,1,,2,449,2004,1392,1,16500.0,1650.0,14850.0
12460,784,2,1,1,526,1,697,1,12600.0,0.0,12600.0
12461,257,1,,2,753,776,953,2,15000.0,600.0,29400.0
12462,582,2,1,2,565,1,1618,2,15000.0,1500.0,28500.0
12463,305,2,4,1,739,4,1262,3,12600.0,0.0,37800.0
12464,305,2,4,1,739,4,1262,2,10800.0,432.0,21168.0
12465,894,2,3,1,589,3,332,3,12000.0,720.0,35280.0
12466,656,2,3,1,687,3,,3,12000.0,720.0,35280.0
12467,442,1,,2,482,941,3184,2,15000.0,3000.0,27000.0
12468,442,1,,1,482,941,3184,1,12000.0,1200.0,10800.0
12469,1229,1,,2,643,1200,721,2,13500.0,540.0,26460.0
12470,819,1,,1,558,2638,1758,2,12600.0,504.0,24696.0
12471,193,1,,1,862,2179,1584,3,12600.0,0.0,37800.0
12472,432,2,4,2,780,4,1443,1,15000.0,0.0,15000.0
12473,432,2,4,1,780,4,1443,1,12000.0,0.0,12000.0
12474,1095,1,,1,793,2394,161,1,12000.0,240.0,11760.0
12475,1095,1,,2,793,2394,161,3,15000.0,900.0,44100.0
12476,781,2,4,2,421,4,842,1,15750.0,0.0,15750.0
12477,562,1,,2,417,813,2405,1,15000.0,0.0,15000.0
12478,318,1,,2,453,1619,255,3,15750.0,945.0,46305.0
12479,318,1,,2,453,1619,255,2,15750.0,1575.0,29925.0
12480,725,1,,1,618,83,619,3,13200.0,3960.0,35640.0
12481,746,1,,2,415,2364,1788,3,15000.0,2250.0,42750.0
12482,1214,2,1,2,877,1,3051,2,15000.0,1500.0,28500.0
12483,302,1,,1,951,1660,104,2,10800.0,1080.0,20520.0
12484,302,1,,1,951,1660,104,3,12000.0,1800.0,34200.0
12485,913,2,1,2,707,1,,2,16500.0,1650.0,31350.0
12486,913,2,1,1,707,1,,3,12000.0,720.0,35280.0
12487,1498,1,,1,568,3132,2379,1,12600.0,1260.0,11340.0
12488,1498,1,,1,568,3132,2379,3,12000.0,1800.0,34200.0
12489,1498,1,,2,568,3132,2379,2,15750.0,3150.0,28350.0
12490,1274,2,2,2,631,2,260,1,15000.0,300.0,14700.0
12491,916,1,,1,712,1365,,1,12000.0,0.0,12000.0
12492,882,1,,2,430,1523,1164,3,16500.0,990.0,48510.0
12493,740,1,,2,413,1194,1491,3,15000.0,900.0,44100.0
12494,353,1,,2,634,1624,2490,2,15000.0,600.0,29400.0
12495,1445,1,,1,524,2820,283,2,12000.0,0.0,24000.0
12496,1445,1,,1,524,2820,283,3,12000.0,3600.0,32400.0
12497,1464,2,3,1,549,3,1136,2,12000.0,480.0,23520.0
12498,1464,2,3,1,549,3,1136,2,12000.0,480.0,23520.0
12499,760,2,3,1,595,3,2392,2,12600.0,1260.0,23940.0
12500,760,2,3,2,595,3,2392,2,15000.0,1500.0,28500.0
12501,1328,1,,2,738,1976,1768,1,15000.0,300.0,14700.0
12502,766,1,,2,901,1631,1673,2,16500.0,1650.0,31350.0
12503,452,1,,1,677,1272,730,1,12600.0,630.0,11970.0
12504,452,1,,1,677,1272,730,3,12000.0,0.0,36000.0
12505,644,1,,2,877,1661,2992,3,15000.0,0.0,45000.0
12506,644,1,,1,877,1661,2992,1,12000.0,1200.0,10800.0
12507,804,2,2,2,745,2,2310,3,15750.0,2362.5,44887.5
12508,830,1,,2,884,3089,1671,2,15000.0,1500.0,28500.0
12509,204,2,4,2,386,4,778,1,15750.0,1575.0,14175.0
12510,987,1,,1,804,2969,878,1,12600.0,0.0,12600.0
12511,427,2,3,1,706,3,1193,1,12000.0,600.0,11400.0
12512,913,1,,1,412,2380,2773,1,12000.0,1200.0,10800.0
12513,741,2,1,1,571,1,1424,1,12000.0,1200.0,10800.0
12514,778,2,1,1,435,1,2781,2,12000.0,2400.0,21600.0
12515,687,1,,2,500,2049,594,1,15750.0,1575.0,14175.0
12516,687,1,,1,500,2049,594,1,12000.0,1200.0,10800.0
12517,165,2,2,2,552,2,2953,1,13500.0,270.0,13230.0
12518,112,1,,1,986,1787,1236,2,12000.0,2400.0,21600.0
12519,356,2,1,1,393,1,1288,2,12000.0,480.0,23520.0
12520,1246,1,,1,990,2422,1371,3,12000.0,720.0,35280.0
12521,1246,1,,2,990,2422,1371,2,15000.0,3000.0,27000.0
12522,729,1,,1,956,2287,161,2,12600.0,2520.0,22680.0
12523,729,1,,2,956,2287,161,2,13500.0,540.0,26460.0
12524,862,2,3,2,719,3,249,3,16500.0,2475.0,47025.0
12525,177,2,1,1,377,1,429,2,10800.0,2160.0,19440.0
12526,177,2,1,2,377,1,429,1,15750.0,787.5,14962.5
12527,177,2,1,1,377,1,429,1,13200.0,660.0,12540.0
12528,1100,1,,1,931,2599,1344,2,12000.0,0.0,24000.0
12529,83,2,2,2,882,2,907,3,15000.0,2250.0,42750.0
12530,83,2,2,1,882,2,907,1,12000.0,240.0,11760.0
12531,566,1,,2,993,2428,2738,2,15000.0,3000.0,27000.0
12532,715,1,,2,901,213,550,2,15000.0,0.0,30000.0
12533,175,2,1,1,626,1,115,1,12600.0,252.0,12348.0
12534,965,1,,1,599,2368,2889,1,12600.0,630.0,11970.0
12535,965,1,,1,599,2368,2889,2,12000.0,0.0,24000.0
12536,840,2,4,1,482,4,1925,1,12000.0,1200.0,10800.0
12537,211,2,4,1,644,4,1692,1,12000.0,1200.0,10800.0
12538,211,2,4,1,644,4,1692,2,12600.0,2520.0,22680.0
12539,1084,1,,2,890,1295,715,1,15000.0,1500.0,13500.0
12540,860,1,,2,862,2459,2779,3,16500.0,0.0,49500.0
12541,951,1,,1,417,1943,1804,2,12000.0,1200.0,22800.0
12542,118,1,,1,1004,1575,2258,3,12000.0,720.0,35280.0
12543,1294,1,,1,558,2841,1363,1,12000.0,0.0,12000.0
12544,1052,2,2,1,941,2,1454,2,12000.0,0.0,24000.0
12545,615,2,3,1,495,3,1145,3,12000.0,3600.0,32400.0
12546,615,2,3,2,495,3,1145,3,15000.0,4500.0,40500.0
12547,1152,2,2,2,584,2,3169,2,15750.0,630.0,30870.0
12548,781,2,2,2,714,2,798,2,15000.0,1500.0,28500.0
12549,298,1,,1,435,2753,2374,1,12000.0,240.0,11760.0
12550,1011,1,,1,460,1845,42,3,12000.0,720.0,35280.0
12551,688,2,3,2,630,3,254,3,15000.0,0.0,45000.0
12552,688,2,3,1,630,3,254,1,12000.0,0.0,12000.0
12553,526,1,,1,664,1848,357,2,12000.0,2400.0,21600.0
12554,730,1,,2,496,2678,,2,15000.0,3000.0,27000.0
12555,730,1,,1,496,2678,,1,12000.0,600.0,11400.0
12556,908,1,,1,909,2894,37,1,12600.0,630.0,11970.0
12557,1302,1,,1,550,237,1419,1,12000.0,240.0,11760.0
12558,1302,1,,2,550,237,1419,1,15000.0,0.0,15000.0
12559,1302,1,,1,550,237,1419,3,12000.0,3600.0,32400.0
12560,510,2,4,1,661,4,2212,3,10800.0,3240.0,29160.0
12561,971,2,3,1,503,3,799,1,10800.0,0.0,10800.0
12562,971,2,3,2,503,3,799,3,15000.0,900.0,44100.0
12563,971,2,3,2,503,3,799,3,15000.0,4500.0,40500.0
12564,480,1,,2,485,3044,973,3,16500.0,0.0,49500.0
12565,304,2,4,1,543,4,2800,1,12600.0,1260.0,11340.0
12566,304,2,4,1,543,4,2800,3,12000.0,720.0,35280.0
12567,444,1,,2,874,419,1241,3,15000.0,2250.0,42750.0
12568,1067,1,,2,501,1437,2190,1,16500.0,0.0,16500.0
12569,708,1,,2,487,2009,685,2,15000.0,3000.0,27000.0
12570,708,1,,1,487,2009,685,1,12000.0,0.0,12000.0
12571,262,2,2,1,525,2,1679,3,12000.0,0.0,36000.0
12572,114,2,4,2,371,4,,1,15750.0,315.0,15435.0
12573,573,2,1,1,840,1,1360,3,12000.0,3600.0,32400.0
12574,573,2,1,1,840,1,1360,1,10800.0,0.0,10800.0
12575,423,2,2,1,993,2,50,2,12000.0,0.0,24000.0
12576,1246,1,,2,852,2495,7,1,13500.0,1350.0,12150.0
12577,375,2,1,2,552,1,2684,3,15000.0,900.0,44100.0
12578,375,2,1,2,552,1,2684,3,13500.0,810.0,39690.0
12579,378,1,,1,584,687,2476,2,10800.0,432.0,21168.0
12580,1025,2,1,2,983,1,668,2,15750.0,1575.0,29925.0
12581,1466,1,,2,930,561,2298,3,15000.0,4500.0,40500.0
12582,1466,1,,1,930,561,2298,3,12000.0,3600.0,32400.0
12583,1353,1,,1,658,383,1684,3,10800.0,0.0,32400.0
12584,956,2,4,1,447,4,,1,12000.0,240.0,11760.0
12585,191,2,4,1,906,4,117,2,12000.0,2400.0,21600.0
12586,191,2,4,2,906,4,117,1,13500.0,270.0,13230.0
12587,1085,2,2,1,508,2,99,3,13200.0,0.0,39600.0
12588,979,2,1,2,891,1,2176,3,16500.0,990.0,48510.0
12589,1463,1,,1,705,2724,683,2,12000.0,2400.0,21600.0
12590,423,1,,2,891,664,1162,1,15000.0,0.0,15000.0
12591,770,1,,2,447,2039,1451,2,15000.0,0.0,30000.0
12592,770,1,,2,447,2039,1451,1,15000.0,300.0,14700.0
12593,770,1,,1,447,2039,1451,1,13200.0,660.0,12540.0
12594,905,1,,1,695,2731,705,2,13200.0,1320.0,25080.0
12595,905,1,,1,695,2731,705,3,12600.0,0.0,37800.0
12596,498,1,,1,611,2856,1896,1,10800.0,540.0,10260.0
12597,105,1,,1,927,1075,2325,1,12000.0,600.0,11400.0
12598,530,1,,1,919,2084,2042,1,12600.0,1260.0,11340.0
12599,537,2,4,2,510,4,1516,1,15750.0,0.0,15750.0
12600,1199,2,2,1,717,2,1908,3,10800.0,0.0,32400.0
12601,1347,2,3,1,573,3,737,2,12000.0,1200.0,22800.0
12602,1347,2,3,2,573,3,737,1,15750.0,787.5,14962.5
12603,173,1,,1,685,2865,2334,2,12600.0,504.0,24696.0
12604,1026,2,4,1,502,4,1753,2,12000.0,480.0,23520.0
12605,1026,2,4,2,502,4,1753,3,15750.0,4725.0,42525.0
12606,850,2,4,2,458,4,3101,3,15000.0,900.0,44100.0
12607,736,1,,1,575,3117,2206,3,12000.0,3600.0,32400.0
12608,1339,2,3,2,374,3,436,2,15000.0,3000.0,27000.0
12609,1339,2,3,2,374,3,436,3,13500.0,4050.0,36450.0
12610,573,1,,1,689,1668,2437,3,12000.0,1800.0,34200.0
12611,1409,2,1,2,797,1,1833,2,15750.0,3150.0,28350.0
12612,363,1,,1,835,1230,1516,3,12000.0,720.0,35280.0
12613,33,2,4,2,608,4,383,1,15000.0,1500.0,13500.0
12614,33,2,4,2,608,4,383,2,15000.0,3000.0,27000.0
12615,33,2,4,1,608,4,383,3,12000.0,3600.0,32400.0
12616,1433,2,4,2,632,4,772,3,15000.0,4500.0,40500.0
12617,873,2,2,1,674,2,484,2,12000.0,0.0,24000.0
12618,873,2,2,2,674,2,484,2,15000.0,1500.0,28500.0
12619,270,1,,2,680,225,,3,15000.0,4500.0,40500.0
12620,270,1,,2,680,225,,1,13500.0,675.0,12825.0
12621,1328,1,,2,698,247,,3,15000.0,4500.0,40500.0
12622,1328,1,,1,698,247,,2,12600.0,2520.0,22680.0
12623,730,2,3,2,638,3,2318,3,15750.0,2362.5,44887.5
12624,116,2,3,1,965,3,746,1,12000.0,600.0,11400.0
12625,1485,1,,1,909,2653,1613,1,12000.0,600.0,11400.0
12626,1405,2,3,1,739,3,2705,2,12000.0,1200.0,22800.0
12627,652,1,,1,410,1888,2546,3,12000.0,3600.0,32400.0
12628,979,1,,2,613,2070,669,2,16500.0,660.0,32340.0
12629,979,1,,1,613,2070,669,3,12000.0,3600.0,32400.0
12630,275,1,,2,849,1366,9,3,15000.0,2250.0,42750.0
12631,1131,2,3,1,911,3,1563,1,12000.0,0.0,12000.0
12632,1108,1,,1,918,2551,1226,3,12000.0,720.0,35280.0
12633,1176,1,,2,506,1713,1981,3,15000.0,0.0,45000.0
12634,1435,1,,2,422,3197,2146,2,15750.0,3150.0,28350.0
12635,1435,1,,1,422,3197,2146,3,10800.0,0.0,32400.0
12636,1435,1,,2,422,3197,2146,2,15000.0,0.0,30000.0
12637,872,1,,2,669,2452,1422,3,15000.0,4500.0,40500.0
12638,1098,1,,2,801,928,920,2,15000.0,1500.0,28500.0
12639,287,1,,2,367,1586,,2,13500.0,0.0,27000.0
12640,287,1,,2,367,1586,,3,13500.0,810.0,39690.0
12641,1496,2,1,1,975,1,2921,3,12000.0,1800.0,34200.0
12642,712,2,3,2,774,3,1829,2,13500.0,540.0,26460.0
12643,607,2,2,1,602,2,2086,3,12000.0,720.0,35280.0
12644,607,2,2,1,602,2,2086,3,12000.0,0.0,36000.0
12645,25,1,,2,615,293,1640,1,13500.0,1350.0,12150.0
12646,25,1,,2,615,293,1640,3,15000.0,2250.0,42750.0
12647,25,1,,2,615,293,1640,1,13500.0,0.0,13500.0
12648,571,2,2,1,457,2,2402,3,12000.0,0.0,36000.0
12649,1444,2,4,2,962,4,1466,2,15750.0,0.0,31500.0
12650,461,1,,1,749,1082,1777,1,12000.0,1200.0,10800.0
12651,1346,1,,2,817,2343,1765,2,15000.0,3000.0,27000.0
12652,226,2,3,2,935,3,1239,1,15000.0,750.0,14250.0
12653,226,2,3,1,935,3,1239,2,12000.0,2400.0,21600.0
12654,931,1,,2,995,226,2960,1,15000.0,750.0,14250.0
12655,523,1,,1,895,933,2047,3,12000.0,720.0,35280.0
12656,523,1,,2,895,933,2047,2,15000.0,3000.0,27000.0
12657,330,1,,1,384,1855,2565,1,12000.0,0.0,12000.0
12658,330,1,,2,384,1855,2565,1,15000.0,300.0,14700.0
12659,261,1,,1,737,2653,439,3,12600.0,3780.0,34020.0
12660,325,2,4,2,407,4,2545,3,15000.0,4500.0,40500.0
12661,751,2,1,1,429,1,,3,10800.0,648.0,31752.0
12662,751,2,1,1,429,1,,1,12000.0,1200.0,10800.0
12663,1156,2,1,2,889,1,1110,2,15750.0,0.0,31500.0
12664,1156,2,1,1,889,1,1110,3,13200.0,1980.0,37620.0
12665,393,2,3,2,799,3,430,1,15000.0,0.0,15000.0
12666,393,2,3,1,799,3,430,3,13200.0,792.0,38808.0
12667,3,1,,2,889,446,881,2,16500.0,1650.0,31350.0
12668,801,2,4,1,785,4,2182,1,12000.0,1200.0,10800.0
12669,85,1,,2,544,942,2686,2,15000.0,0.0,30000.0
12670,808,1,,1,788,1248,,1,12600.0,630.0,11970.0
12671,251,2,3,1,639,3,1185,1,12000.0,240.0,11760.0
12672,251,2,3,2,639,3,1185,1,15750.0,315.0,15435.0
12673,233,2,2,1,852,2,2252,1,12000.0,0.0,12000.0
12674,233,2,2,1,852,2,2252,3,10800.0,3240.0,29160.0
12675,937,1,,1,932,362,1744,2,13200.0,0.0,26400.0
12676,937,1,,1,932,362,1744,2,12000.0,2400.0,21600.0
12677,1094,1,,1,865,772,2204,1,12000.0,600.0,11400.0
12678,47,1,,1,1000,490,1741,2,12000.0,480.0,23520.0
12679,47,1,,1,1000,490,1741,3,12000.0,720.0,35280.0
12680,667,1,,2,776,256,2283,1,15000.0,750.0,14250.0
12681,827,1,,2,819,321,3085,2,13500.0,2700.0,24300.0
12682,827,1,,2,819,321,3085,2,13500.0,1350.0,25650.0
12683,827,1,,1,819,321,3085,3,13200.0,1980.0,37620.0
12684,143,1,,1,449,185,940,3,12600.0,1890.0,35910.0
12685,797,1,,2,748,2583,2705,1,15000.0,750.0,14250.0
12686,85,2,2,1,760,2,1443,1,12000.0,240.0,11760.0
12687,183,1,,1,451,1834,3146,1,13200.0,264.0,12936.0
12688,980,2,3,1,581,3,2204,3,12000.0,1800.0,34200.0
12689,980,2,3,1,581,3,2204,1,12000.0,0.0,12000.0
12690,576,2,3,1,904,3,1530,3,13200.0,3960.0,35640.0
12691,1319,1,,1,830,2573,2535,3,12000.0,3600.0,32400.0
12692,474,2,1,1,989,1,27,3,12600.0,1890.0,35910.0
12693,474,2,1,2,989,1,27,1,15000.0,300.0,14700.0
12694,809,1,,1,778,1693,1380,2,12000.0,0.0,24000.0
12695,528,1,,2,760,2657,184,3,15000.0,4500.0,40500.0
12696,1268,1,,2,901,1333,1144,3,15000.0,2250.0,42750.0
12697,1268,1,,1,901,1333,1144,3,12000.0,0.0,36000.0
12698,1028,1,,1,697,1261,845,3,12000.0,0.0,36000.0
12699,1028,1,,1,697,1261,845,3,12600.0,0.0,37800.0
12700,1223,2,3,2,485,3,985,2,15750.0,0.0,31500.0
12701,138,1,,2,965,282,2002,1,15000.0,750.0,14250.0
12702,634,2,1,2,759,1,2595,1,15750.0,1575.0,14175.0
12703,1461,2,4,2,642,4,3111,3,15750.0,4725.0,42525.0
12704,621,2,4,1,718,4,,2,12000.0,480.0,23520.0
12705,621,2,4,2,718,4,,1,15750.0,0.0,15750.0
12706,375,1,,2,861,2884,,3,15000.0,2250.0,42750.0
12707,147,1,,2,821,3098,671,1,15000.0,750.0,14250.0
12708,147,1,,2,821,3098,671,3,15000.0,2250.0,42750.0
12709,305,1,,1,974,705,2446,2,12000.0,2400.0,21600.0
12710,562,1,,2,389,2360,1148,1,15000.0,0.0,15000.0
12711,562,1,,2,389,2360,1148,2,15000.0,600.0,29400.0
12712,1484,2,2,1,635,2,1925,1,12000.0,1200.0,10800.0
12713,1022,1,,1,745,1490,3117,1,12000.0,240.0,11760.0
12714,1082,2,4,2,394,4,312,1,16500.0,825.0,15675.0
12715,1475,1,,2,405,1059,2576,2,16500.0,0.0,33000.0
12716,1475,1,,1,405,1059,2576,2,12000.0,480.0,23520.0
12717,670,1,,2,673,1928,2413,1,15000.0,0.0,15000.0
12718,670,1,,2,673,1928,2413,3,15000.0,0.0,45000.0
12719,836,2,1,1,866,1,3168,1,12600.0,252.0,12348.0
12720,836,2,1,1,866,1,3168,1,10800.0,540.0,10260.0
12721,1344,1,,1,401,2780,2875,1,12000.0,600.0,11400.0
12722,524,2,2,1,704,2,735,2,12000.0,480.0,23520.0
12723,1207,2,4,1,808,4,1402,2,12000.0,1200.0,22800.0
12724,985,2,4,1,612,4,148,3,12000.0,720.0,35280.0
12725,90,2,1,1,764,1,919,1,12000.0,0.0,12000.0
12726,1200,1,,2,410,1605,306,3,15000.0,0.0,45000.0
12727,1376,1,,1,714,777,2266,1,12000.0,0.0,12000.0
12728,752,1,,2,931,1049,2871,2,15000.0,3000.0,27000.0
12729,1084,2,3,2,750,3,1263,3,13500.0,810.0,39690.0
12730,439,1,,1,732,1212,2478,2,10800.0,0.0,21600.0
12731,1228,1,,2,899,1540,1049,2,15750.0,0.0,31500.0
12732,1289,1,,2,600,2407,835,1,13500.0,270.0,13230.0
12733,523,2,4,2,476,4,1393,2,15750.0,0.0,31500.0
12734,1377,2,1,1,795,1,666,1,12000.0,1200.0,10800.0
12735,1377,2,1,1,795,1,666,2,12000.0,1200.0,22800.0
12736,184,2,3,2,869,3,2799,2,15000.0,0.0,30000.0
12737,1168,2,1,2,866,1,1383,1,15000.0,300.0,14700.0
12738,1332,2,1,1,535,1,1430,1,12000.0,0.0,12000.0
12739,1332,2,1,2,535,1,1430,1,15000.0,750.0,14250.0
12740,254,2,1,1,513,1,874,1,12000.0,600.0,11400.0
12741,254,2,1,1,513,1,874,1,12600.0,1260.0,11340.0
12742,826,1,,1,629,1420,2507,3,12000.0,1800.0,34200.0
12743,166,2,2,2,884,2,342,2,15000.0,1500.0,28500.0
12744,166,2,2,2,884,2,342,2,15000.0,3000.0,27000.0
12745,166,2,2,1,884,2,342,3,12600.0,0.0,37800.0
12746,397,1,,2,521,2592,1250,3,13500.0,0.0,40500.0
12747,397,1,,2,521,2592,1250,3,15000.0,2250.0,42750.0
12748,152,1,,2,574,2509,2583,3,15000.0,900.0,44100.0
12749,152,1,,1,574,2509,2583,3,10800.0,1620.0,30780.0
12750,1374,2,3,2,456,3,619,2,15000.0,0.0,30000.0
12751,521,2,3,1,983,3,727,2,10800.0,1080.0,20520.0
12752,1117,1,,2,839,2371,1877,1,15750.0,0.0,15750.0
12753,1117,1,,2,839,2371,1877,2,15000.0,3000.0,27000.0
12754,849,2,4,1,787,4,984,2,12000.0,2400.0,21600.0
12755,1182,1,,1,977,2587,821,1,12600.0,0.0,12600.0
12756,121,2,4,1,750,4,2747,1,12600.0,0.0,12600.0
12757,71,1,,1,849,575,964,3,12000.0,0.0,36000.0
12758,841,2,2,1,624,2,2063,3,12000.0,0.0,36000.0
12759,1224,1,,2,446,1044,,3,15000.0,900.0,44100.0
12760,719,1,,1,811,514,618,1,13200.0,1320.0,11880.0
12761,663,2,2,2,973,2,1267,2,15750.0,1575.0,29925.0
12762,351,2,4,2,374,4,1911,2,15000.0,3000.0,27000.0
12763,351,2,4,1,374,4,1911,2,12600.0,1260.0,23940.0
12764,351,2,4,1,374,4,1911,2,12000.0,2400.0,21600.0
12765,856,1,,1,941,2872,1282,1,12000.0,600.0,11400.0
12766,158,1,,2,794,3074,1848,2,15000.0,1500.0,28500.0
12767,321,1,,2,970,828,843,1,13500.0,0.0,13500.0
12768,1033,1,,1,675,1395,797,3,12600.0,756.0,37044.0
12769,570,2,3,2,590,3,1061,3,15000.0,0.0,45000.0
12770,1496,2,2,1,380,2,70,1,12000.0,0.0,12000.0
12771,1464,2,1,2,908,1,1262,3,15000.0,4500.0,40500.0
12772,300,2,2,1,389,2,1113,2,12000.0,1200.0,22800.0
12773,238,2,4,2,876,4,,2,15000.0,600.0,29400.0
12774,659,1,,1,805,945,,1,12600.0,252.0,12348.0
12775,1170,2,4,1,609,4,2742,1,13200.0,1320.0,11880.0
12776,874,2,4,2,380,4,540,3,15750.0,0.0,47250.0
12777,1202,2,3,1,689,3,2298,3,12000.0,0.0,36000.0
12778,12,2,2,2,458,2,2654,1,15000.0,0.0,15000.0
12779,220,2,4,1,831,4,2488,3,12600.0,3780.0,34020.0
12780,535,1,,1,478,2637,2480,1,13200.0,660.0,12540.0
12781,1224,2,1,1,614,1,1329,3,12000.0,1800.0,34200.0
12782,391,1,,2,963,547,,2,15000.0,1500.0,28500.0
12783,22,1,,1,626,166,2765,2,12000.0,0.0,24000.0
12784,679,1,,1,677,1873,3140,2,12000.0,0.0,24000.0
12785,679,1,,1,677,1873,3140,2,12600.0,0.0,25200.0
12786,906,1,,1,673,2113,345,3,12600.0,756.0,37044.0
12787,705,1,,1,442,2560,2173,1,12600.0,252.0,12348.0
12788,281,2,3,2,605,3,3179,2,15000.0,1500.0,28500.0
12789,672,1,,2,813,653,496,3,15000.0,4500.0,40500.0
12790,1239,1,,1,972,1821,1830,2,12000.0,1200.0,22800.0
12791,1058,2,1,1,934,1,2340,1,12600.0,1260.0,11340.0
12792,371,1,,2,524,2542,,3,15000.0,900.0,44100.0
12793,1297,1,,1,481,2625,2253,2,12000.0,480.0,23520.0
12794,528,2,3,1,694,3,2807,1,10800.0,0.0,10800.0
12795,528,2,3,2,694,3,2807,2,15000.0,600.0,29400.0
12796,1432,1,,2,719,3111,2881,3,15000.0,900.0,44100.0
12797,1293,2,2,1,910,2,,3,12000.0,3600.0,32400.0
12798,985,1,,1,674,2389,33,1,12000.0,0.0,12000.0
12799,985,1,,2,674,2389,33,2,16500.0,3300.0,29700.0
12800,478,1,,1,396,775,,2,12000.0,2400.0,21600.0
12801,752,1,,1,371,658,150,3,12000.0,1800.0,34200.0
12802,892,1,,1,949,2662,353,2,12000.0,0.0,24000.0
12803,892,1,,1,949,2662,353,2,12000.0,0.0,24000.0
12804,1308,1,,2,644,1381,1531,2,15000.0,0.0,30000.0
12805,59,2,3,1,844,3,288,1,12000.0,0.0,12000.0
12806,59,2,3,1,844,3,288,3,12000.0,3600.0,32400.0
12807,643,1,,1,428,2777,3200,1,12600.0,252.0,12348.0
12808,643,1,,2,428,2777,3200,1,16500.0,0.0,16500.0
12809,994,1,,2,922,404,2664,2,15000.0,0.0,30000.0
12810,165,2,1,2,454,1,1232,1,13500.0,0.0,13500.0
12811,1275,1,,2,949,389,161,2,13500.0,1350.0,25650.0
12812,987,1,,2,989,397,2395,2,13500.0,0.0,27000.0
12813,117,1,,2,581,1730,2082,2,15000.0,0.0,30000.0
12814,1315,2,3,2,509,3,750,3,13500.0,4050.0,36450.0
12815,517,1,,2,825,279,1884,3,15000.0,4500.0,40500.0
12816,517,1,,1,825,279,1884,2,12000.0,2400.0,21600.0
12817,517,1,,1,825,279,1884,3,12600.0,0.0,37800.0
12818,1256,2,3,2,512,3,1289,1,16500.0,330.0,16170.0
12819,486,2,1,2,804,1,622,2,13500.0,1350.0,25650.0
12820,1132,1,,1,738,625,,3,12600.0,756.0,37044.0
12821,139,2,1,1,856,1,695,3,12000.0,1800.0,34200.0
12822,1330,1,,2,964,1537,569,3,15000.0,2250.0,42750.0
12823,1495,1,,2,980,2590,554,3,16500.0,990.0,48510.0
12824,1495,1,,2,980,2590,554,1,15000.0,0.0,15000.0
12825,825,1,,1,945,2113,2313,3,13200.0,1980.0,37620.0
12826,538,2,1,2,631,1,3054,2,13500.0,0.0,27000.0
12827,264,2,1,1,462,1,,1,10800.0,540.0,10260.0
12828,216,1,,2,953,3068,1053,3,15000.0,900.0,44100.0
12829,314,1,,2,450,1369,1082,2,15000.0,3000.0,27000.0
12830,552,2,3,1,603,3,57,3,13200.0,1980.0,37620.0
12831,1111,1,,2,634,177,435,2,15000.0,1500.0,28500.0
12832,11,1,,2,721,2114,2441,2,15000.0,600.0,29400.0
12833,857,2,1,2,748,1,2432,3,15750.0,2362.5,44887.5
12834,359,1,,1,920,1822,1089,3,12000.0,720.0,35280.0
12835,359,1,,1,920,1822,1089,2,12000.0,1200.0,22800.0
12836,1207,2,3,2,467,3,2009,1,15000.0,0.0,15000.0
12837,1341,1,,2,525,1936,1775,2,15750.0,630.0,30870.0
12838,1341,1,,1,525,1936,1775,2,12000.0,0.0,24000.0
12839,1341,1,,1,525,1936,1775,3,12600.0,3780.0,34020.0
12840,1297,1,,2,568,676,2472,2,15000.0,600.0,29400.0
12841,1343,1,,1,917,695,1436,2,13200.0,2640.0,23760.0
12842,1343,1,,1,917,695,1436,3,12000.0,0.0,36000.0
12843,1391,1,,2,819,2475,1737,1,15000.0,300.0,14700.0
12844,1491,2,4,2,621,4,,2,15000.0,3000.0,27000.0
12845,1173,1,,1,382,2897,,3,12000.0,720.0,35280.0
12846,299,1,,1,386,2714,2211,2,10800.0,2160.0,19440.0
12847,561,1,,2,733,2098,2033,1,16500.0,1650.0,14850.0
12848,561,1,,2,733,2098,2033,2,13500.0,540.0,26460.0
12849,561,1,,2,733,2098,2033,3,13500.0,4050.0,36450.0
12850,786,1,,1,561,2501,326,1,12000.0,1200.0,10800.0
12851,1,1,,2,917,2668,2247,1,13500.0,1350.0,12150.0
12852,712,1,,2,924,2739,,1,15750.0,787.5,14962.5
12853,1172,1,,2,799,557,2868,2,15000.0,600.0,29400.0
12854,687,2,1,2,854,1,2934,2,15750.0,3150.0,28350.0
12855,162,1,,2,370,2087,250,3,15000.0,4500.0,40500.0
12856,493,1,,1,931,447,2736,3,12000.0,3600.0,32400.0
12857,1118,2,3,1,708,3,2241,2,12000.0,1200.0,22800.0
12858,1118,2,3,2,708,3,2241,2,16500.0,1650.0,31350.0
12859,795,1,,1,570,2780,2236,3,12000.0,0.0,36000.0
12860,1074,1,,2,719,2021,688,3,15000.0,0.0,45000.0
12861,476,1,,2,676,2053,,2,16500.0,0.0,33000.0
12862,1450,2,3,1,634,3,2865,1,13200.0,264.0,12936.0
12863,104,1,,1,757,1108,574,3,12600.0,3780.0,34020.0
12864,104,1,,1,757,1108,574,2,12600.0,2520.0,22680.0
12865,284,1,,1,585,3175,1398,3,12000.0,1800.0,34200.0
12866,1322,1,,1,1002,2516,991,3,12000.0,0.0,36000.0
12867,445,2,4,1,521,4,762,3,12000.0,720.0,35280.0
12868,1380,1,,1,521,1014,1492,3,13200.0,792.0,38808.0
12869,750,1,,1,689,1866,1766,3,12600.0,0.0,37800.0
12870,241,1,,2,998,147,2854,1,16500.0,330.0,16170.0
12871,241,1,,1,998,147,2854,1,12000.0,600.0,11400.0
12872,513,2,1,1,996,1,2406,2,12600.0,1260.0,23940.0
12873,1425,1,,2,460,1143,3050,2,15000.0,3000.0,27000.0
12874,1425,1,,2,460,1143,3050,3,15000.0,0.0,45000.0
12875,1107,1,,1,909,626,1676,3,12000.0,0.0,36000.0
12876,1107,1,,2,909,626,1676,1,13500.0,1350.0,12150.0
12877,423,1,,1,578,9,1359,2,13200.0,528.0,25872.0
12878,423,1,,1,578,9,1359,1,12600.0,252.0,12348.0
12879,1465,2,1,2,613,1,,1,15000.0,300.0,14700.0
12880,1465,2,1,2,613,1,,3,15000.0,4500.0,40500.0
12881,674,2,1,1,917,1,1282,3,13200.0,0.0,39600.0
12882,128,2,3,1,901,3,2172,2,12000.0,480.0,23520.0
12883,78,1,,2,467,2464,2779,2,13500.0,0.0,27000.0
12884,216,1,,2,551,2967,,3,15000.0,4500.0,40500.0
12885,666,1,,2,943,2504,2458,2,15000.0,1500.0,28500.0
12886,666,1,,2,943,2504,2458,1,15750.0,315.0,15435.0
12887,842,1,,1,555,1143,744,1,10800.0,0.0,10800.0
12888,1154,2,1,1,831,1,2710,2,10800.0,2160.0,19440.0
12889,548,2,2,1,381,2,1520,3,12000.0,720.0,35280.0
12890,548,2,2,2,381,2,1520,1,15750.0,0.0,15750.0
12891,1287,1,,2,492,1309,,2,16500.0,3300.0,29700.0
12892,1322,1,,1,450,1564,1638,3,12600.0,756.0,37044.0
12893,487,2,4,1,596,4,441,3,12000.0,3600.0,32400.0
12894,1003,1,,1,472,273,2570,3,12000.0,1800.0,34200.0
12895,445,1,,1,941,413,2914,2,12000.0,0.0,24000.0
12896,402,1,,1,490,3106,560,3,12000.0,720.0,35280.0
12897,402,1,,1,490,3106,560,3,12000.0,0.0,36000.0
12898,925,2,2,1,523,2,1027,2,12000.0,0.0,24000.0
12899,1308,2,4,1,922,4,2424,3,10800.0,3240.0,29160.0
12900,1308,2,4,2,922,4,2424,1,15000.0,1500.0,13500.0
12901,995,2,2,2,914,2,742,1,15000.0,750.0,14250.0
12902,539,2,4,1,929,4,577,3,12000.0,1800.0,34200.0
12903,1340,1,,1,962,173,2088,3,12000.0,1800.0,34200.0
12904,1072,1,,1,765,2568,2222,1,12600.0,1260.0,11340.0
12905,1072,1,,1,765,2568,2222,2,13200.0,528.0,25872.0
12906,942,2,3,2,465,3,,3,15000.0,2250.0,42750.0
12907,1270,1,,2,423,1689,500,1,13500.0,1350.0,12150.0
12908,1270,1,,1,423,1689,500,2,12000.0,2400.0,21600.0
12909,929,1,,1,733,2311,849,3,13200.0,3960.0,35640.0
12910,1487,2,1,1,796,1,1072,3,13200.0,1980.0,37620.0
12911,437,2,1,2,445,1,816,3,13500.0,810.0,39690.0
12912,554,1,,1,716,2825,1785,2,10800.0,2160.0,19440.0
12913,948,1,,2,367,762,622,1,15000.0,0.0,15000.0
12914,397,1,,2,564,817,2689,2,15000.0,600.0,29400.0
12915,397,1,,1,564,817,2689,1,13200.0,264.0,12936.0
12916,988,2,4,1,470,4,1373,2,10800.0,2160.0,19440.0
12917,1216,1,,2,905,1285,2989,2,15000.0,1500.0,28500.0
12918,503,2,3,2,997,3,181,1,15750.0,315.0,15435.0
12919,687,1,,2,476,988,,3,15000.0,4500.0,40500.0
12920,687,1,,1,476,988,,2,10800.0,2160.0,19440.0
12921,1278,1,,2,513,1525,485,3,15000.0,4500.0,40500.0
12922,1278,1,,1,513,1525,485,2,13200.0,528.0,25872.0
12923,114,2,2,1,592,2,,1,10800.0,0.0,10800.0
12924,1315,2,3,2,606,3,937,3,15000.0,2250.0,42750.0
12925,436,1,,1,559,2842,1089,2,10800.0,1080.0,20520.0
12926,436,1,,1,559,2842,1089,2,12000.0,480.0,23520.0
12927,54,1,,1,368,2412,1842,2,13200.0,0.0,26400.0
12928,54,1,,1,368,2412,1842,2,12600.0,504.0,24696.0
12929,887,1,,2,892,2563,2613,3,15750.0,0.0,47250.0
12930,852,2,1,2,964,1,1859,2,15000.0,600.0,29400.0
12931,176,1,,2,518,2740,927,3,15000.0,4500.0,40500.0
12932,996,2,1,1,725,1,32,3,12000.0,3600.0,32400.0
12933,996,2,1,1,725,1,32,3,12000.0,720.0,35280.0
12934,996,2,1,1,725,1,32,2,12000.0,1200.0,22800.0
12935,942,1,,2,625,2300,2625,3,13500.0,2025.0,38475.0
12936,909,2,1,2,555,1,3012,3,15750.0,2362.5,44887.5
12937,909,2,1,1,555,1,3012,2,12000.0,2400.0,21600.0
12938,610,1,,2,858,1698,1263,1,13500.0,270.0,13230.0
12939,79,2,2,2,894,2,1233,3,15000.0,2250.0,42750.0
12940,79,2,2,1,894,2,1233,2,12000.0,1200.0,22800.0
12941,1003,1,,2,645,3001,866,3,16500.0,2475.0,47025.0
12942,1140,2,1,2,805,1,2102,2,15000.0,600.0,29400.0
12943,887,1,,2,367,151,,2,16500.0,1650.0,31350.0
12944,396,2,1,1,831,1,455,2,12600.0,2520.0,22680.0
12945,1193,1,,1,650,1882,646,2,13200.0,2640.0,23760.0
12946,1193,1,,1,650,1882,646,2,12000.0,2400.0,21600.0
12947,1193,1,,1,650,1882,646,3,12000.0,0.0,36000.0
12948,1010,1,,2,982,269,,2,15000.0,3000.0,27000.0
12949,1010,1,,1,982,269,,1,12600.0,0.0,12600.0
12950,327,1,,1,434,1433,646,2,12000.0,0.0,24000.0
12951,368,2,2,1,559,2,991,1,13200.0,264.0,12936.0
12952,961,2,2,1,568,2,2706,3,12000.0,720.0,35280.0
12953,52,1,,2,758,1945,1119,3,13500.0,2025.0,38475.0
12954,52,1,,2,758,1945,1119,3,15000.0,0.0,45000.0
12955,1300,2,2,2,715,2,3164,3,16500.0,2475.0,47025.0
12956,1079,1,,1,659,1339,675,2,10800.0,0.0,21600.0
12957,1168,2,1,2,447,1,2127,3,15750.0,945.0,46305.0
12958,1254,1,,2,908,978,2146,3,15000.0,0.0,45000.0
12959,277,1,,1,450,793,2126,2,12000.0,0.0,24000.0
12960,1252,2,2,2,958,2,2840,2,15000.0,600.0,29400.0
12961,999,1,,1,448,931,1101,1,12000.0,0.0,12000.0
12962,907,1,,2,939,1117,772,3,13500.0,0.0,40500.0
12963,812,1,,2,725,2559,2155,2,15000.0,0.0,30000.0
12964,240,1,,1,722,1557,3183,2,12000.0,480.0,23520.0
12965,240,1,,1,722,1557,3183,1,12000.0,240.0,11760.0
12966,1146,1,,2,419,459,1588,3,15750.0,2362.5,44887.5
12967,1009,1,,1,845,2954,2810,1,13200.0,660.0,12540.0
12968,1059,2,3,1,757,3,3134,1,10800.0,1080.0,9720.0
12969,1059,2,3,2,757,3,3134,3,15000.0,2250.0,42750.0
12970,1059,2,3,2,757,3,3134,3,15000.0,900.0,44100.0
12971,1176,2,1,2,465,1,,2,15750.0,630.0,30870.0
12972,1176,2,1,1,465,1,,2,12000.0,0.0,24000.0
12973,637,1,,1,555,1547,2450,3,12000.0,0.0,36000.0
12974,1455,1,,2,508,153,398,3,15000.0,2250.0,42750.0
12975,696,1,,2,481,3049,2659,1,15000.0,300.0,14700.0
12976,224,1,,2,795,3197,,1,16500.0,330.0,16170.0
12977,1494,1,,1,804,172,591,2,12000.0,0.0,24000.0
12978,1494,1,,1,804,172,591,1,12600.0,0.0,12600.0
12979,1022,1,,1,980,3059,2270,1,10800.0,216.0,10584.0
12980,1022,1,,1,980,3059,2270,1,12000.0,1200.0,10800.0
12981,1463,1,,1,935,1970,1192,1,12000.0,600.0,11400.0
12982,1463,1,,2,935,1970,1192,2,15000.0,0.0,30000.0
12983,714,1,,2,681,439,26,3,15000.0,2250.0,42750.0
12984,714,1,,2,717,1200,501,1,15000.0,0.0,15000.0
12985,1458,2,2,1,995,2,2831,2,10800.0,432.0,21168.0
12986,239,2,2,2,793,2,275,3,15000.0,2250.0,42750.0
12987,239,2,2,1,793,2,275,1,12000.0,240.0,11760.0
12988,525,1,,1,1000,1054,,3,12000.0,1800.0,34200.0
12989,525,1,,1,1000,1054,,1,12000.0,1200.0,10800.0
12990,647,1,,2,507,1245,1012,2,16500.0,1650.0,31350.0
12991,195,1,,2,781,118,940,2,13500.0,540.0,26460.0
12992,195,1,,2,781,118,940,1,15750.0,1575.0,14175.0
12993,558,2,4,2,552,4,1752,2,15000.0,0.0,30000.0
12994,1248,2,2,1,898,2,294,1,12600.0,0.0,12600.0
12995,1248,2,2,1,898,2,294,2,10800.0,1080.0,20520.0
12996,409,1,,1,706,2135,1889,3,12000.0,720.0,35280.0
12997,973,1,,1,871,328,117,2,12600.0,1260.0,23940.0
12998,642,1,,1,501,1951,2267,2,13200.0,1320.0,25080.0
12999,533,1,,1,679,617,2804,2,12000.0,1200.0,22800.0
13000,591,1,,1,958,2601,1095,2,12000.0,0.0,24000.0
13001,919,1,,2,529,2531,615,2,16500.0,3300.0,29700.0
13002,919,1,,1,529,2531,615,3,12000.0,720.0,35280.0
13003,578,1,,1,547,1646,2652,2,10800.0,0.0,21600.0
13004,1238,2,3,2,699,3,1703,2,15000.0,0.0,30000.0
13005,614,1,,2,726,532,1403,3,15000.0,900.0,44100.0
13006,614,1,,1,726,532,1403,3,13200.0,3960.0,35640.0
13007,142,2,1,1,628,1,250,2,12600.0,504.0,24696.0
13008,142,2,1,1,628,1,250,3,12000.0,720.0,35280.0
13009,1046,2,4,2,854,4,2986,1,15000.0,300.0,14700.0
13010,127,1,,1,574,1684,1543,1,12000.0,0.0,12000.0
13011,127,1,,2,574,1684,1543,2,15000.0,600.0,29400.0
13012,1372,1,,1,607,2104,2165,1,12000.0,600.0,11400.0
13013,238,1,,1,934,2429,113,1,10800.0,0.0,10800.0
13014,1389,2,4,2,900,4,2710,1,15000.0,750.0,14250.0
13015,118,1,,1,458,3003,1508,3,12600.0,756.0,37044.0
13016,1047,2,3,2,754,3,380,2,16500.0,1650.0,31350.0
13017,1047,2,3,2,754,3,380,2,13500.0,1350.0,25650.0
13018,565,1,,2,569,3012,3054,1,15000.0,300.0,14700.0
13019,499,1,,2,843,1578,218,2,15000.0,3000.0,27000.0
13020,252,1,,1,559,1099,445,3,12000.0,3600.0,32400.0
13021,252,1,,2,559,1099,445,2,15750.0,0.0,31500.0
13022,1272,1,,1,941,265,3009,3,12000.0,1800.0,34200.0
13023,1402,2,3,1,647,3,1370,3,12000.0,720.0,35280.0
13024,410,2,4,1,717,4,1330,3,13200.0,1980.0,37620.0
13025,165,1,,1,493,1963,2565,3,12000.0,0.0,36000.0
13026,165,1,,1,493,1963,2565,3,12000.0,0.0,36000.0
13027,1065,2,4,1,489,4,2734,3,10800.0,648.0,31752.0
13028,1296,2,2,2,541,2,3204,2,15000.0,1500.0,28500.0
13029,855,1,,2,748,82,459,2,15000.0,0.0,30000.0
13030,855,1,,2,748,82,459,2,15000.0,0.0,30000.0
13031,855,1,,1,748,82,459,3,12600.0,3780.0,34020.0
13032,1238,1,,2,570,2283,2060,1,15000.0,300.0,14700.0
13033,912,1,,2,929,2112,1797,3,15000.0,2250.0,42750.0
13034,912,1,,1,929,2112,1797,3,12000.0,1800.0,34200.0
13035,1104,2,4,1,717,4,2942,2,12000.0,2400.0,21600.0
13036,659,1,,2,786,1320,1179,3,15000.0,0.0,45000.0
13037,220,2,3,1,486,3,,2,12000.0,480.0,23520.0
13038,1198,1,,2,973,2372,1448,2,15000.0,1500.0,28500.0
13039,1198,1,,2,973,2372,1448,3,15000.0,4500.0,40500.0
13040,409,2,4,2,385,4,772,3,13500.0,4050.0,36450.0
13041,839,1,,1,541,818,329,1,10800.0,216.0,10584.0
13042,80,1,,2,659,1628,1088,1,15000.0,750.0,14250.0
13043,1330,1,,1,464,1029,2368,2,12000.0,0.0,24000.0
13044,1104,1,,1,430,800,1525,1,12600.0,1260.0,11340.0
13045,749,1,,1,738,2171,1981,2,12600.0,504.0,24696.0
13046,719,1,,1,903,2851,1156,2,10800.0,2160.0,19440.0
13047,809,1,,2,868,1955,2342,1,16500.0,330.0,16170.0
13048,809,1,,1,868,1955,2342,1,12600.0,0.0,12600.0
13049,1284,1,,2,934,2419,855,1,15000.0,750.0,14250.0
13050,1354,1,,1,623,355,3021,3,12000.0,1800.0,34200.0
13051,653,1,,1,640,1779,,2,10800.0,2160.0,19440.0
13052,351,1,,1,953,2666,930,2,12000.0,0.0,24000.0
13053,351,1,,2,953,2666,930,2,15000.0,600.0,29400.0
13054,199,1,,2,906,1542,221,3,13500.0,4050.0,36450.0
13055,199,1,,2,906,1542,221,2,15750.0,3150.0,28350.0
13056,619,1,,2,496,1919,466,2,15750.0,0.0,31500.0
13057,1413,2,1,1,624,1,580,2,12600.0,2520.0,22680.0
13058,467,2,4,1,496,4,91,1,12000.0,240.0,11760.0
13059,338,2,4,1,611,4,,2,12600.0,1260.0,23940.0
13060,415,2,1,1,890,1,2352,3,12600.0,1890.0,35910.0
13061,1337,2,2,1,505,2,2235,1,12000.0,1200.0,10800.0
13062,444,1,,2,438,661,2399,1,15000.0,300.0,14700.0
13063,812,1,,1,980,181,424,1,12000.0,0.0,12000.0
13064,812,1,,1,980,181,424,3,12000.0,3600.0,32400.0
13065,265,1,,1,824,732,1787,3,10800.0,1620.0,30780.0
13066,265,1,,2,824,732,1787,1,15000.0,750.0,14250.0
13067,748,2,1,1,882,1,2943,2,10800.0,0.0,21600.0
13068,945,1,,2,415,960,1240,1,13500.0,0.0,13500.0
13069,1347,2,2,2,426,2,1051,1,13500.0,270.0,13230.0
13070,744,1,,1,451,1939,1898,3,12000.0,3600.0,32400.0
13071,1274,1,,1,584,2724,742,2,10800.0,432.0,21168.0
13072,1274,1,,2,584,2724,742,1,15750.0,1575.0,14175.0
13073,758,1,,2,763,1892,597,1,15000.0,0.0,15000.0
13074,851,1,,1,582,1262,2447,1,12000.0,240.0,11760.0
13075,1026,2,4,1,579,4,2021,2,12000.0,2400.0,21600.0
13076,1185,1,,1,668,1229,2887,2,12000.0,1200.0,22800.0
13077,193,1,,2,706,798,2953,1,15000.0,1500.0,13500.0
13078,1322,1,,2,602,126,1052,2,15000.0,600.0,29400.0
13079,1405,1,,1,922,686,956,2,12000.0,2400.0,21600.0
13080,757,1,,2,368,1078,1940,2,15000.0,1500.0,28500.0
13081,1146,2,2,1,996,2,2827,3,12000.0,720.0,35280.0
13082,1146,2,2,1,996,2,2827,2,12600.0,2520.0,22680.0
13083,404,2,2,1,547,2,2181,2,12000.0,480.0,23520.0
13084,888,1,,2,700,39,1238,1,15000.0,1500.0,13500.0
13085,888,1,,2,700,39,1238,1,15000.0,0.0,15000.0
13086,841,2,4,1,885,4,2078,3,12000.0,0.0,36000.0
13087,159,1,,1,821,450,1374,2,12000.0,2400.0,21600.0
13088,159,1,,2,821,450,1374,1,15750.0,315.0,15435.0
13089,1376,2,1,2,518,1,1047,2,13500.0,540.0,26460.0
13090,1105,2,1,2,857,1,2446,3,15000.0,0.0,45000.0
13091,1105,2,1,1,857,1,2446,1,10800.0,540.0,10260.0
13092,1105,2,1,1,857,1,2446,1,12000.0,0.0,12000.0
13093,165,2,1,1,422,1,1410,1,10800.0,540.0,10260.0
13094,1356,1,,1,884,2611,1718,2,12000.0,2400.0,21600.0
13095,692,2,1,1,614,1,41,1,10800.0,540.0,10260.0
13096,661,1,,1,601,2636,305,2,12000.0,2400.0,21600.0
13097,1170,2,2,1,625,2,1216,2,10800.0,432.0,21168.0
13098,195,2,2,2,515,2,1273,2,15000.0,3000.0,27000.0
13099,195,2,2,2,515,2,1273,3,15000.0,900.0,44100.0
13100,430,1,,1,993,766,192,3,12000.0,1800.0,34200.0
13101,430,1,,1,993,766,192,2,10800.0,432.0,21168.0
13102,430,1,,2,993,766,192,1,15000.0,1500.0,13500.0
13103,1087,2,4,2,760,4,745,2,15750.0,3150.0,28350.0
13104,759,2,2,1,817,2,1945,1,12600.0,630.0,11970.0
13105,1419,1,,2,385,817,1496,3,15000.0,0.0,45000.0
13106,423,1,,1,377,2217,,1,12000.0,0.0,12000.0
13107,1181,1,,1,567,2330,,3,12000.0,0.0,36000.0
13108,1457,1,,1,533,1011,,1,12000.0,1200.0,10800.0
13109,647,2,1,1,577,1,2573,2,12600.0,1260.0,23940.0
13110,1451,1,,2,870,532,2869,1,15000.0,750.0,14250.0
13111,809,2,1,1,681,1,1458,1,12000.0,240.0,11760.0
13112,809,2,1,2,681,1,1458,1,13500.0,0.0,13500.0
13113,978,2,1,1,542,1,852,2,12600.0,504.0,24696.0
13114,1199,1,,2,841,2384,282,2,15750.0,3150.0,28350.0
13115,1053,1,,1,486,299,2529,1,12000.0,240.0,11760.0
13116,1348,2,3,2,419,3,2028,3,15750.0,0.0,47250.0
13117,717,2,3,2,808,3,1635,1,15000.0,750.0,14250.0
13118,88,1,,1,366,1377,3086,3,12000.0,3600.0,32400.0
13119,938,2,4,2,669,4,3123,2,15750.0,0.0,31500.0
13120,938,2,4,1,669,4,3123,2,13200.0,528.0,25872.0
13121,1148,2,4,1,616,4,1963,3,12600.0,0.0,37800.0
13122,63,2,2,2,692,2,253,2,15000.0,600.0,29400.0
13123,63,2,2,2,692,2,253,1,16500.0,0.0,16500.0
13124,835,1,,1,889,2485,2840,1,12000.0,1200.0,10800.0
13125,835,1,,1,889,2485,2840,3,12000.0,720.0,35280.0
13126,921,1,,1,688,970,119,2,12600.0,1260.0,23940.0
13127,921,1,,1,688,970,119,2,12000.0,0.0,24000.0
13128,921,1,,2,688,970,119,1,16500.0,1650.0,14850.0
13129,658,1,,1,430,1132,,2,12600.0,0.0,25200.0
13130,901,2,3,1,500,3,1276,2,12000.0,1200.0,22800.0
13131,901,2,3,1,500,3,1276,3,12000.0,720.0,35280.0
13132,1193,1,,2,825,1834,111,2,16500.0,1650.0,31350.0
13133,324,2,4,2,754,4,93,1,15000.0,300.0,14700.0
13134,324,2,4,1,754,4,93,3,12600.0,1890.0,35910.0
13135,17,1,,1,609,1214,418,1,12000.0,240.0,11760.0
13136,239,1,,2,699,124,237,3,15000.0,4500.0,40500.0
13137,490,1,,2,483,2053,2625,1,15000.0,1500.0,13500.0
13138,490,1,,2,483,2053,2625,1,15000.0,300.0,14700.0
13139,1265,1,,1,663,808,271,2,12000.0,2400.0,21600.0
13140,509,2,3,1,783,3,2022,2,12600.0,1260.0,23940.0
13141,1037,1,,2,706,283,2472,1,15000.0,750.0,14250.0
13142,547,1,,2,457,986,2344,1,15000.0,750.0,14250.0
13143,547,1,,1,457,986,2344,1,12000.0,1200.0,10800.0
13144,634,2,1,1,598,1,2318,1,10800.0,216.0,10584.0
13145,1422,1,,1,736,1121,2495,3,12000.0,1800.0,34200.0
13146,70,1,,1,522,2838,817,3,12000.0,1800.0,34200.0
13147,729,2,2,1,465,2,60,2,12000.0,480.0,23520.0
13148,729,2,2,2,465,2,60,3,15750.0,945.0,46305.0
13149,890,1,,1,981,348,1207,3,12000.0,1800.0,34200.0
13150,955,1,,1,618,2001,286,3,12000.0,0.0,36000.0
13151,1004,2,3,2,689,3,1906,3,15000.0,2250.0,42750.0
13152,727,1,,2,418,1150,2900,3,16500.0,990.0,48510.0
13153,727,1,,2,418,1150,2900,3,15000.0,0.0,45000.0
13154,727,1,,1,418,1150,2900,2,10800.0,1080.0,20520.0
13155,1231,1,,2,543,1471,1595,1,15000.0,0.0,15000.0
13156,1231,1,,2,543,1471,1595,2,15000.0,0.0,30000.0
13157,861,1,,1,583,1666,646,2,12000.0,1200.0,22800.0
13158,861,1,,1,583,1666,646,2,12000.0,1200.0,22800.0
13159,665,1,,1,958,1795,2832,2,12000.0,0.0,24000.0
13160,893,2,3,2,672,3,2017,2,15000.0,0.0,30000.0
13161,893,2,3,1,672,3,2017,1,12000.0,1200.0,10800.0
13162,501,1,,2,595,1246,241,1,15000.0,1500.0,13500.0
13163,205,1,,1,393,1771,2812,2,12000.0,1200.0,22800.0
13164,1213,1,,1,763,2020,1544,2,12000.0,0.0,24000.0
13165,572,2,2,2,991,2,2974,2,15000.0,3000.0,27000.0
13166,572,2,2,1,991,2,2974,1,12000.0,240.0,11760.0
13167,215,1,,2,386,2381,,2,13500.0,2700.0,24300.0
13168,215,1,,2,386,2381,,2,15000.0,3000.0,27000.0
13169,968,1,,2,457,216,,2,15000.0,0.0,30000.0
13170,1489,2,2,1,952,2,,1,12000.0,0.0,12000.0
13171,1413,1,,2,897,1833,82,1,13500.0,270.0,13230.0
13172,1124,1,,2,408,1796,1542,2,15750.0,1575.0,29925.0
13173,1124,1,,2,408,1796,1542,2,15000.0,0.0,30000.0
13174,830,1,,1,636,2301,854,1,12000.0,240.0,11760.0
13175,210,2,1,1,615,1,1412,2,12000.0,1200.0,22800.0
13176,427,1,,1,626,213,2983,2,13200.0,0.0,26400.0
13177,427,1,,1,626,213,2983,1,12000.0,0.0,12000.0
13178,31,2,4,2,519,4,2161,2,15000.0,1500.0,28500.0
13179,280,2,1,2,630,1,588,3,15000.0,4500.0,40500.0
13180,867,2,3,2,662,3,615,2,15000.0,1500.0,28500.0
13181,176,1,,1,879,1356,1462,2,13200.0,1320.0,25080.0
13182,761,2,3,2,506,3,2793,3,15000.0,4500.0,40500.0
13183,761,2,3,2,506,3,2793,3,15000.0,0.0,45000.0
13184,897,2,2,1,609,2,,3,12000.0,0.0,36000.0
13185,1315,1,,1,610,698,1863,3,12000.0,3600.0,32400.0
13186,1315,1,,1,610,698,1863,3,12000.0,1800.0,34200.0
13187,606,1,,1,527,1810,877,3,12000.0,3600.0,32400.0
13188,606,1,,2,527,1810,877,2,15000.0,1500.0,28500.0
13189,1444,1,,1,803,2433,2674,3,12000.0,1800.0,34200.0
13190,1320,2,3,1,680,3,634,3,12000.0,3600.0,32400.0
13191,348,1,,1,434,847,2261,3,10800.0,1620.0,30780.0
13192,1226,2,2,2,584,2,140,2,15000.0,0.0,30000.0
13193,1489,1,,1,515,727,2230,1,12000.0,600.0,11400.0
13194,293,2,4,1,762,4,2297,1,12000.0,600.0,11400.0
13195,232,2,4,2,448,4,,1,16500.0,0.0,16500.0
13196,553,2,2,1,619,2,666,1,10800.0,540.0,10260.0
13197,434,1,,2,739,84,1347,2,15000.0,0.0,30000.0
13198,434,1,,1,739,84,1347,3,12000.0,3600.0,32400.0
13199,184,2,4,1,407,4,26,3,12000.0,0.0,36000.0
13200,184,2,4,1,407,4,26,3,12000.0,1800.0,34200.0
13201,1384,1,,1,542,2360,,1,12600.0,630.0,11970.0
13202,428,2,2,1,647,2,940,2,12000.0,2400.0,21600.0
13203,1174,1,,1,634,1441,256,3,12000.0,3600.0,32400.0
13204,1383,2,4,2,972,4,546,3,15000.0,4500.0,40500.0
13205,315,2,3,1,484,3,1750,1,12000.0,600.0,11400.0
13206,1468,1,,2,475,1383,392,3,16500.0,4950.0,44550.0
13207,725,2,2,1,788,2,1585,1,12000.0,1200.0,10800.0
13208,725,2,2,2,788,2,1585,3,13500.0,810.0,39690.0
13209,893,1,,2,553,3153,,2,15000.0,0.0,30000.0
13210,945,1,,1,565,2266,,3,13200.0,1980.0,37620.0
13211,1029,1,,1,531,876,,3,13200.0,0.0,39600.0
13212,1029,1,,2,531,876,,1,15750.0,787.5,14962.5
13213,897,2,1,1,513,1,,1,10800.0,540.0,10260.0
13214,459,1,,1,642,1837,2871,1,10800.0,540.0,10260.0
13215,459,1,,2,642,1837,2871,3,15000.0,900.0,44100.0
13216,1409,1,,1,401,1376,1781,2,12600.0,504.0,24696.0
13217,1062,1,,2,850,92,577,1,15000.0,1500.0,13500.0
13218,632,2,3,1,891,3,35,3,12000.0,3600.0,32400.0
13219,644,2,2,2,370,2,1481,2,15000.0,3000.0,27000.0
13220,644,2,2,2,370,2,1481,2,15000.0,0.0,30000.0
13221,150,2,4,1,526,4,875,2,12000.0,480.0,23520.0
13222,769,1,,2,669,924,1087,1,15750.0,1575.0,14175.0
13223,415,2,3,1,396,3,909,2,12000.0,1200.0,22800.0
13224,415,2,3,2,396,3,909,3,16500.0,4950.0,44550.0
13225,415,2,3,1,396,3,909,2,10800.0,2160.0,19440.0
13226,1003,2,1,2,851,1,2119,3,15000.0,2250.0,42750.0
13227,1420,2,1,2,500,1,,2,15000.0,1500.0,28500.0
13228,609,1,,2,618,2924,945,2,15000.0,600.0,29400.0
13229,434,2,4,1,817,4,512,1,12000.0,0.0,12000.0
13230,434,2,4,2,817,4,512,1,15000.0,1500.0,13500.0
13231,203,1,,1,482,2984,41,3,12000.0,720.0,35280.0
13232,203,1,,2,482,2984,41,2,13500.0,1350.0,25650.0
13233,871,2,2,1,821,2,1338,2,12000.0,1200.0,22800.0
13234,895,1,,1,763,2574,914,1,10800.0,0.0,10800.0
13235,1427,2,4,2,406,4,182,1,16500.0,330.0,16170.0
13236,318,1,,2,647,1477,917,3,15000.0,4500.0,40500.0
13237,318,1,,1,647,1477,917,3,13200.0,792.0,38808.0
13238,143,1,,1,806,2829,718,2,12000.0,1200.0,22800.0
13239,143,1,,1,806,2829,718,3,12000.0,720.0,35280.0
13240,824,2,3,2,565,3,253,1,13500.0,675.0,12825.0
13241,824,2,3,1,565,3,253,3,12000.0,0.0,36000.0
13242,828,1,,2,673,2545,2009,1,13500.0,270.0,13230.0
13243,534,1,,1,591,1251,276,2,12000.0,0.0,24000.0
13244,958,1,,2,509,857,786,1,16500.0,330.0,16170.0
13245,541,2,4,1,626,4,624,2,12000.0,2400.0,21600.0
13246,884,2,4,1,832,4,1389,3,12000.0,1800.0,34200.0
13247,884,2,4,2,832,4,1389,1,15000.0,0.0,15000.0
13248,1020,2,4,1,927,4,,3,12000.0,1800.0,34200.0
13249,1020,2,4,2,927,4,,3,15000.0,0.0,45000.0
13250,603,1,,1,531,95,1628,2,12600.0,0.0,25200.0
13251,603,1,,1,531,95,1628,1,12600.0,252.0,12348.0
13252,603,1,,2,531,95,1628,1,15000.0,300.0,14700.0
13253,1325,1,,2,477,580,1199,1,16500.0,0.0,16500.0
13254,1287,1,,1,367,3155,176,2,10800.0,1080.0,20520.0
13255,1246,1,,1,706,1167,163,2,12000.0,1200.0,22800.0
13256,918,1,,1,688,1009,44,2,12600.0,0.0,25200.0
13257,137,2,3,2,856,3,868,2,15000.0,1500.0,28500.0
13258,137,2,3,1,856,3,868,3,12000.0,0.0,36000.0
13259,1029,1,,1,847,3067,1016,3,12000.0,1800.0,34200.0
13260,1029,1,,1,847,3067,1016,3,12000.0,0.0,36000.0
13261,233,2,4,1,887,4,2987,3,12000.0,1800.0,34200.0
13262,1379,1,,2,733,948,2051,3,15750.0,0.0,47250.0
13263,1379,1,,2,733,948,2051,2,15000.0,1500.0,28500.0
13264,218,2,4,2,872,4,1756,3,15000.0,4500.0,40500.0
13265,218,2,4,1,872,4,1756,3,12000.0,720.0,35280.0
13266,1027,1,,1,939,1575,3012,3,12000.0,1800.0,34200.0
13267,1027,1,,1,939,1575,3012,3,12600.0,756.0,37044.0
13268,1372,2,1,2,692,1,2331,3,15000.0,900.0,44100.0
13269,1214,1,,2,399,2112,2968,1,15000.0,1500.0,13500.0
13270,1214,1,,2,399,2112,2968,1,15000.0,300.0,14700.0
13271,1405,2,4,2,562,4,123,2,15000.0,600.0,29400.0
13272,1218,2,2,1,493,2,560,2,10800.0,0.0,21600.0
13273,788,1,,1,915,1729,1103,2,12000.0,1200.0,22800.0
13274,788,1,,1,915,1729,1103,2,13200.0,0.0,26400.0
13275,1274,2,2,1,518,2,1092,3,10800.0,3240.0,29160.0
13276,553,1,,2,682,2513,3182,3,15000.0,0.0,45000.0
13277,1075,2,4,1,990,4,3109,1,10800.0,540.0,10260.0
13278,538,1,,1,858,2305,1902,2,12000.0,480.0,23520.0
13279,538,1,,1,858,2305,1902,3,12000.0,0.0,36000.0
13280,160,1,,1,793,1310,1272,1,12000.0,1200.0,10800.0
13281,908,1,,1,485,2181,1225,2,12000.0,2400.0,21600.0
13282,750,1,,2,893,1136,,2,15000.0,1500.0,28500.0
13283,486,1,,1,622,2436,1365,3,13200.0,3960.0,35640.0
13284,171,2,2,1,920,2,1087,2,12000.0,480.0,23520.0
13285,171,2,2,1,920,2,1087,3,12000.0,720.0,35280.0
13286,22,1,,1,562,1785,,1,12000.0,1200.0,10800.0
13287,22,1,,2,562,1785,,1,15000.0,300.0,14700.0
13288,610,1,,2,808,539,,2,15000.0,1500.0,28500.0
13289,1465,1,,1,528,2097,1733,3,12000.0,720.0,35280.0
13290,1288,2,4,1,434,4,743,2,10800.0,1080.0,20520.0
13291,1288,2,4,1,434,4,743,3,12000.0,3600.0,32400.0
13292,613,1,,2,883,769,1092,2,15000.0,3000.0,27000.0
13293,342,2,2,1,906,2,1604,1,12600.0,0.0,12600.0
13294,743,2,2,2,532,2,776,1,15750.0,315.0,15435.0
13295,743,2,2,2,532,2,776,3,15000.0,4500.0,40500.0
13296,14,2,2,2,822,2,2788,1,15750.0,1575.0,14175.0
13297,1047,2,4,2,440,4,2110,3,15000.0,900.0,44100.0
13298,1464,1,,2,803,2425,2878,2,13500.0,1350.0,25650.0
13299,1464,1,,1,803,2425,2878,1,12000.0,1200.0,10800.0
13300,1263,1,,1,477,846,2675,1,12000.0,1200.0,10800.0
13301,1263,1,,2,477,846,2675,1,15000.0,1500.0,13500.0
13302,1384,1,,2,855,3151,,1,15000.0,750.0,14250.0
13303,564,1,,1,812,651,1751,2,12000.0,1200.0,22800.0
13304,1405,1,,2,704,2736,2607,2,15000.0,600.0,29400.0
13305,188,1,,1,773,413,,1,10800.0,1080.0,9720.0
13306,188,1,,2,773,413,,2,15000.0,0.0,30000.0
13307,1496,2,3,2,663,3,2761,3,13500.0,810.0,39690.0
13308,1360,2,1,1,645,1,1656,2,12000.0,2400.0,21600.0
13309,1360,2,1,1,645,1,1656,3,10800.0,648.0,31752.0
13310,622,2,4,2,384,4,302,3,15000.0,4500.0,40500.0
13311,386,1,,2,604,485,2826,2,13500.0,540.0,26460.0
13312,214,2,3,2,763,3,2201,2,15000.0,1500.0,28500.0
13313,214,2,3,2,763,3,2201,3,15000.0,2250.0,42750.0
13314,214,2,3,1,763,3,2201,1,13200.0,0.0,13200.0
13315,895,1,,1,390,1446,2489,1,12000.0,1200.0,10800.0
13316,837,2,3,1,867,3,1680,3,12000.0,1800.0,34200.0
13317,829,2,1,1,986,1,2473,2,12000.0,480.0,23520.0
13318,1037,1,,2,872,3131,1548,2,15000.0,0.0,30000.0
13319,1037,1,,1,872,3131,1548,2,13200.0,1320.0,25080.0
13320,1059,2,1,1,806,1,38,3,12000.0,3600.0,32400.0
13321,66,1,,2,776,256,,1,15000.0,300.0,14700.0
13322,939,2,2,1,523,2,2745,1,10800.0,216.0,10584.0
13323,489,2,3,1,865,3,,3,12600.0,3780.0,34020.0
13324,489,2,3,1,865,3,,3,13200.0,3960.0,35640.0
13325,1208,2,1,2,380,1,2317,2,15000.0,1500.0,28500.0
13326,1172,2,4,2,909,4,1579,1,16500.0,825.0,15675.0
13327,75,2,4,2,382,4,327,1,15000.0,300.0,14700.0
13328,573,2,4,1,937,4,,1,12000.0,600.0,11400.0
13329,612,1,,2,629,2716,679,3,15750.0,2362.5,44887.5
13330,1184,2,4,1,666,4,1226,2,10800.0,1080.0,20520.0
13331,119,2,4,2,721,4,,1,15000.0,0.0,15000.0
13332,119,2,4,1,721,4,,1,12000.0,0.0,12000.0
13333,21,2,4,1,514,4,2749,3,12000.0,3600.0,32400.0
13334,21,2,4,1,514,4,2749,3,12000.0,3600.0,32400.0
13335,1179,2,2,1,678,2,,3,12000.0,0.0,36000.0
13336,1259,1,,2,587,2453,1351,3,15750.0,2362.5,44887.5
13337,234,2,3,1,613,3,3041,1,12000.0,600.0,11400.0
13338,234,2,3,1,613,3,3041,3,12000.0,1800.0,34200.0
13339,354,1,,1,940,1657,128,1,12000.0,240.0,11760.0
13340,354,1,,2,940,1657,128,2,13500.0,1350.0,25650.0
13341,1395,1,,2,395,288,731,2,15000.0,0.0,30000.0
13342,368,2,1,1,392,1,192,2,12000.0,480.0,23520.0
13343,1436,1,,2,841,849,2714,2,13500.0,0.0,27000.0
13344,224,2,2,2,463,2,2423,1,16500.0,1650.0,14850.0
13345,224,2,2,1,463,2,2423,1,12600.0,0.0,12600.0
13346,447,2,1,2,747,1,1210,2,15000.0,600.0,29400.0
13347,1116,1,,1,682,1546,1251,3,12000.0,1800.0,34200.0
13348,2,1,,2,945,2867,3201,1,15000.0,0.0,15000.0
13349,1070,2,4,2,863,4,2005,3,15000.0,0.0,45000.0
13350,540,1,,2,393,1128,2141,2,15000.0,1500.0,28500.0
13351,540,1,,2,393,1128,2141,3,15750.0,0.0,47250.0
13352,296,1,,2,721,390,33,3,15750.0,4725.0,42525.0
13353,296,1,,2,721,390,33,2,15000.0,1500.0,28500.0
13354,1258,2,4,1,489,4,611,2,13200.0,2640.0,23760.0
13355,694,2,3,2,742,3,1286,2,15750.0,630.0,30870.0
13356,548,1,,2,900,737,2205,2,15000.0,3000.0,27000.0
13357,725,1,,1,547,2997,678,3,10800.0,3240.0,29160.0
13358,843,2,4,2,946,4,933,3,15000.0,2250.0,42750.0
13359,181,1,,1,674,414,2651,3,10800.0,1620.0,30780.0
13360,881,2,1,2,821,1,3025,2,16500.0,0.0,33000.0
13361,813,1,,2,701,2211,356,2,15000.0,600.0,29400.0
13362,1245,1,,1,652,431,2013,1,12000.0,1200.0,10800.0
13363,183,1,,1,965,2387,2841,3,12000.0,0.0,36000.0
13364,1266,1,,1,540,1236,132,1,10800.0,1080.0,9720.0
13365,1287,1,,1,439,2096,1996,3,12000.0,0.0,36000.0
13366,1287,1,,1,439,2096,1996,1,12000.0,1200.0,10800.0
13367,773,1,,2,652,2791,1620,2,15000.0,3000.0,27000.0
13368,773,1,,2,652,2791,1620,1,15000.0,1500.0,13500.0
13369,829,2,2,2,942,2,1441,1,13500.0,0.0,13500.0
13370,666,2,4,2,749,4,3112,2,13500.0,1350.0,25650.0
13371,331,1,,2,691,1095,279,3,15750.0,945.0,46305.0
13372,1457,2,2,1,446,2,1265,2,13200.0,528.0,25872.0
13373,763,1,,1,733,3172,247,2,12000.0,2400.0,21600.0
13374,149,2,3,2,966,3,1430,1,15000.0,300.0,14700.0
13375,1003,1,,1,1002,184,521,3,12000.0,0.0,36000.0
13376,1039,2,1,2,880,1,2012,2,15000.0,1500.0,28500.0
13377,1415,1,,1,372,474,2197,3,12000.0,720.0,35280.0
13378,292,1,,2,521,820,457,3,15750.0,0.0,47250.0
13379,405,1,,1,739,3033,2189,3,10800.0,1620.0,30780.0
13380,157,2,1,1,683,1,567,3,12000.0,0.0,36000.0
13381,236,1,,2,874,773,813,3,16500.0,0.0,49500.0
13382,1178,2,4,1,459,4,2867,1,12000.0,1200.0,10800.0
13383,819,2,3,2,806,3,,3,13500.0,810.0,39690.0
13384,550,1,,1,624,3063,2610,3,12000.0,0.0,36000.0
13385,1430,1,,1,873,2414,1528,3,12000.0,3600.0,32400.0
13386,1430,1,,2,873,2414,1528,1,15000.0,750.0,14250.0
13387,1356,1,,1,808,2140,2839,3,12000.0,3600.0,32400.0
13388,868,1,,1,743,1267,2399,2,12600.0,504.0,24696.0
13389,868,1,,1,743,1267,2399,3,12000.0,720.0,35280.0
13390,586,1,,2,876,3074,,1,16500.0,0.0,16500.0
13391,401,1,,1,433,2326,2053,1,12000.0,240.0,11760.0
13392,1161,1,,2,925,1255,426,1,15750.0,315.0,15435.0
13393,1077,1,,2,531,3177,1305,3,13500.0,2025.0,38475.0
13394,1145,2,4,2,621,4,355,3,15000.0,4500.0,40500.0
13395,971,2,4,1,955,4,134,2,12000.0,480.0,23520.0
13396,473,1,,2,379,2408,1645,1,15750.0,1575.0,14175.0
13397,749,1,,2,647,1747,1278,1,15000.0,0.0,15000.0
13398,1261,2,2,1,844,2,1083,1,12000.0,600.0,11400.0
13399,1074,1,,1,761,861,,1,12000.0,240.0,11760.0
13400,1074,1,,2,761,861,,2,15000.0,600.0,29400.0
13401,1074,1,,1,761,861,,2,12600.0,2520.0,22680.0
13402,998,1,,1,609,2210,1711,2,12600.0,504.0,24696.0
13403,861,1,,2,489,180,4,1,15000.0,300.0,14700.0
13404,861,1,,2,489,180,4,2,15750.0,3150.0,28350.0
13405,597,1,,2,597,876,889,3,15000.0,0.0,45000.0
13406,597,1,,2,597,876,889,2,13500.0,540.0,26460.0
13407,558,1,,2,844,131,,2,15000.0,600.0,29400.0
13408,651,1,,2,434,777,962,2,15000.0,3000.0,27000.0
13409,839,2,4,1,620,4,133,2,12000.0,0.0,24000.0
13410,1361,2,2,1,712,2,2695,3,12000.0,1800.0,34200.0
13411,1048,1,,1,553,822,1683,1,12000.0,0.0,12000.0
13412,1048,1,,2,553,822,1683,1,16500.0,1650.0,14850.0
13413,1048,1,,1,553,822,1683,3,12600.0,756.0,37044.0
13414,420,1,,1,479,1593,2657,2,12600.0,0.0,25200.0
13415,420,1,,1,479,1593,2657,3,12000.0,0.0,36000.0
13416,1136,2,1,2,394,1,,2,15000.0,0.0,30000.0
13417,665,2,1,2,395,1,2340,2,15000.0,0.0,30000.0
13418,1244,1,,1,656,1228,2496,3,12000.0,720.0,35280.0
13419,413,1,,1,547,949,132,1,12000.0,240.0,11760.0
13420,61,1,,1,744,3054,1256,2,12600.0,1260.0,23940.0
13421,995,1,,1,978,1033,614,1,12600.0,630.0,11970.0
13422,566,2,3,1,702,3,823,2,12000.0,0.0,24000.0
13423,566,2,3,1,702,3,823,2,12000.0,2400.0,21600.0
13424,566,2,3,2,702,3,823,2,16500.0,3300.0,29700.0
13425,739,1,,2,607,1844,2289,1,15750.0,787.5,14962.5
13426,400,2,3,2,646,3,198,3,13500.0,2025.0,38475.0
13427,613,2,1,1,447,1,1279,1,12600.0,630.0,11970.0
13428,632,1,,2,534,2613,,3,15000.0,0.0,45000.0
13429,233,1,,2,409,1701,2263,3,15000.0,4500.0,40500.0
13430,233,1,,2,409,1701,2263,3,15750.0,0.0,47250.0
13431,1104,1,,1,417,1745,2541,3,10800.0,1620.0,30780.0
13432,101,1,,1,910,2955,226,3,12000.0,0.0,36000.0
13433,101,1,,1,910,2955,226,2,12000.0,1200.0,22800.0
13434,101,1,,2,910,2955,226,3,15000.0,2250.0,42750.0
13435,1025,1,,1,522,1002,,2,12000.0,480.0,23520.0
13436,1467,1,,2,817,1679,2520,3,15000.0,0.0,45000.0
13437,1467,1,,1,817,1679,2520,2,12000.0,1200.0,22800.0
13438,946,1,,1,524,605,742,2,13200.0,2640.0,23760.0
13439,1229,2,3,1,740,3,1981,3,12000.0,720.0,35280.0
13440,1477,2,4,1,803,4,414,3,10800.0,1620.0,30780.0
13441,341,1,,1,868,2904,248,1,12000.0,1200.0,10800.0
13442,341,1,,1,868,2904,248,1,12600.0,252.0,12348.0
13443,341,1,,2,868,2904,248,1,15000.0,750.0,14250.0
13444,1392,1,,2,793,2586,1557,1,16500.0,0.0,16500.0
13445,1500,1,,2,521,125,1803,2,15750.0,3150.0,28350.0
13446,1500,1,,1,521,125,1803,3,12000.0,0.0,36000.0
13447,1500,1,,2,521,125,1803,1,15750.0,0.0,15750.0
13448,564,2,4,1,773,4,2069,3,12000.0,3600.0,32400.0
13449,595,1,,1,415,2132,2257,1,12000.0,240.0,11760.0
13450,595,1,,2,415,2132,2257,2,15750.0,3150.0,28350.0
13451,893,1,,1,643,2354,1376,3,10800.0,3240.0,29160.0
13452,893,1,,2,643,2354,1376,3,15000.0,900.0,44100.0
13453,760,2,2,2,445,2,1892,1,15000.0,0.0,15000.0
13454,1223,1,,1,520,987,2713,1,12000.0,240.0,11760.0
13455,981,2,1,1,587,1,3159,2,13200.0,2640.0,23760.0
13456,392,2,3,1,695,3,674,3,10800.0,3240.0,29160.0
13457,624,1,,1,561,3031,1194,3,12000.0,1800.0,34200.0
13458,375,1,,2,766,2204,641,2,15750.0,0.0,31500.0
13459,514,1,,2,409,1626,2685,3,15000.0,2250.0,42750.0
13460,295,2,3,1,549,3,,3,13200.0,792.0,38808.0
13461,1173,1,,1,380,3101,3097,3,10800.0,648.0,31752.0
13462,1493,2,3,1,526,3,2713,2,10800.0,2160.0,19440.0
13463,712,1,,2,792,1121,807,1,13500.0,1350.0,12150.0
13464,712,1,,2,792,1121,807,1,15000.0,0.0,15000.0
13465,1455,1,,2,618,2200,1580,1,13500.0,1350.0,12150.0
13466,691,1,,2,763,305,1016,2,15750.0,0.0,31500.0
13467,1445,2,2,1,606,2,854,3,12000.0,3600.0,32400.0
13468,1445,2,2,2,606,2,854,2,15750.0,0.0,31500.0
13469,1451,2,3,1,546,3,1900,2,12000.0,0.0,24000.0
13470,236,1,,2,813,2514,1474,2,13500.0,2700.0,24300.0
13471,49,1,,2,928,2642,784,2,15000.0,0.0,30000.0
13472,935,1,,1,590,1650,2118,1,10800.0,540.0,10260.0
13473,1364,1,,2,428,2685,1369,3,15750.0,2362.5,44887.5
13474,903,1,,1,561,2127,803,1,12000.0,600.0,11400.0
13475,966,1,,2,826,2588,2988,2,15000.0,0.0,30000.0
13476,433,1,,2,731,3106,182,3,15000.0,0.0,45000.0
13477,1248,2,3,2,985,3,2330,1,15000.0,750.0,14250.0
13478,519,2,3,2,859,3,1375,1,15000.0,1500.0,13500.0
13479,286,2,4,2,415,4,2524,3,13500.0,0.0,40500.0
13480,391,2,2,1,500,2,676,1,12000.0,240.0,11760.0
13481,391,2,2,1,500,2,676,2,12000.0,2400.0,21600.0
13482,1445,2,2,1,471,2,824,3,10800.0,1620.0,30780.0
13483,547,1,,1,526,3098,2664,1,12000.0,1200.0,10800.0
13484,1093,2,3,1,917,3,2493,1,12000.0,1200.0,10800.0
13485,1093,2,3,1,917,3,2493,3,12000.0,3600.0,32400.0
13486,1482,1,,1,961,958,2523,1,12000.0,1200.0,10800.0
13487,1395,1,,1,716,128,1117,2,10800.0,1080.0,20520.0
13488,912,2,2,1,995,2,2657,2,12000.0,480.0,23520.0
13489,311,1,,1,471,1205,2640,2,12000.0,2400.0,21600.0
13490,311,1,,2,471,1205,2640,2,15000.0,600.0,29400.0
13491,516,1,,1,987,1304,181,2,12600.0,504.0,24696.0
13492,164,1,,1,547,1154,2660,1,12600.0,1260.0,11340.0
13493,918,2,3,2,377,3,200,1,15000.0,1500.0,13500.0
13494,893,2,2,2,714,2,2303,1,15000.0,750.0,14250.0
13495,797,1,,1,880,411,1835,1,12000.0,1200.0,10800.0
13496,1046,2,4,1,806,4,,2,12000.0,2400.0,21600.0
13497,618,1,,2,877,267,,2,15000.0,3000.0,27000.0
13498,995,2,4,2,548,4,788,2,15750.0,630.0,30870.0
13499,400,1,,2,840,43,1648,1,15750.0,787.5,14962.5
13500,920,1,,1,820,1067,238,2,12600.0,1260.0,23940.0
13501,920,1,,1,820,1067,238,2,10800.0,1080.0,20520.0
13502,920,1,,1,820,1067,238,2,12000.0,0.0,24000.0
13503,58,2,1,2,935,1,345,3,15000.0,0.0,45000.0
13504,58,2,1,1,935,1,345,2,13200.0,1320.0,25080.0
13505,1275,1,,2,379,1593,1392,1,16500.0,825.0,15675.0
13506,1362,1,,2,738,3091,2549,2,15000.0,0.0,30000.0
13507,1362,1,,1,738,3091,2549,2,12000.0,2400.0,21600.0
13508,1,1,,1,404,2281,2743,2,12000.0,0.0,24000.0
13509,795,1,,1,614,649,2558,1,12000.0,0.0,12000.0
13510,1306,2,3,2,405,3,792,2,13500.0,540.0,26460.0
13511,1306,2,3,1,405,3,792,1,12600.0,1260.0,11340.0
13512,681,1,,2,850,2230,492,2,15000.0,0.0,30000.0
13513,1162,2,2,1,948,2,,2,12000.0,0.0,24000.0
13514,1162,2,2,2,948,2,,1,13500.0,270.0,13230.0
13515,1204,2,4,1,553,4,691,1,12000.0,1200.0,10800.0
13516,1442,2,1,2,478,1,2004,2,13500.0,1350.0,25650.0
13517,1216,2,3,1,799,3,2460,2,12000.0,480.0,23520.0
13518,1400,2,1,1,487,1,3196,2,12000.0,1200.0,22800.0
13519,61,1,,2,836,979,586,1,15000.0,300.0,14700.0
13520,298,1,,2,897,2256,2049,3,16500.0,990.0,48510.0
13521,298,1,,2,897,2256,2049,1,15000.0,1500.0,13500.0
13522,298,1,,2,897,2256,2049,3,13500.0,2025.0,38475.0
13523,903,2,1,2,756,1,2548,1,15000.0,300.0,14700.0
13524,903,2,1,1,756,1,2548,1,12000.0,600.0,11400.0
13525,739,1,,1,935,2196,903,2,12600.0,1260.0,23940.0
13526,739,1,,1,935,2196,903,1,12000.0,0.0,12000.0
13527,1339,2,2,2,789,2,2401,1,16500.0,1650.0,14850.0
13528,1339,2,2,1,789,2,2401,2,12000.0,480.0,23520.0
13529,615,1,,2,580,1870,2612,2,13500.0,0.0,27000.0
13530,1192,1,,2,687,1191,2664,2,15000.0,1500.0,28500.0
13531,1192,1,,1,687,1191,2664,3,12000.0,3600.0,32400.0
13532,1291,1,,1,401,2507,229,2,10800.0,432.0,21168.0
13533,1459,1,,1,801,6,72,2,12000.0,480.0,23520.0
13534,541,1,,1,698,1749,,3,13200.0,1980.0,37620.0
13535,541,1,,1,698,1749,,1,12000.0,1200.0,10800.0
13536,797,1,,1,727,2439,2548,3,12000.0,0.0,36000.0
13537,537,2,2,1,416,2,2577,1,12000.0,600.0,11400.0
13538,1396,1,,1,776,2047,1067,3,12000.0,720.0,35280.0
13539,1160,1,,1,785,1334,485,1,12000.0,0.0,12000.0
13540,884,1,,1,867,97,1150,3,12000.0,0.0,36000.0
13541,1209,2,4,2,840,4,107,3,15000.0,4500.0,40500.0
13542,1209,2,4,2,840,4,107,1,15750.0,315.0,15435.0
13543,1174,1,,1,504,1286,,3,10800.0,0.0,32400.0
13544,1174,1,,2,504,1286,,3,15000.0,900.0,44100.0
13545,1174,1,,1,504,1286,,1,12000.0,1200.0,10800.0
13546,1159,2,1,2,568,1,837,3,15750.0,945.0,46305.0
13547,889,1,,2,559,589,1637,2,15000.0,600.0,29400.0
13548,667,1,,2,704,1186,910,1,15000.0,0.0,15000.0
13549,1314,2,2,1,834,2,,2,12600.0,1260.0,23940.0
13550,1133,1,,1,737,1112,641,3,12000.0,3600.0,32400.0
13551,1348,1,,2,607,157,807,1,15750.0,0.0,15750.0
13552,1016,1,,1,418,1717,1669,1,12000.0,600.0,11400.0
13553,53,2,3,1,845,3,437,1,10800.0,0.0,10800.0
13554,229,1,,1,699,2780,3160,1,12600.0,252.0,12348.0
13555,794,1,,1,444,607,771,1,12000.0,240.0,11760.0
13556,462,2,1,2,370,1,932,2,15000.0,0.0,30000.0
13557,1240,1,,1,415,2050,595,2,12000.0,0.0,24000.0
13558,681,2,1,1,983,1,2216,1,12000.0,240.0,11760.0
13559,522,1,,1,578,1249,1514,3,12000.0,3600.0,32400.0
13560,262,1,,1,969,980,1946,1,12000.0,1200.0,10800.0
13561,543,1,,1,603,2817,2643,3,12600.0,3780.0,34020.0
13562,451,1,,2,736,709,,1,15000.0,300.0,14700.0
13563,905,1,,1,634,3080,2425,2,12000.0,1200.0,22800.0
13564,360,1,,1,459,1143,1847,1,12000.0,240.0,11760.0
13565,956,2,2,1,961,2,158,3,12000.0,1800.0,34200.0
13566,295,1,,1,820,2357,275,2,12000.0,0.0,24000.0
13567,129,1,,1,793,362,438,1,12000.0,0.0,12000.0
13568,412,2,4,1,882,4,54,3,10800.0,3240.0,29160.0
13569,5,1,,1,796,346,,3,13200.0,792.0,38808.0
13570,5,1,,1,796,346,,1,12000.0,240.0,11760.0
13571,1252,2,4,2,836,4,781,1,15000.0,0.0,15000.0
13572,968,2,1,1,659,1,950,2,12000.0,0.0,24000.0
13573,313,1,,2,543,2524,1115,2,15000.0,1500.0,28500.0
13574,313,1,,1,543,2524,1115,2,13200.0,2640.0,23760.0
13575,967,1,,2,741,739,23,3,15000.0,4500.0,40500.0
13576,805,2,1,1,759,1,889,1,12000.0,1200.0,10800.0
13577,1271,1,,1,631,553,2945,1,12000.0,1200.0,10800.0
13578,1271,1,,1,631,553,2945,2,12000.0,0.0,24000.0
13579,1271,1,,1,631,553,2945,3,12600.0,1890.0,35910.0
13580,1040,2,1,2,478,1,978,2,15000.0,600.0,29400.0
13581,1118,2,3,2,462,3,2138,1,16500.0,330.0,16170.0
13582,1118,2,3,1,462,3,2138,3,10800.0,0.0,32400.0
13583,1118,2,3,2,462,3,2138,1,13500.0,1350.0,12150.0
13584,135,2,1,1,664,1,,1,12600.0,630.0,11970.0
13585,135,2,1,1,664,1,,3,13200.0,792.0,38808.0
13586,135,2,1,1,664,1,,1,12000.0,1200.0,10800.0
13587,138,1,,1,972,3058,2669,1,12000.0,0.0,12000.0
13588,1163,1,,2,826,1108,1178,1,16500.0,0.0,16500.0
13589,1318,1,,1,560,3113,,2,12000.0,0.0,24000.0
13590,1332,1,,2,819,691,331,2,15000.0,1500.0,28500.0
13591,424,1,,2,978,478,1512,2,15000.0,600.0,29400.0
13592,424,1,,2,978,478,1512,1,15750.0,1575.0,14175.0
13593,350,2,3,1,966,3,3009,2,12000.0,2400.0,21600.0
13594,731,1,,1,977,1465,610,1,12000.0,0.0,12000.0
13595,731,1,,2,977,1465,610,2,13500.0,0.0,27000.0
13596,731,1,,1,977,1465,610,2,12600.0,2520.0,22680.0
13597,557,2,2,2,520,2,2802,3,16500.0,990.0,48510.0
13598,557,2,2,1,520,2,2802,3,10800.0,0.0,32400.0
13599,557,2,2,1,520,2,2802,3,13200.0,3960.0,35640.0
13600,1174,2,1,1,838,1,759,2,12600.0,504.0,24696.0
13601,745,1,,2,735,304,317,1,16500.0,825.0,15675.0
13602,745,1,,2,735,304,317,2,15750.0,3150.0,28350.0
13603,745,1,,1,735,304,317,1,12000.0,240.0,11760.0
13604,492,1,,1,898,2960,2832,3,12000.0,3600.0,32400.0
13605,835,2,4,2,499,4,1583,1,16500.0,330.0,16170.0
13606,835,2,4,1,499,4,1583,1,12600.0,1260.0,11340.0
13607,196,1,,1,555,2488,1000,3,12000.0,720.0,35280.0
13608,1468,2,2,2,540,2,,2,13500.0,2700.0,24300.0
13609,1468,2,2,2,540,2,,1,15000.0,1500.0,13500.0
13610,19,2,2,1,499,2,1263,1,12000.0,240.0,11760.0
13611,19,2,2,2,499,2,1263,2,13500.0,540.0,26460.0
13612,1042,1,,1,768,289,,3,12000.0,3600.0,32400.0
13613,495,1,,2,747,1751,1066,1,15000.0,0.0,15000.0
13614,743,2,1,2,752,1,2679,2,15000.0,3000.0,27000.0
13615,505,2,2,2,372,2,2317,3,15750.0,0.0,47250.0
13616,505,2,2,1,372,2,2317,3,12000.0,720.0,35280.0
13617,474,1,,1,488,1897,2959,3,12000.0,0.0,36000.0
13618,51,1,,1,594,1260,2493,1,10800.0,0.0,10800.0
13619,51,1,,2,594,1260,2493,2,13500.0,1350.0,25650.0
13620,882,1,,1,643,2820,2520,3,12000.0,1800.0,34200.0
13621,77,2,1,2,754,1,1758,2,15000.0,1500.0,28500.0
13622,77,2,1,1,754,1,1758,2,12600.0,2520.0,22680.0
13623,348,2,4,1,606,4,,3,10800.0,1620.0,30780.0
13624,348,2,4,1,606,4,,3,12000.0,3600.0,32400.0
13625,1381,1,,1,518,218,740,3,12000.0,720.0,35280.0
13626,1381,1,,1,518,218,740,2,12000.0,0.0,24000.0
13627,1381,1,,1,518,218,740,2,12000.0,0.0,24000.0
13628,552,1,,1,521,2700,43,1,12600.0,252.0,12348.0
13629,1184,1,,1,956,1200,,2,13200.0,0.0,26400.0
13630,873,1,,1,490,356,1022,3,12000.0,1800.0,34200.0
13631,744,1,,2,463,2220,2533,2,15000.0,3000.0,27000.0
13632,284,2,4,1,577,4,300,3,12000.0,1800.0,34200.0
13633,858,2,4,1,565,4,1832,2,12000.0,1200.0,22800.0
13634,858,2,4,2,565,4,1832,3,15750.0,4725.0,42525.0
13635,462,1,,1,822,2672,1640,2,12000.0,480.0,23520.0
13636,1489,2,4,1,813,4,1582,3,12000.0,1800.0,34200.0
13637,954,2,4,1,488,4,3046,3,12000.0,1800.0,34200.0
13638,897,2,2,1,696,2,2715,3,12000.0,0.0,36000.0
13639,897,2,2,2,696,2,2715,3,15000.0,900.0,44100.0
13640,715,1,,2,452,1856,,2,15750.0,1575.0,29925.0
13641,715,1,,2,452,1856,,2,15000.0,0.0,30000.0
13642,715,1,,1,452,1856,,3,12600.0,1890.0,35910.0
13643,498,1,,1,467,889,2279,3,12000.0,720.0,35280.0
13644,971,1,,1,913,656,325,1,13200.0,264.0,12936.0
13645,971,1,,2,913,656,325,2,15000.0,0.0,30000.0
13646,878,2,4,2,548,4,3001,3,16500.0,0.0,49500.0
13647,16,2,3,1,856,3,1292,1,12000.0,0.0,12000.0
13648,1491,2,2,2,486,2,301,3,15000.0,0.0,45000.0
13649,1491,2,2,1,486,2,301,2,12000.0,1200.0,22800.0
13650,404,2,1,2,858,1,31,2,15750.0,3150.0,28350.0
13651,177,1,,2,922,631,2067,3,15000.0,900.0,44100.0
13652,1445,1,,1,605,2863,693,2,12000.0,2400.0,21600.0
13653,409,1,,2,456,1969,1004,3,15000.0,2250.0,42750.0
13654,1073,2,4,2,454,4,827,1,15000.0,1500.0,13500.0
13655,692,2,4,1,520,4,2973,2,12000.0,2400.0,21600.0
13656,1230,1,,2,522,1612,554,1,13500.0,675.0,12825.0
13657,1488,1,,1,640,175,1364,1,10800.0,1080.0,9720.0
13658,1488,1,,1,640,175,1364,2,12000.0,1200.0,22800.0
13659,1203,1,,2,784,1524,,2,13500.0,540.0,26460.0
13660,1203,1,,2,784,1524,,2,15750.0,0.0,31500.0
13661,46,1,,1,860,20,2644,1,10800.0,0.0,10800.0
13662,757,1,,2,987,2053,846,3,15000.0,0.0,45000.0
13663,248,1,,1,398,3078,2560,1,12000.0,1200.0,10800.0
13664,1107,2,3,2,784,3,1406,1,13500.0,1350.0,12150.0
13665,1158,2,3,1,588,3,1761,1,12600.0,1260.0,11340.0
13666,102,1,,1,779,2806,911,2,12000.0,480.0,23520.0
13667,102,1,,2,779,2806,911,1,15000.0,1500.0,13500.0
13668,1250,1,,1,887,1987,772,2,12600.0,2520.0,22680.0
13669,100,2,4,1,368,4,1994,1,12000.0,0.0,12000.0
13670,40,1,,1,471,2477,1985,3,12000.0,3600.0,32400.0
13671,40,1,,1,471,2477,1985,3,10800.0,3240.0,29160.0
13672,956,1,,2,810,2563,2035,3,15000.0,4500.0,40500.0
13673,1463,1,,2,774,502,866,3,15750.0,2362.5,44887.5
13674,1247,2,2,1,816,2,823,1,12000.0,240.0,11760.0
13675,356,1,,1,900,2777,2534,3,10800.0,3240.0,29160.0
13676,69,1,,2,491,1454,1124,1,15750.0,1575.0,14175.0
13677,1428,2,2,1,593,2,1070,2,13200.0,528.0,25872.0
13678,1015,1,,1,455,1932,451,1,12000.0,600.0,11400.0
13679,1015,1,,2,455,1932,451,3,16500.0,0.0,49500.0
13680,57,1,,2,776,2854,144,3,16500.0,4950.0,44550.0
13681,864,1,,1,973,166,1315,2,12000.0,1200.0,22800.0
13682,864,1,,1,973,166,1315,3,13200.0,3960.0,35640.0
13683,1175,1,,1,413,2518,,1,13200.0,1320.0,11880.0
13684,981,1,,2,948,1880,450,1,15000.0,0.0,15000.0
13685,981,1,,1,948,1880,450,3,12000.0,3600.0,32400.0
13686,585,1,,1,483,1887,2737,1,12000.0,0.0,12000.0
13687,1317,1,,1,539,1290,1250,2,12600.0,0.0,25200.0
13688,798,2,4,2,598,4,550,3,15750.0,2362.5,44887.5
13689,798,2,4,1,598,4,550,1,12000.0,1200.0,10800.0
13690,149,1,,1,598,1200,2116,1,12000.0,1200.0,10800.0
13691,690,1,,1,892,45,743,2,12000.0,1200.0,22800.0
13692,1384,1,,1,571,168,1471,3,12600.0,1890.0,35910.0
13693,750,2,1,1,706,1,2840,2,12000.0,480.0,23520.0
13694,750,2,1,1,706,1,2840,1,12000.0,0.0,12000.0
13695,750,2,1,2,706,1,2840,2,13500.0,2700.0,24300.0
13696,874,2,3,2,887,3,652,3,15000.0,900.0,44100.0
13697,282,1,,1,790,3156,686,3,12600.0,3780.0,34020.0
13698,75,2,1,1,926,1,2630,2,13200.0,2640.0,23760.0
13699,994,1,,1,427,3145,2243,2,10800.0,0.0,21600.0
13700,634,1,,1,454,404,2063,1,12000.0,1200.0,10800.0
13701,748,1,,2,842,2345,908,3,15000.0,4500.0,40500.0
13702,835,2,2,2,433,2,267,2,13500.0,2700.0,24300.0
13703,11,1,,1,672,3177,1548,2,12600.0,2520.0,22680.0
13704,688,1,,1,496,349,2255,3,12600.0,3780.0,34020.0
13705,1460,1,,2,1002,1066,,3,15000.0,0.0,45000.0
13706,1406,1,,1,977,1604,2625,3,12600.0,756.0,37044.0
13707,334,2,1,1,559,1,2497,2,10800.0,432.0,21168.0
13708,880,1,,1,626,2136,605,2,10800.0,1080.0,20520.0
13709,814,2,4,2,380,4,2468,3,16500.0,990.0,48510.0
13710,1162,1,,2,458,2522,1153,2,15000.0,3000.0,27000.0
13711,867,2,3,2,753,3,2190,2,15000.0,0.0,30000.0
13712,867,2,3,2,753,3,2190,2,15000.0,600.0,29400.0
13713,682,2,1,2,402,1,1242,2,15000.0,1500.0,28500.0
13714,294,1,,2,450,1751,72,1,13500.0,0.0,13500.0
13715,294,1,,2,450,1751,72,2,15750.0,1575.0,29925.0
13716,294,1,,2,450,1751,72,2,15000.0,0.0,30000.0
13717,1061,2,4,2,858,4,286,1,16500.0,330.0,16170.0
13718,601,2,4,1,979,4,79,2,12600.0,1260.0,23940.0
13719,676,1,,1,463,2424,2902,1,12000.0,1200.0,10800.0
13720,232,1,,2,615,1017,401,3,15750.0,945.0,46305.0
13721,232,1,,1,615,1017,401,1,12600.0,630.0,11970.0
13722,232,1,,2,615,1017,401,3,15000.0,4500.0,40500.0
13723,417,1,,1,373,3184,2723,2,12000.0,480.0,23520.0
13724,393,1,,1,671,1854,2163,3,12000.0,1800.0,34200.0
13725,556,2,4,1,739,4,1036,3,12000.0,720.0,35280.0
13726,1029,2,4,2,643,4,2611,2,15750.0,0.0,31500.0
13727,588,1,,1,924,558,,1,12000.0,240.0,11760.0
13728,980,2,2,1,575,2,1136,2,12000.0,2400.0,21600.0
13729,118,1,,2,698,1275,3189,2,16500.0,1650.0,31350.0
13730,677,1,,1,779,2684,2433,3,12600.0,3780.0,34020.0
13731,26,1,,1,780,1985,2251,2,12000.0,2400.0,21600.0
13732,315,1,,2,961,1720,589,1,15000.0,300.0,14700.0
13733,315,1,,2,961,1720,589,2,13500.0,540.0,26460.0
13734,315,1,,2,961,1720,589,2,15000.0,0.0,30000.0
13735,867,1,,2,912,2351,505,3,15750.0,0.0,47250.0
13736,147,2,1,1,811,1,1533,3,13200.0,792.0,38808.0
13737,169,2,3,2,784,3,78,3,15000.0,0.0,45000.0
13738,148,2,3,2,838,3,1282,1,15000.0,300.0,14700.0
13739,1485,1,,2,609,382,1310,1,15000.0,0.0,15000.0
13740,1485,1,,2,609,382,1310,3,13500.0,4050.0,36450.0
13741,986,1,,2,918,2368,2699,2,13500.0,540.0,26460.0
13742,986,1,,2,918,2368,2699,3,15750.0,0.0,47250.0
13743,1300,2,2,1,567,2,,1,12000.0,240.0,11760.0
13744,1300,2,2,2,567,2,,3,13500.0,4050.0,36450.0
13745,904,1,,2,824,1033,529,1,15000.0,750.0,14250.0
13746,714,1,,2,773,1727,2874,3,15000.0,4500.0,40500.0
13747,714,1,,1,773,1727,2874,1,12000.0,0.0,12000.0
13748,864,1,,1,555,165,1114,2,10800.0,2160.0,19440.0
13749,1413,1,,1,795,1084,2800,2,12000.0,2400.0,21600.0
13750,496,1,,1,990,2803,3042,3,12600.0,0.0,37800.0
13751,1175,1,,2,579,1283,2008,2,15000.0,0.0,30000.0
13752,1175,1,,2,579,1283,2008,1,15000.0,750.0,14250.0
13753,1353,2,4,2,902,4,1502,3,13500.0,2025.0,38475.0
13754,1207,1,,2,984,2864,2299,1,15750.0,0.0,15750.0
13755,76,1,,2,870,2489,918,3,15000.0,4500.0,40500.0
13756,1245,1,,1,404,1921,2136,3,12000.0,720.0,35280.0
13757,1446,1,,2,427,1445,1774,3,15000.0,2250.0,42750.0
13758,1446,1,,1,427,1445,1774,2,12000.0,1200.0,22800.0
13759,389,2,2,2,472,2,1320,2,16500.0,1650.0,31350.0
13760,480,2,3,2,621,3,147,2,15000.0,600.0,29400.0
13761,480,2,3,1,621,3,147,1,12000.0,240.0,11760.0
13762,1096,2,3,1,699,3,770,1,10800.0,0.0,10800.0
13763,1096,2,3,2,699,3,770,1,16500.0,0.0,16500.0
13764,46,1,,2,514,2070,2256,1,15000.0,1500.0,13500.0
13765,46,1,,2,514,2070,2256,2,13500.0,0.0,27000.0
13766,924,2,3,2,815,3,954,3,15000.0,0.0,45000.0
13767,924,2,3,1,815,3,954,2,12600.0,0.0,25200.0
13768,168,1,,2,784,471,383,3,15000.0,900.0,44100.0
13769,1117,2,3,1,416,3,928,3,12000.0,3600.0,32400.0
13770,1117,2,3,1,416,3,928,2,12600.0,2520.0,22680.0
13771,658,1,,1,646,876,744,2,10800.0,0.0,21600.0
13772,98,1,,1,492,2425,456,1,12000.0,600.0,11400.0
13773,942,1,,2,447,2592,2553,1,15750.0,0.0,15750.0
13774,942,1,,2,447,2592,2553,1,15750.0,315.0,15435.0
13775,376,1,,2,559,1481,2418,1,15000.0,750.0,14250.0
13776,401,1,,2,629,583,1385,3,15000.0,4500.0,40500.0
13777,1477,1,,2,694,3122,2244,3,16500.0,2475.0,47025.0
13778,1124,1,,1,526,2302,2143,2,12000.0,1200.0,22800.0
13779,1124,1,,1,526,2302,2143,1,12000.0,600.0,11400.0
13780,446,1,,2,772,2457,1828,1,15750.0,1575.0,14175.0
13781,1106,2,2,1,478,2,408,1,12000.0,1200.0,10800.0
13782,1182,2,3,1,442,3,1502,2,12000.0,480.0,23520.0
13783,1433,1,,2,739,2294,1399,2,15000.0,3000.0,27000.0
13784,298,2,3,1,533,3,1768,1,13200.0,264.0,12936.0
13785,298,2,3,1,533,3,1768,3,13200.0,0.0,39600.0
13786,580,2,2,1,911,2,1168,2,12000.0,2400.0,21600.0
13787,878,2,2,2,631,2,2573,1,15000.0,750.0,14250.0
13788,878,2,2,1,631,2,2573,1,12600.0,630.0,11970.0
13789,671,1,,2,423,2289,3197,1,15000.0,0.0,15000.0
13790,542,2,3,2,909,3,1262,1,13500.0,0.0,13500.0
13791,215,1,,1,464,494,557,1,12000.0,0.0,12000.0
13792,69,1,,2,419,2902,2141,1,16500.0,0.0,16500.0
13793,1414,2,3,1,822,3,2913,2,12000.0,2400.0,21600.0
13794,1414,2,3,1,822,3,2913,3,12000.0,3600.0,32400.0
13795,335,1,,2,505,3159,1834,1,15000.0,750.0,14250.0
13796,436,2,4,1,802,4,1271,3,12000.0,1800.0,34200.0
13797,1309,1,,2,432,2422,1571,3,15000.0,900.0,44100.0
13798,1085,2,4,2,982,4,1799,2,15750.0,630.0,30870.0
13799,504,1,,2,700,2201,425,2,15000.0,1500.0,28500.0
13800,12,1,,2,807,928,104,3,13500.0,0.0,40500.0
13801,545,2,1,1,1001,1,980,3,13200.0,792.0,38808.0
13802,162,1,,1,519,3135,220,1,13200.0,660.0,12540.0
13803,1399,1,,2,801,203,,3,13500.0,810.0,39690.0
13804,1399,1,,2,801,203,,1,15000.0,300.0,14700.0
13805,1309,1,,1,671,480,2870,2,12000.0,1200.0,22800.0
13806,1381,1,,2,603,2012,2280,3,15000.0,4500.0,40500.0
13807,662,1,,1,485,622,1905,2,12000.0,480.0,23520.0
13808,662,1,,2,485,622,1905,1,15000.0,1500.0,13500.0
13809,799,1,,2,470,2812,2357,2,15000.0,0.0,30000.0
13810,737,1,,2,745,2910,,2,15000.0,600.0,29400.0
13811,737,1,,1,745,2910,,1,12000.0,240.0,11760.0
13812,1124,1,,1,572,1034,2823,2,13200.0,0.0,26400.0
13813,452,1,,1,862,1565,1243,2,12000.0,2400.0,21600.0
13814,599,1,,1,978,445,1436,3,12000.0,720.0,35280.0
13815,1122,1,,1,378,951,2328,1,10800.0,540.0,10260.0
13816,94,2,3,1,387,3,2804,1,12000.0,600.0,11400.0
13817,94,2,3,2,387,3,2804,3,15000.0,900.0,44100.0
13818,1368,2,3,2,783,3,1955,1,16500.0,825.0,15675.0
13819,1247,1,,1,638,2116,885,3,12600.0,0.0,37800.0
13820,65,2,4,2,830,4,460,1,15000.0,300.0,14700.0
13821,1182,2,1,1,680,1,3023,2,13200.0,2640.0,23760.0
13822,833,1,,1,895,1340,,1,12000.0,600.0,11400.0
13823,833,1,,1,895,1340,,3,12000.0,0.0,36000.0
13824,41,1,,1,434,2962,1763,2,12000.0,0.0,24000.0
13825,217,2,3,1,380,3,250,2,12000.0,480.0,23520.0
13826,217,2,3,1,380,3,250,2,13200.0,528.0,25872.0
13827,479,2,3,1,391,3,1822,2,12000.0,480.0,23520.0
13828,1295,2,1,1,849,1,,3,12000.0,0.0,36000.0
13829,644,2,4,2,651,4,,2,16500.0,0.0,33000.0
13830,1355,1,,2,455,2702,3190,1,15000.0,0.0,15000.0
13831,1193,2,4,2,447,4,1109,1,16500.0,330.0,16170.0
13832,324,1,,1,392,1393,3163,2,10800.0,1080.0,20520.0
13833,503,1,,2,695,2425,384,1,15000.0,300.0,14700.0
13834,455,1,,1,930,2271,2695,3,10800.0,1620.0,30780.0
13835,455,1,,1,930,2271,2695,2,10800.0,432.0,21168.0
13836,1072,1,,2,807,2401,1529,2,15000.0,0.0,30000.0
13837,1072,1,,2,807,2401,1529,2,15000.0,0.0,30000.0
13838,351,1,,1,695,648,,1,12000.0,600.0,11400.0
13839,175,1,,2,903,2315,2029,2,15000.0,0.0,30000.0
13840,1174,1,,1,716,2693,2932,2,13200.0,2640.0,23760.0
13841,1182,1,,2,912,1608,,3,13500.0,4050.0,36450.0
13842,75,2,3,2,368,3,1351,3,15000.0,900.0,44100.0
13843,75,2,3,2,368,3,1351,3,15000.0,0.0,45000.0
13844,846,2,4,1,623,4,1878,3,12000.0,3600.0,32400.0
13845,855,2,1,2,994,1,,2,16500.0,0.0,33000.0
13846,855,2,1,1,994,1,,3,12000.0,1800.0,34200.0
13847,1424,1,,1,782,1056,729,3,12000.0,720.0,35280.0
13848,18,2,4,1,498,4,564,2,10800.0,1080.0,20520.0
13849,18,2,4,1,498,4,564,2,12000.0,2400.0,21600.0
13850,797,1,,2,454,1169,2243,1,16500.0,825.0,15675.0
13851,234,1,,1,741,1591,1178,2,12000.0,2400.0,21600.0
13852,234,1,,1,741,1591,1178,2,12000.0,0.0,24000.0
13853,921,2,4,2,979,4,3101,1,15000.0,1500.0,13500.0
13854,921,2,4,1,979,4,3101,2,12000.0,2400.0,21600.0
13855,1293,1,,1,673,2568,1279,2,10800.0,1080.0,20520.0
13856,78,1,,1,853,2719,81,3,10800.0,3240.0,29160.0
13857,970,2,2,1,713,2,294,1,10800.0,1080.0,9720.0
13858,27,2,1,2,714,1,868,2,15750.0,3150.0,28350.0
13859,965,1,,1,869,2964,2738,3,12600.0,1890.0,35910.0
13860,1463,1,,2,442,1188,,2,15750.0,3150.0,28350.0
13861,1463,1,,2,442,1188,,2,13500.0,0.0,27000.0
13862,330,1,,1,753,2302,734,2,12000.0,1200.0,22800.0
13863,330,1,,2,753,2302,734,2,15750.0,0.0,31500.0
13864,57,2,4,1,813,4,280,1,12600.0,630.0,11970.0
13865,57,2,4,1,813,4,280,2,12000.0,1200.0,22800.0
13866,57,2,4,2,813,4,280,3,15000.0,2250.0,42750.0
13867,538,1,,1,946,79,1200,2,12000.0,0.0,24000.0
13868,538,1,,2,946,79,1200,1,15000.0,300.0,14700.0
13869,538,1,,2,946,79,1200,1,15000.0,300.0,14700.0
13870,695,2,1,1,400,1,470,1,12000.0,1200.0,10800.0
13871,948,1,,1,857,1649,1044,1,10800.0,540.0,10260.0
13872,948,1,,2,857,1649,1044,3,15000.0,4500.0,40500.0
13873,39,2,3,1,579,3,1516,2,12000.0,0.0,24000.0
13874,472,1,,2,448,1279,155,2,15000.0,1500.0,28500.0
13875,1347,2,3,2,473,3,2350,2,13500.0,540.0,26460.0
13876,1347,2,3,1,473,3,2350,2,12000.0,1200.0,22800.0
13877,582,2,2,1,997,2,1363,2,12000.0,2400.0,21600.0
13878,271,1,,1,657,1500,213,3,12000.0,0.0,36000.0
13879,87,1,,1,407,1888,2695,3,10800.0,648.0,31752.0
13880,87,1,,1,407,1888,2695,2,12600.0,504.0,24696.0
13881,1150,1,,1,938,462,3006,3,12600.0,3780.0,34020.0
13882,1298,2,1,2,711,1,588,1,15000.0,0.0,15000.0
13883,115,1,,2,564,2700,,1,15000.0,750.0,14250.0
13884,672,1,,2,851,40,1710,2,15000.0,0.0,30000.0
13885,1379,1,,1,912,2213,770,3,12000.0,1800.0,34200.0
13886,1379,1,,1,912,2213,770,2,12600.0,504.0,24696.0
13887,956,1,,1,817,2639,2862,1,10800.0,0.0,10800.0
13888,956,1,,1,817,2639,2862,2,10800.0,432.0,21168.0
13889,956,1,,1,817,2639,2862,3,10800.0,0.0,32400.0
13890,1177,2,1,1,500,1,,1,12000.0,240.0,11760.0
13891,476,2,4,1,983,4,2542,3,12000.0,1800.0,34200.0
13892,476,2,4,1,983,4,2542,1,12000.0,1200.0,10800.0
13893,1393,1,,2,664,45,386,2,15000.0,600.0,29400.0
13894,311,2,1,2,522,1,3108,2,15750.0,630.0,30870.0
13895,546,2,1,2,898,1,1485,3,15000.0,4500.0,40500.0
13896,546,2,1,1,898,1,1485,3,12000.0,0.0,36000.0
13897,546,2,1,1,898,1,1485,1,12000.0,1200.0,10800.0
13898,187,1,,1,550,664,2852,3,12000.0,0.0,36000.0
13899,187,1,,1,550,664,2852,2,12000.0,0.0,24000.0
13900,515,2,4,1,785,4,2535,2,12000.0,480.0,23520.0
13901,641,2,4,1,941,4,1712,1,12000.0,600.0,11400.0
13902,1169,1,,1,876,2880,2898,2,12600.0,504.0,24696.0
13903,459,2,4,1,480,4,1850,2,12000.0,0.0,24000.0
13904,190,1,,1,862,1408,295,3,12000.0,0.0,36000.0
13905,781,1,,1,894,1414,2110,2,12000.0,2400.0,21600.0
13906,581,2,1,1,956,1,331,3,12000.0,3600.0,32400.0
13907,581,2,1,1,956,1,331,3,12000.0,3600.0,32400.0
13908,1105,1,,2,660,1496,1953,3,15000.0,4500.0,40500.0
13909,1105,1,,1,660,1496,1953,3,12000.0,720.0,35280.0
13910,1105,1,,2,660,1496,1953,3,15000.0,0.0,45000.0
13911,1144,1,,2,839,2533,917,3,15000.0,2250.0,42750.0
13912,359,1,,2,627,831,2647,2,15000.0,600.0,29400.0
13913,517,1,,1,445,2059,1854,2,12000.0,1200.0,22800.0
13914,517,1,,2,445,2059,1854,2,13500.0,540.0,26460.0
13915,589,1,,2,514,1743,1431,1,15750.0,1575.0,14175.0
13916,777,2,3,1,654,3,2017,2,12000.0,0.0,24000.0
13917,67,1,,2,868,8,2675,2,15000.0,600.0,29400.0
13918,67,1,,1,868,8,2675,3,12600.0,1890.0,35910.0
13919,1268,2,1,1,533,1,796,1,12600.0,1260.0,11340.0
13920,121,2,4,1,529,4,67,3,12000.0,0.0,36000.0
13921,140,1,,1,804,3119,2979,3,13200.0,0.0,39600.0
13922,1453,1,,1,451,1376,1213,3,12000.0,0.0,36000.0
13923,1453,1,,2,451,1376,1213,1,15000.0,300.0,14700.0
13924,1337,2,1,1,474,1,601,3,12000.0,3600.0,32400.0
13925,1337,2,1,1,474,1,601,3,12000.0,720.0,35280.0
13926,1223,2,4,2,482,4,862,2,15000.0,3000.0,27000.0
13927,897,1,,1,381,3023,2658,3,12000.0,720.0,35280.0
13928,1098,1,,1,435,1206,,3,10800.0,0.0,32400.0
13929,1134,2,3,2,804,3,,3,15000.0,0.0,45000.0
13930,1134,2,3,1,804,3,,2,12000.0,0.0,24000.0
13931,679,2,4,2,869,4,2922,1,13500.0,1350.0,12150.0
13932,672,1,,1,982,894,459,3,12600.0,0.0,37800.0
13933,1405,1,,1,996,145,2492,2,12600.0,2520.0,22680.0
13934,922,2,3,2,397,3,2079,3,15750.0,945.0,46305.0
13935,33,1,,2,532,1000,2950,2,15000.0,1500.0,28500.0
13936,109,2,4,2,775,4,1125,3,15000.0,900.0,44100.0
13937,423,1,,1,925,3104,3041,2,12000.0,480.0,23520.0
13938,423,1,,1,925,3104,3041,2,12000.0,0.0,24000.0
13939,423,1,,2,925,3104,3041,1,13500.0,1350.0,12150.0
13940,1254,1,,1,787,1140,868,3,12000.0,1800.0,34200.0
13941,1254,1,,2,787,1140,868,1,15000.0,300.0,14700.0
13942,1254,1,,1,787,1140,868,3,12000.0,3600.0,32400.0
13943,895,1,,1,997,809,88,2,12000.0,1200.0,22800.0
13944,895,1,,1,997,809,88,3,10800.0,1620.0,30780.0
13945,745,2,4,1,429,4,2944,3,12000.0,0.0,36000.0
13946,363,2,4,2,499,4,2325,3,15750.0,4725.0,42525.0
13947,700,2,1,1,510,1,2759,2,13200.0,0.0,26400.0
13948,126,1,,2,390,2936,2089,2,15750.0,0.0,31500.0
13949,296,2,4,2,545,4,2637,3,16500.0,2475.0,47025.0
13950,185,2,3,1,404,3,3014,1,12600.0,1260.0,11340.0
13951,492,1,,2,914,426,160,3,15000.0,900.0,44100.0
13952,492,1,,1,914,426,160,1,12000.0,240.0,11760.0
13953,745,1,,2,727,1283,2252,2,15000.0,0.0,30000.0
13954,581,2,3,2,888,3,2407,1,15000.0,0.0,15000.0
13955,553,2,3,1,909,3,998,3,12000.0,720.0,35280.0
13956,386,2,4,1,481,4,,2,10800.0,1080.0,20520.0
13957,838,1,,2,754,815,938,2,15000.0,3000.0,27000.0
13958,838,1,,2,754,815,938,2,15000.0,3000.0,27000.0
13959,126,2,2,1,522,2,2513,1,12600.0,630.0,11970.0
13960,126,2,2,2,522,2,2513,1,15000.0,300.0,14700.0
13961,866,1,,1,705,1700,762,3,12000.0,1800.0,34200.0
13962,1010,1,,2,810,2145,,2,15000.0,0.0,30000.0
13963,1010,1,,2,810,2145,,3,15000.0,900.0,44100.0
13964,224,1,,2,664,3174,,3,15000.0,0.0,45000.0
13965,1263,2,3,1,685,3,2854,1,12000.0,0.0,12000.0
13966,570,1,,1,786,136,596,3,12600.0,756.0,37044.0
13967,650,2,4,1,551,4,159,2,12000.0,480.0,23520.0
13968,1348,1,,1,779,2384,553,1,12000.0,600.0,11400.0
13969,72,2,2,1,748,2,2799,1,12600.0,252.0,12348.0
13970,238,1,,2,807,813,1336,1,16500.0,1650.0,14850.0
13971,238,1,,1,807,813,1336,1,12600.0,0.0,12600.0
13972,809,1,,2,428,2903,2518,1,15750.0,315.0,15435.0
13973,809,1,,2,428,2903,2518,3,15000.0,900.0,44100.0
13974,542,1,,1,964,2398,1989,2,12000.0,0.0,24000.0
13975,1471,2,1,2,956,1,2265,3,16500.0,0.0,49500.0
13976,18,2,4,2,840,4,,1,15000.0,0.0,15000.0
13977,93,1,,2,717,2881,164,1,15000.0,0.0,15000.0
13978,666,1,,2,947,657,328,3,15000.0,2250.0,42750.0
13979,147,2,2,2,405,2,2107,3,15000.0,0.0,45000.0
13980,168,1,,2,965,1968,925,3,15000.0,4500.0,40500.0
13981,168,1,,1,965,1968,925,3,12000.0,1800.0,34200.0
13982,168,1,,2,965,1968,925,3,15000.0,0.0,45000.0
13983,305,1,,1,933,2846,2311,3,12000.0,3600.0,32400.0
13984,816,1,,1,505,3167,874,1,12000.0,240.0,11760.0
13985,816,1,,1,505,3167,874,2,12000.0,0.0,24000.0
13986,1173,2,4,1,678,4,1144,1,12000.0,240.0,11760.0
13987,524,2,2,1,626,2,1650,3,12000.0,3600.0,32400.0
13988,524,2,2,1,626,2,1650,3,13200.0,1980.0,37620.0
13989,688,1,,1,909,1691,2218,2,10800.0,1080.0,20520.0
13990,688,1,,2,909,1691,2218,2,15000.0,600.0,29400.0
13991,245,1,,2,969,173,639,1,15000.0,300.0,14700.0
13992,245,1,,2,969,173,639,1,15000.0,1500.0,13500.0
13993,422,2,1,1,583,1,3103,2,10800.0,1080.0,20520.0
13994,716,2,4,1,1002,4,1971,3,12000.0,720.0,35280.0
13995,716,2,4,1,1002,4,1971,1,12000.0,600.0,11400.0
13996,744,2,3,2,909,3,788,2,15000.0,1500.0,28500.0
13997,614,2,1,1,629,1,19,2,12000.0,480.0,23520.0
13998,716,1,,1,687,3135,734,1,12000.0,0.0,12000.0
13999,716,1,,1,687,3135,734,1,12000.0,240.0,11760.0
14000,258,2,4,1,889,4,,1,10800.0,1080.0,9720.0
14001,1139,2,4,2,450,4,1958,1,15000.0,750.0,14250.0
14002,1139,2,4,1,450,4,1958,1,12000.0,600.0,11400.0
14003,171,1,,1,941,1867,2758,2,12000.0,2400.0,21600.0
14004,896,1,,1,764,1876,2866,1,12000.0,240.0,11760.0
14005,1332,1,,2,933,2201,1924,1,15000.0,0.0,15000.0
14006,682,1,,2,656,700,342,3,16500.0,990.0,48510.0
14007,1265,2,1,1,998,1,2846,3,12000.0,720.0,35280.0
14008,234,1,,1,413,2176,2477,1,12000.0,600.0,11400.0
14009,1145,1,,1,405,1103,901,3,12000.0,720.0,35280.0
14010,965,1,,2,817,3034,714,1,15000.0,750.0,14250.0
14011,47,1,,1,855,3010,3000,2,12000.0,2400.0,21600.0
14012,501,1,,1,875,1228,1545,2,12000.0,0.0,24000.0
14013,716,1,,1,865,2762,177,3,12000.0,0.0,36000.0
14014,848,1,,1,636,2273,882,1,13200.0,0.0,13200.0
14015,574,2,2,2,849,2,,3,16500.0,0.0,49500.0
14016,361,1,,1,993,2960,576,1,12000.0,0.0,12000.0
14017,565,2,2,1,375,2,2465,3,12000.0,1800.0,34200.0
14018,565,2,2,1,375,2,2465,3,13200.0,1980.0,37620.0
14019,1233,1,,2,623,1532,847,2,16500.0,3300.0,29700.0
14020,433,2,2,2,607,2,,2,15000.0,0.0,30000.0
14021,66,1,,1,759,911,3183,2,12000.0,480.0,23520.0
14022,898,2,1,1,792,1,1829,3,12000.0,3600.0,32400.0
14023,1130,1,,2,961,438,,3,15000.0,0.0,45000.0
14024,1130,1,,1,961,438,,1,12000.0,0.0,12000.0
14025,892,1,,2,539,1182,888,2,13500.0,2700.0,24300.0
14026,892,1,,2,539,1182,888,3,15000.0,2250.0,42750.0
14027,972,2,1,2,444,1,563,1,13500.0,270.0,13230.0
14028,486,1,,1,609,854,2514,2,12000.0,1200.0,22800.0
14029,486,1,,2,609,854,2514,3,15000.0,0.0,45000.0
14030,486,1,,2,609,854,2514,1,13500.0,1350.0,12150.0
14031,173,1,,2,963,1062,,3,15000.0,900.0,44100.0
14032,238,2,4,1,535,4,1000,1,10800.0,216.0,10584.0
14033,992,1,,1,992,2205,,3,12000.0,3600.0,32400.0
14034,341,1,,1,759,2928,1778,2,12600.0,2520.0,22680.0
14035,341,1,,2,759,2928,1778,3,15000.0,2250.0,42750.0
14036,1321,2,3,1,845,3,746,1,12600.0,1260.0,11340.0
14037,1321,2,3,1,845,3,746,3,13200.0,792.0,38808.0
14038,1334,2,2,2,612,2,2601,1,15000.0,300.0,14700.0
14039,315,2,1,2,471,1,2142,2,15000.0,1500.0,28500.0
14040,315,2,1,1,471,1,2142,3,12000.0,720.0,35280.0
14041,315,2,1,1,471,1,2142,2,12000.0,0.0,24000.0
14042,839,1,,2,482,1900,1041,3,16500.0,4950.0,44550.0
14043,643,1,,1,467,214,2297,2,10800.0,432.0,21168.0
14044,643,1,,1,467,214,2297,1,12000.0,1200.0,10800.0
14045,643,1,,1,467,214,2297,2,12000.0,1200.0,22800.0
14046,196,2,2,1,506,2,2544,2,10800.0,2160.0,19440.0
14047,1194,2,2,1,450,2,336,2,12000.0,2400.0,21600.0
14048,1194,2,2,1,450,2,336,1,12600.0,1260.0,11340.0
14049,1331,2,2,2,634,2,633,2,15750.0,0.0,31500.0
14050,1253,2,1,1,653,1,1513,1,12000.0,1200.0,10800.0
14051,878,1,,1,600,259,1492,2,10800.0,0.0,21600.0
14052,862,1,,1,781,2229,1663,3,12000.0,0.0,36000.0
14053,714,2,4,2,564,4,2070,2,13500.0,2700.0,24300.0
14054,534,2,4,2,552,4,2952,3,13500.0,4050.0,36450.0
14055,534,2,4,1,552,4,2952,3,12000.0,1800.0,34200.0
14056,1062,2,3,2,500,3,1140,2,15750.0,3150.0,28350.0
14057,1234,2,2,2,820,2,2861,1,15000.0,1500.0,13500.0
14058,1234,2,2,1,820,2,2861,2,12000.0,0.0,24000.0
14059,947,1,,2,598,766,287,3,15000.0,900.0,44100.0
14060,880,2,4,2,843,4,229,1,15000.0,1500.0,13500.0
14061,1195,1,,2,747,1101,1854,1,15000.0,0.0,15000.0
14062,1195,1,,2,747,1101,1854,2,15750.0,3150.0,28350.0
14063,862,1,,1,674,1926,2262,1,12000.0,1200.0,10800.0
14064,897,1,,1,986,352,1275,3,12000.0,3600.0,32400.0
14065,594,1,,2,462,2595,320,1,16500.0,1650.0,14850.0
14066,1234,1,,1,396,2815,53,3,12000.0,0.0,36000.0
14067,952,2,1,2,700,1,519,2,13500.0,1350.0,25650.0
14068,410,2,3,2,952,3,,1,15750.0,315.0,15435.0
14069,951,2,2,1,845,2,1653,3,12600.0,3780.0,34020.0
14070,71,2,2,2,938,2,1590,2,15750.0,1575.0,29925.0
14071,1245,1,,2,578,673,2723,2,15750.0,630.0,30870.0
14072,1245,1,,2,578,673,2723,3,13500.0,0.0,40500.0
14073,1245,1,,1,578,673,2723,1,12000.0,1200.0,10800.0
14074,244,2,3,1,464,3,3169,3,10800.0,648.0,31752.0
14075,776,2,1,2,461,1,2098,3,15000.0,900.0,44100.0
14076,1245,2,3,2,884,3,3025,3,16500.0,2475.0,47025.0
14077,822,2,4,1,935,4,1064,2,12000.0,2400.0,21600.0
14078,822,2,4,1,935,4,1064,1,12000.0,1200.0,10800.0
14079,602,2,4,1,401,4,1861,1,10800.0,0.0,10800.0
14080,803,1,,1,762,508,1553,1,12000.0,600.0,11400.0
14081,803,1,,1,762,508,1553,3,12600.0,0.0,37800.0
14082,1309,2,1,2,797,1,2048,3,13500.0,0.0,40500.0
14083,204,1,,1,983,1958,1507,1,12000.0,240.0,11760.0
14084,1489,1,,2,539,2812,393,1,15750.0,1575.0,14175.0
14085,8,1,,2,920,924,2,1,15000.0,1500.0,13500.0
14086,8,1,,2,920,924,2,2,13500.0,0.0,27000.0
14087,196,1,,2,939,2602,314,1,13500.0,1350.0,12150.0
14088,479,1,,2,502,989,730,2,13500.0,2700.0,24300.0
14089,479,1,,1,502,989,730,2,12000.0,1200.0,22800.0
14090,1107,1,,1,620,1174,2817,1,10800.0,1080.0,9720.0
14091,1107,1,,2,620,1174,2817,1,15000.0,1500.0,13500.0
14092,384,2,4,1,724,4,276,2,12000.0,2400.0,21600.0
14093,206,1,,2,822,1502,798,3,15750.0,4725.0,42525.0
14094,206,1,,1,822,1502,798,3,12000.0,0.0,36000.0
14095,928,2,1,1,411,1,,1,13200.0,660.0,12540.0
14096,672,1,,1,993,1953,2979,1,12600.0,0.0,12600.0
14097,876,2,2,1,560,2,3152,2,12600.0,0.0,25200.0
14098,980,1,,2,709,1089,,2,13500.0,540.0,26460.0
14099,980,1,,2,709,1089,,1,16500.0,1650.0,14850.0
14100,471,1,,2,701,1411,,3,16500.0,0.0,49500.0
14101,471,1,,1,701,1411,,2,12000.0,480.0,23520.0
14102,32,2,4,2,387,4,1673,3,16500.0,2475.0,47025.0
14103,32,2,4,1,387,4,1673,2,12600.0,504.0,24696.0
14104,32,2,4,1,387,4,1673,2,12600.0,1260.0,23940.0
14105,714,1,,2,620,1733,944,1,15000.0,0.0,15000.0
14106,53,2,2,2,666,2,1906,3,15000.0,900.0,44100.0
14107,140,2,1,2,594,1,1413,1,15750.0,1575.0,14175.0
14108,140,2,1,1,594,1,1413,2,12600.0,504.0,24696.0
14109,986,1,,2,516,268,2719,3,15000.0,4500.0,40500.0
14110,986,1,,2,516,268,2719,1,15000.0,750.0,14250.0
14111,986,1,,2,516,268,2719,3,15000.0,900.0,44100.0
14112,1103,1,,1,987,1391,1627,1,12600.0,0.0,12600.0
14113,1103,1,,2,987,1391,1627,2,16500.0,0.0,33000.0
14114,1034,2,2,1,956,2,2395,2,12000.0,0.0,24000.0
14115,275,2,4,1,736,4,142,3,12000.0,1800.0,34200.0
14116,275,2,4,2,736,4,142,3,16500.0,990.0,48510.0
14117,263,2,4,1,783,4,79,3,13200.0,1980.0,37620.0
14118,922,2,4,1,844,4,2871,2,12000.0,0.0,24000.0
14119,922,2,4,2,844,4,2871,2,15750.0,0.0,31500.0
14120,1068,2,3,2,647,3,2109,1,13500.0,0.0,13500.0
14121,1316,1,,2,820,2357,2408,1,15000.0,1500.0,13500.0
14122,506,1,,2,454,2213,1257,1,15750.0,0.0,15750.0
14123,506,1,,2,454,2213,1257,1,15000.0,1500.0,13500.0
14124,1258,1,,1,918,519,3023,2,12000.0,1200.0,22800.0
14125,349,1,,2,803,1862,3050,2,13500.0,540.0,26460.0
14126,476,2,2,2,481,2,,2,15750.0,0.0,31500.0
14127,476,2,2,1,481,2,,2,13200.0,528.0,25872.0
14128,1468,1,,2,947,430,878,1,15750.0,0.0,15750.0
14129,885,1,,2,1004,1451,2179,2,13500.0,540.0,26460.0
14130,885,1,,2,1004,1451,2179,3,15000.0,0.0,45000.0
14131,1288,2,1,1,701,1,560,2,12600.0,0.0,25200.0
14132,1439,2,4,1,681,4,,2,12600.0,0.0,25200.0
14133,730,2,2,1,573,2,127,3,12600.0,756.0,37044.0
14134,194,2,4,1,423,4,774,3,12000.0,1800.0,34200.0
14135,194,2,4,2,423,4,774,3,13500.0,2025.0,38475.0
14136,194,2,4,2,423,4,774,1,16500.0,0.0,16500.0
14137,163,1,,1,894,2025,,2,12000.0,2400.0,21600.0
14138,286,2,2,2,915,2,,3,13500.0,2025.0,38475.0
14139,107,1,,1,412,2953,1650,2,12000.0,480.0,23520.0
14140,107,1,,1,412,2953,1650,3,12000.0,0.0,36000.0
14141,1039,1,,2,879,2286,1541,3,13500.0,810.0,39690.0
14142,1039,1,,1,879,2286,1541,2,12000.0,480.0,23520.0
14143,411,1,,1,938,327,,1,12000.0,240.0,11760.0
14144,385,1,,1,590,2404,826,1,10800.0,216.0,10584.0
14145,713,1,,2,825,2588,1936,1,15000.0,750.0,14250.0
14146,819,1,,2,649,3118,,1,15000.0,0.0,15000.0
14147,819,1,,2,649,3118,,2,15000.0,0.0,30000.0
14148,315,2,2,1,801,2,407,1,13200.0,660.0,12540.0
14149,130,1,,1,906,1281,1178,2,13200.0,2640.0,23760.0
14150,895,2,1,2,556,1,1076,1,15000.0,300.0,14700.0
14151,1337,1,,1,566,2048,2106,3,12600.0,3780.0,34020.0
14152,1337,1,,2,566,2048,2106,2,15000.0,0.0,30000.0
14153,919,2,2,2,959,2,184,3,15750.0,945.0,46305.0
14154,318,2,4,1,914,4,2682,2,12000.0,2400.0,21600.0
14155,354,1,,2,542,1817,,2,16500.0,1650.0,31350.0
14156,906,2,3,2,406,3,272,1,15000.0,0.0,15000.0
14157,906,2,3,2,406,3,272,2,16500.0,0.0,33000.0
14158,963,2,2,2,491,2,,2,15000.0,0.0,30000.0
14159,913,1,,2,971,365,,3,15000.0,4500.0,40500.0
14160,1382,2,2,2,693,2,1926,1,15750.0,1575.0,14175.0
14161,1382,2,2,2,693,2,1926,1,15000.0,750.0,14250.0
14162,1044,1,,1,384,2236,310,1,12600.0,252.0,12348.0
14163,1044,1,,1,384,2236,310,1,12000.0,600.0,11400.0
14164,431,1,,1,749,2349,221,3,10800.0,0.0,32400.0
14165,431,1,,1,749,2349,221,1,12000.0,240.0,11760.0
14166,431,1,,1,749,2349,221,3,12000.0,1800.0,34200.0
14167,2,1,,2,919,1488,2001,1,13500.0,0.0,13500.0
14168,983,2,1,1,638,1,1737,3,12000.0,0.0,36000.0
14169,669,1,,1,545,2089,2729,2,12000.0,1200.0,22800.0
14170,436,2,2,1,989,2,882,1,12000.0,0.0,12000.0
14171,27,1,,2,534,1522,1770,3,13500.0,0.0,40500.0
14172,27,1,,2,534,1522,1770,3,15000.0,4500.0,40500.0
14173,96,1,,2,575,907,335,3,15000.0,0.0,45000.0
14174,827,2,3,1,729,3,1012,2,10800.0,0.0,21600.0
14175,827,2,3,1,729,3,1012,2,12000.0,480.0,23520.0
14176,375,2,1,2,520,1,521,2,15750.0,3150.0,28350.0
14177,1236,1,,2,502,2008,2695,1,15000.0,750.0,14250.0
14178,1232,2,3,1,557,3,659,2,12000.0,1200.0,22800.0
14179,731,1,,1,390,1450,3028,3,12000.0,0.0,36000.0
14180,731,1,,2,390,1450,3028,1,15750.0,315.0,15435.0
14181,731,1,,1,390,1450,3028,2,12000.0,2400.0,21600.0
14182,898,1,,1,651,1102,2057,2,12000.0,0.0,24000.0
14183,1169,2,4,2,545,4,2591,1,15000.0,300.0,14700.0
14184,826,1,,2,482,338,1340,2,13500.0,2700.0,24300.0
14185,593,1,,1,937,609,2770,1,12600.0,0.0,12600.0
14186,751,1,,1,623,731,2652,2,12000.0,0.0,24000.0
14187,1316,2,2,2,996,2,2549,3,15000.0,900.0,44100.0
14188,907,2,3,2,553,3,,2,15000.0,0.0,30000.0
14189,1110,1,,2,728,425,14,2,16500.0,1650.0,31350.0
14190,855,2,4,2,381,4,1157,2,15000.0,0.0,30000.0
14191,1244,1,,1,681,1840,644,3,12000.0,720.0,35280.0
14192,722,1,,2,748,2807,1274,2,15000.0,3000.0,27000.0
14193,119,1,,1,406,1674,1415,2,12000.0,1200.0,22800.0
14194,228,1,,2,843,1102,640,2,15000.0,0.0,30000.0
14195,166,2,2,1,782,2,1554,1,12000.0,600.0,11400.0
14196,166,2,2,1,782,2,1554,1,12000.0,1200.0,10800.0
14197,460,2,1,2,997,1,654,3,15000.0,2250.0,42750.0
14198,1371,1,,1,882,1478,,3,10800.0,0.0,32400.0
14199,301,2,4,2,434,4,,3,15000.0,4500.0,40500.0
14200,1280,1,,2,553,183,1064,3,15000.0,2250.0,42750.0
14201,793,1,,1,872,2787,1667,1,10800.0,540.0,10260.0
14202,906,1,,1,647,3020,2632,1,12000.0,240.0,11760.0
14203,68,1,,1,982,2479,41,2,12000.0,0.0,24000.0
14204,585,1,,1,958,2371,1468,1,12000.0,240.0,11760.0
14205,585,1,,1,958,2371,1468,3,10800.0,648.0,31752.0
14206,367,1,,1,669,872,1456,2,12000.0,480.0,23520.0
14207,624,1,,1,453,3145,,3,12600.0,756.0,37044.0
14208,624,1,,1,453,3145,,3,12000.0,720.0,35280.0
14209,1411,1,,1,746,2613,2588,1,13200.0,660.0,12540.0
14210,1411,1,,1,746,2613,2588,2,13200.0,528.0,25872.0
14211,1102,1,,2,541,674,1070,1,16500.0,825.0,15675.0
14212,1345,1,,1,856,1358,635,3,12000.0,720.0,35280.0
14213,1345,1,,1,856,1358,635,1,10800.0,216.0,10584.0
14214,1345,1,,1,856,1358,635,1,12000.0,600.0,11400.0
14215,302,2,4,2,833,4,3167,2,15000.0,1500.0,28500.0
14216,792,2,1,1,515,1,262,2,12000.0,0.0,24000.0
14217,1375,2,1,2,526,1,2857,3,15000.0,900.0,44100.0
14218,1375,2,1,1,526,1,2857,1,12000.0,600.0,11400.0
14219,1012,2,3,2,387,3,1775,2,15750.0,0.0,31500.0
14220,1012,2,3,1,387,3,1775,3,12600.0,0.0,37800.0
14221,620,1,,2,439,1347,3010,1,15000.0,750.0,14250.0
14222,414,1,,2,841,2316,330,1,15750.0,1575.0,14175.0
14223,905,2,3,1,979,3,1951,1,12000.0,0.0,12000.0
14224,1104,1,,2,407,105,3189,3,15000.0,0.0,45000.0
14225,213,2,4,1,407,4,2053,1,12000.0,1200.0,10800.0
14226,669,1,,2,494,1599,2351,1,15000.0,0.0,15000.0
14227,1201,1,,1,521,2787,2806,3,12000.0,3600.0,32400.0
14228,1201,1,,1,521,2787,2806,2,12000.0,480.0,23520.0
14229,1177,2,4,1,610,4,685,2,12000.0,0.0,24000.0
14230,1177,2,4,1,610,4,685,1,12600.0,0.0,12600.0
14231,584,1,,2,816,1451,813,2,13500.0,0.0,27000.0
14232,929,1,,1,686,1967,93,3,12000.0,3600.0,32400.0
14233,554,1,,1,466,1338,2949,3,12600.0,756.0,37044.0
14234,1093,2,4,2,612,4,,2,15750.0,1575.0,29925.0
14235,1326,1,,1,888,2313,2310,1,12600.0,630.0,11970.0
14236,1326,1,,2,888,2313,2310,1,15000.0,0.0,15000.0
14237,612,1,,2,1003,196,2547,2,15750.0,630.0,30870.0
14238,271,1,,2,507,3138,1562,3,15000.0,4500.0,40500.0
14239,832,1,,2,852,511,2592,1,15000.0,300.0,14700.0
14240,832,1,,2,852,511,2592,1,13500.0,0.0,13500.0
14241,609,1,,1,508,754,2927,2,12000.0,480.0,23520.0
14242,331,2,4,2,531,4,,1,15750.0,787.5,14962.5
14243,405,1,,1,492,2972,982,1,12000.0,600.0,11400.0
14244,405,1,,2,492,2972,982,1,13500.0,0.0,13500.0
14245,987,1,,1,472,3185,1541,2,12000.0,2400.0,21600.0
14246,262,1,,2,461,1728,1257,3,15000.0,0.0,45000.0
14247,148,1,,1,712,1414,888,2,12600.0,0.0,25200.0
14248,839,2,4,1,935,4,2488,1,12000.0,1200.0,10800.0
14249,1281,2,2,1,576,2,2235,2,12000.0,2400.0,21600.0
14250,1042,1,,1,689,159,1780,2,10800.0,2160.0,19440.0
14251,924,1,,2,444,2951,283,3,15750.0,945.0,46305.0
14252,924,1,,1,444,2951,283,1,10800.0,216.0,10584.0
14253,583,2,1,1,445,1,1091,2,12000.0,480.0,23520.0
14254,1086,1,,1,596,1791,165,2,10800.0,432.0,21168.0
14255,779,1,,2,893,1,284,1,15000.0,0.0,15000.0
14256,779,1,,2,893,1,284,3,15000.0,900.0,44100.0
14257,85,1,,1,794,417,1342,1,12000.0,600.0,11400.0
14258,18,1,,2,681,657,186,1,15000.0,0.0,15000.0
14259,310,2,3,2,591,3,42,3,15000.0,0.0,45000.0
14260,477,1,,2,679,860,575,1,15000.0,750.0,14250.0
14261,1266,1,,1,468,2609,946,1,12000.0,1200.0,10800.0
14262,1266,1,,1,468,2609,946,3,12000.0,1800.0,34200.0
14263,1173,1,,1,845,2330,1088,1,10800.0,1080.0,9720.0
14264,13,2,1,2,650,1,3202,1,15750.0,0.0,15750.0
14265,1193,1,,1,842,2555,2873,3,12600.0,0.0,37800.0
14266,1231,1,,1,644,367,1987,2,10800.0,2160.0,19440.0
14267,467,2,3,2,745,3,359,3,15750.0,0.0,47250.0
14268,995,1,,1,516,491,,2,12000.0,1200.0,22800.0
14269,1108,1,,2,616,2210,,2,15000.0,3000.0,27000.0
14270,1108,1,,2,616,2210,,2,15750.0,0.0,31500.0
14271,268,1,,2,912,945,,1,15000.0,1500.0,13500.0
14272,268,1,,1,912,945,,1,12000.0,1200.0,10800.0
14273,268,1,,2,912,945,,3,13500.0,810.0,39690.0
14274,1496,1,,2,851,2254,,1,15000.0,1500.0,13500.0
14275,1022,2,3,1,375,3,2607,2,12600.0,2520.0,22680.0
14276,1022,2,3,2,375,3,2607,2,15000.0,0.0,30000.0
14277,1022,2,3,2,375,3,2607,2,13500.0,540.0,26460.0
14278,1479,1,,1,931,1748,1262,2,12000.0,0.0,24000.0
14279,1479,1,,2,931,1748,1262,2,15750.0,0.0,31500.0
14280,20,1,,1,749,1298,,3,12600.0,0.0,37800.0
14281,20,1,,2,749,1298,,2,15000.0,1500.0,28500.0
14282,335,2,1,2,766,1,748,1,15000.0,750.0,14250.0
14283,1310,1,,1,888,2191,244,3,12000.0,0.0,36000.0
14284,289,2,2,1,813,2,2702,2,12000.0,2400.0,21600.0
14285,289,2,2,1,813,2,2702,2,12000.0,2400.0,21600.0
14286,926,1,,1,455,2592,1940,3,10800.0,0.0,32400.0
14287,126,1,,1,923,3146,1823,2,12000.0,2400.0,21600.0
14288,252,2,1,1,739,1,1404,1,12600.0,630.0,11970.0
14289,252,2,1,1,739,1,1404,2,12000.0,0.0,24000.0
14290,252,2,1,2,739,1,1404,2,15000.0,0.0,30000.0
14291,1070,1,,2,974,1341,1825,3,15000.0,4500.0,40500.0
14292,971,1,,2,748,2694,838,2,15000.0,0.0,30000.0
14293,971,1,,1,748,2694,838,3,12000.0,720.0,35280.0
14294,1178,1,,2,1000,1332,2971,3,15750.0,945.0,46305.0
14295,717,2,1,1,836,1,1676,1,10800.0,540.0,10260.0
14296,1217,1,,2,712,2832,2,3,15000.0,4500.0,40500.0
14297,1217,1,,2,712,2832,2,2,15000.0,3000.0,27000.0
14298,513,1,,1,940,808,498,1,12600.0,252.0,12348.0
14299,512,1,,1,664,1596,1672,2,12000.0,480.0,23520.0
14300,316,1,,2,657,2683,1089,3,15750.0,0.0,47250.0
14301,1141,2,4,2,567,4,2594,1,15000.0,0.0,15000.0
14302,1062,1,,1,864,2504,1962,1,10800.0,0.0,10800.0
14303,216,1,,1,687,3186,2330,3,12000.0,1800.0,34200.0
14304,1452,1,,1,605,1707,,2,12000.0,2400.0,21600.0
14305,1452,1,,1,605,1707,,2,12000.0,0.0,24000.0
14306,1452,1,,2,605,1707,,1,15000.0,300.0,14700.0
14307,981,1,,2,381,1420,1969,1,15750.0,0.0,15750.0
14308,981,1,,1,381,1420,1969,3,10800.0,648.0,31752.0
14309,193,2,2,1,481,2,2098,3,12000.0,720.0,35280.0
14310,529,2,4,1,548,4,268,1,12000.0,0.0,12000.0
14311,1418,1,,1,858,331,881,3,13200.0,3960.0,35640.0
14312,1343,1,,2,770,1688,1633,3,15000.0,2250.0,42750.0
14313,1343,1,,1,770,1688,1633,3,12600.0,3780.0,34020.0
14314,1343,1,,2,770,1688,1633,3,15000.0,900.0,44100.0
14315,703,1,,1,598,980,1816,2,12000.0,2400.0,21600.0
14316,76,2,1,1,509,1,869,3,12000.0,3600.0,32400.0
14317,357,2,2,1,918,2,2108,1,13200.0,0.0,13200.0
14318,1007,2,1,1,815,1,2158,2,12000.0,0.0,24000.0
14319,1439,1,,1,886,2868,80,1,10800.0,216.0,10584.0
14320,470,2,4,2,580,4,985,3,15000.0,2250.0,42750.0
14321,470,2,4,1,580,4,985,2,12600.0,1260.0,23940.0
14322,890,1,,2,751,166,1305,3,16500.0,2475.0,47025.0
14323,276,2,4,1,885,4,535,2,12000.0,2400.0,21600.0
14324,276,2,4,1,885,4,535,2,10800.0,1080.0,20520.0
14325,145,1,,1,378,2104,67,2,12000.0,0.0,24000.0
14326,1063,2,4,2,796,4,2150,3,16500.0,4950.0,44550.0
14327,1063,2,4,1,796,4,2150,3,12000.0,1800.0,34200.0
14328,594,1,,2,424,1838,1962,3,15000.0,2250.0,42750.0
14329,594,1,,1,424,1838,1962,2,10800.0,1080.0,20520.0
14330,1420,1,,1,452,3003,2771,2,12600.0,2520.0,22680.0
14331,1420,1,,1,452,3003,2771,1,13200.0,1320.0,11880.0
14332,812,1,,1,973,1875,2912,1,12600.0,252.0,12348.0
14333,1394,2,3,1,519,3,,1,12000.0,1200.0,10800.0
14334,196,1,,2,701,2743,406,3,15000.0,0.0,45000.0
14335,145,2,2,2,606,2,184,2,15750.0,630.0,30870.0
14336,145,2,2,2,606,2,184,3,15000.0,0.0,45000.0
14337,832,1,,1,935,2716,1279,2,12000.0,0.0,24000.0
14338,1239,2,3,2,645,3,1756,3,15750.0,945.0,46305.0
14339,805,2,3,1,767,3,2338,3,12000.0,0.0,36000.0
14340,889,1,,1,932,2094,2552,3,12000.0,3600.0,32400.0
14341,944,2,2,2,610,2,2216,1,15000.0,750.0,14250.0
14342,1233,2,3,1,446,3,1222,3,12000.0,0.0,36000.0
14343,142,1,,1,496,2431,2933,1,10800.0,0.0,10800.0
14344,932,1,,1,391,2957,1556,3,13200.0,3960.0,35640.0
14345,46,2,2,1,862,2,,2,12000.0,480.0,23520.0
14346,518,1,,1,721,1749,288,1,12000.0,240.0,11760.0
14347,442,1,,1,507,642,2424,1,12000.0,600.0,11400.0
14348,366,1,,1,580,886,2077,1,10800.0,0.0,10800.0
14349,366,1,,1,580,886,2077,2,12000.0,1200.0,22800.0
14350,908,2,2,2,927,2,204,2,16500.0,1650.0,31350.0
14351,1157,1,,1,488,475,1640,3,12000.0,720.0,35280.0
14352,763,1,,2,952,2435,1954,1,13500.0,0.0,13500.0
14353,763,1,,1,952,2435,1954,1,10800.0,0.0,10800.0
14354,763,1,,1,952,2435,1954,2,12000.0,2400.0,21600.0
14355,1057,1,,2,434,1530,746,2,15000.0,1500.0,28500.0
14356,1057,1,,1,434,1530,746,2,12000.0,1200.0,22800.0
14357,1474,2,4,1,427,4,2946,1,12000.0,600.0,11400.0
14358,332,1,,2,754,1057,223,2,15000.0,0.0,30000.0
14359,1439,2,2,1,581,2,1444,3,10800.0,3240.0,29160.0
14360,1004,2,4,2,568,4,974,3,15000.0,4500.0,40500.0
14361,1004,2,4,2,568,4,974,1,15750.0,787.5,14962.5
14362,538,1,,2,956,676,1677,1,15000.0,300.0,14700.0
14363,1039,2,1,2,705,1,3011,2,15000.0,1500.0,28500.0
14364,1145,1,,1,492,2983,3174,2,12000.0,0.0,24000.0
14365,1145,1,,1,492,2983,3174,1,12000.0,0.0,12000.0
14366,943,2,4,1,718,4,,3,12000.0,1800.0,34200.0
14367,943,2,4,1,718,4,,1,13200.0,264.0,12936.0
14368,1170,2,4,1,392,4,,2,10800.0,1080.0,20520.0
14369,1020,1,,1,896,2673,2401,1,12000.0,0.0,12000.0
14370,1400,2,1,2,977,1,3052,2,15000.0,0.0,30000.0
14371,506,2,2,1,695,2,1635,2,12000.0,2400.0,21600.0
14372,506,2,2,1,695,2,1635,1,12000.0,600.0,11400.0
14373,261,1,,2,883,801,2454,1,15000.0,750.0,14250.0
14374,1437,1,,1,545,2048,2310,3,12000.0,1800.0,34200.0
14375,612,2,3,1,603,3,1757,2,12000.0,0.0,24000.0
14376,558,1,,1,502,2990,1328,2,12000.0,1200.0,22800.0
14377,1040,2,2,1,727,2,3072,1,12000.0,1200.0,10800.0
14378,487,1,,2,649,727,2806,1,15000.0,0.0,15000.0
14379,834,1,,1,719,525,2653,2,12000.0,480.0,23520.0
14380,1188,2,3,2,982,3,42,1,13500.0,675.0,12825.0
14381,1291,1,,1,620,2967,,3,12000.0,0.0,36000.0
14382,1291,1,,1,620,2967,,1,10800.0,0.0,10800.0
14383,310,1,,1,906,2347,2647,1,12000.0,1200.0,10800.0
14384,982,1,,2,782,2969,2974,3,16500.0,4950.0,44550.0
14385,743,2,4,1,546,4,1464,2,10800.0,432.0,21168.0
14386,224,2,3,1,964,3,618,2,12000.0,1200.0,22800.0
14387,1068,1,,2,961,1701,1667,2,15000.0,1500.0,28500.0
14388,1068,1,,2,961,1701,1667,3,15000.0,0.0,45000.0
14389,113,1,,1,709,738,665,2,12000.0,1200.0,22800.0
14390,1090,1,,2,637,1752,378,3,15000.0,4500.0,40500.0
14391,1090,1,,1,637,1752,378,2,12000.0,1200.0,22800.0
14392,1033,1,,1,630,2356,1331,2,12600.0,1260.0,23940.0
14393,1132,1,,2,721,2,3006,3,15000.0,900.0,44100.0
14394,1132,1,,2,721,2,3006,1,15000.0,0.0,15000.0
14395,292,2,3,2,1000,3,831,1,15000.0,0.0,15000.0
14396,292,2,3,1,1000,3,831,2,12000.0,0.0,24000.0
14397,556,2,4,2,477,4,358,2,15000.0,3000.0,27000.0
14398,519,1,,2,845,2148,1680,3,15750.0,945.0,46305.0
14399,519,1,,1,845,2148,1680,3,12000.0,0.0,36000.0
14400,491,2,1,2,873,1,197,1,13500.0,675.0,12825.0
14401,491,2,1,2,873,1,197,3,15000.0,900.0,44100.0
14402,811,1,,1,881,1476,2904,3,12600.0,756.0,37044.0
14403,687,2,1,2,712,1,1190,3,15000.0,900.0,44100.0
14404,921,2,1,1,930,1,3028,2,12600.0,1260.0,23940.0
14405,622,2,4,2,734,4,861,2,13500.0,2700.0,24300.0
14406,789,2,1,2,718,1,1364,1,13500.0,270.0,13230.0
14407,126,2,1,1,755,1,3064,3,12000.0,3600.0,32400.0
14408,1176,2,2,1,875,2,1943,2,12000.0,2400.0,21600.0
14409,1176,2,2,2,875,2,1943,1,16500.0,825.0,15675.0
14410,282,1,,2,540,3163,1492,3,15000.0,900.0,44100.0
14411,282,1,,1,540,3163,1492,3,12000.0,1800.0,34200.0
14412,282,1,,1,540,3163,1492,2,12000.0,1200.0,22800.0
14413,1132,1,,1,400,2461,2483,3,12000.0,0.0,36000.0
14414,1132,1,,2,400,2461,2483,1,15000.0,1500.0,13500.0
14415,284,2,1,2,737,1,,3,15000.0,2250.0,42750.0
14416,174,1,,1,370,2287,134,1,12000.0,600.0,11400.0
14417,1331,2,3,2,959,3,313,1,15000.0,750.0,14250.0
14418,1331,2,3,2,959,3,313,3,15000.0,0.0,45000.0
14419,1216,1,,2,987,462,225,2,15750.0,1575.0,29925.0
14420,1194,2,1,1,511,1,2010,1,12000.0,600.0,11400.0
14421,982,1,,1,590,412,2301,2,12000.0,480.0,23520.0
14422,545,1,,2,905,2519,2929,1,15000.0,300.0,14700.0
14423,325,1,,1,634,2683,2283,1,12000.0,600.0,11400.0
14424,867,1,,2,951,2326,2469,3,15000.0,4500.0,40500.0
14425,1059,1,,2,982,848,3115,3,16500.0,990.0,48510.0
14426,775,1,,2,717,1034,2563,2,15750.0,3150.0,28350.0
14427,775,1,,1,717,1034,2563,1,12000.0,240.0,11760.0
14428,354,2,2,2,374,2,428,3,15000.0,900.0,44100.0
14429,168,1,,1,902,1181,2518,1,10800.0,216.0,10584.0
14430,638,2,2,1,874,2,,1,10800.0,1080.0,9720.0
14431,710,2,2,2,640,2,,2,15000.0,3000.0,27000.0
14432,963,1,,1,398,2309,2000,2,12600.0,1260.0,23940.0
14433,1415,2,3,1,982,3,881,1,12000.0,0.0,12000.0
14434,599,2,1,2,805,1,895,1,16500.0,1650.0,14850.0
14435,200,1,,2,737,2892,773,3,15000.0,0.0,45000.0
14436,1122,2,3,1,519,3,1478,1,10800.0,540.0,10260.0
14437,317,2,2,1,477,2,706,1,10800.0,1080.0,9720.0
14438,1158,2,2,1,426,2,2622,2,12000.0,1200.0,22800.0
14439,1158,2,2,2,426,2,2622,1,15000.0,0.0,15000.0
14440,723,1,,1,819,214,507,3,12000.0,0.0,36000.0
14441,1083,1,,2,658,60,3155,3,15000.0,2250.0,42750.0
14442,352,1,,2,696,1573,2449,2,15750.0,0.0,31500.0
14443,394,1,,2,536,1482,3185,3,13500.0,2025.0,38475.0
14444,740,1,,2,915,1713,1936,1,15000.0,750.0,14250.0
14445,1418,2,1,2,523,1,1871,1,16500.0,1650.0,14850.0
14446,1418,2,1,2,523,1,1871,2,15000.0,3000.0,27000.0
14447,530,1,,2,585,2914,2459,3,16500.0,0.0,49500.0
14448,530,1,,2,585,2914,2459,3,15000.0,0.0,45000.0
14449,239,1,,2,844,957,1066,2,15000.0,1500.0,28500.0
14450,239,1,,1,844,957,1066,1,12600.0,252.0,12348.0
14451,296,1,,1,648,1441,2754,2,12000.0,480.0,23520.0
14452,296,1,,2,648,1441,2754,2,15000.0,0.0,30000.0
14453,296,1,,1,648,1441,2754,2,12600.0,2520.0,22680.0
14454,854,2,2,2,374,2,1632,3,15000.0,4500.0,40500.0
14455,854,2,2,1,374,2,1632,1,12000.0,1200.0,10800.0
14456,1221,2,3,2,813,3,1708,1,13500.0,270.0,13230.0
14457,229,1,,1,744,109,2813,3,10800.0,1620.0,30780.0
14458,1048,1,,2,813,2851,79,2,15000.0,600.0,29400.0
14459,698,1,,2,795,2934,2031,2,15750.0,3150.0,28350.0
14460,869,2,4,2,441,4,214,1,13500.0,270.0,13230.0
14461,463,1,,2,543,2147,843,3,15000.0,0.0,45000.0
14462,268,1,,1,388,2260,1767,2,12600.0,504.0,24696.0
14463,268,1,,2,388,2260,1767,3,15750.0,4725.0,42525.0
14464,62,1,,1,752,69,2481,2,10800.0,2160.0,19440.0
14465,1242,1,,2,476,2274,3071,1,15000.0,750.0,14250.0
14466,181,1,,2,766,1917,707,2,15000.0,1500.0,28500.0
14467,1484,2,2,1,515,2,643,1,12600.0,1260.0,11340.0
14468,1484,2,2,1,515,2,643,1,12000.0,600.0,11400.0
14469,41,1,,2,851,2747,1449,3,16500.0,0.0,49500.0
14470,497,1,,1,766,2693,2936,3,13200.0,3960.0,35640.0
14471,389,1,,1,769,1721,2623,3,12000.0,1800.0,34200.0
14472,150,1,,1,776,1226,1105,2,10800.0,1080.0,20520.0
14473,150,1,,1,776,1226,1105,3,13200.0,0.0,39600.0
14474,150,1,,2,776,1226,1105,3,15000.0,4500.0,40500.0
14475,1170,1,,1,924,1059,506,2,10800.0,2160.0,19440.0
14476,1170,1,,1,924,1059,506,3,12000.0,0.0,36000.0
14477,1462,2,1,2,479,1,2433,1,15000.0,750.0,14250.0
14478,1462,2,1,2,479,1,2433,1,16500.0,825.0,15675.0
14479,1296,2,2,1,741,2,2815,2,10800.0,1080.0,20520.0
14480,830,1,,2,579,2275,625,3,13500.0,810.0,39690.0
14481,847,1,,1,530,1671,2233,3,12000.0,1800.0,34200.0
14482,847,1,,1,530,1671,2233,3,12000.0,0.0,36000.0
14483,981,2,3,2,431,3,2540,1,13500.0,1350.0,12150.0
14484,771,2,1,2,737,1,3061,2,15000.0,600.0,29400.0
14485,771,2,1,1,737,1,3061,2,12000.0,1200.0,22800.0
14486,91,2,4,2,822,4,1759,2,15000.0,1500.0,28500.0
14487,91,2,4,1,822,4,1759,1,12000.0,240.0,11760.0
14488,1173,1,,1,754,151,2313,1,12000.0,600.0,11400.0
14489,1317,2,2,2,759,2,957,3,16500.0,4950.0,44550.0
14490,1202,1,,2,589,383,1555,2,15000.0,0.0,30000.0
14491,422,2,2,2,398,2,2961,3,13500.0,2025.0,38475.0
14492,847,2,3,2,486,3,2616,1,15000.0,1500.0,13500.0
14493,847,2,3,2,486,3,2616,2,15750.0,630.0,30870.0
14494,573,1,,2,411,2136,1294,1,16500.0,0.0,16500.0
14495,1285,2,4,1,666,4,1629,3,12000.0,1800.0,34200.0
14496,1285,2,4,2,666,4,1629,1,15000.0,0.0,15000.0
14497,183,1,,1,1002,2316,1493,1,12000.0,0.0,12000.0
14498,663,1,,2,412,1795,2882,3,15000.0,900.0,44100.0
14499,675,1,,1,631,1500,1199,1,10800.0,540.0,10260.0
14500,306,1,,1,621,1255,184,2,12000.0,0.0,24000.0
14501,476,2,1,1,974,1,2479,1,12000.0,240.0,11760.0
14502,77,1,,1,720,1273,810,1,13200.0,0.0,13200.0
14503,956,1,,1,847,1869,3196,3,12000.0,720.0,35280.0
14504,956,1,,1,847,1869,3196,3,12000.0,3600.0,32400.0
14505,668,2,3,2,792,3,3124,2,15000.0,1500.0,28500.0
14506,439,1,,1,943,2716,1394,2,12600.0,0.0,25200.0
14507,439,1,,1,943,2716,1394,2,12000.0,480.0,23520.0
14508,1457,1,,1,655,2287,1389,2,12000.0,480.0,23520.0
14509,725,2,4,1,607,4,785,3,12000.0,0.0,36000.0
14510,1457,1,,1,901,2504,901,2,12600.0,2520.0,22680.0
14511,507,2,4,1,631,4,2939,1,12000.0,240.0,11760.0
14512,129,2,4,2,791,4,922,3,13500.0,810.0,39690.0
14513,129,2,4,1,791,4,922,3,12000.0,3600.0,32400.0
14514,129,2,4,1,791,4,922,3,12600.0,756.0,37044.0
14515,1407,1,,1,658,1743,1190,1,12000.0,1200.0,10800.0
14516,775,2,2,2,900,2,490,2,15750.0,1575.0,29925.0
14517,661,1,,2,460,2444,1563,3,15000.0,2250.0,42750.0
14518,1084,2,3,2,954,3,67,2,13500.0,1350.0,25650.0
14519,711,1,,1,669,2375,1218,1,10800.0,1080.0,9720.0
14520,658,1,,2,785,102,2060,2,15000.0,3000.0,27000.0
14521,820,1,,1,569,2014,2654,2,12600.0,504.0,24696.0
14522,1139,1,,2,508,1580,2344,3,15000.0,4500.0,40500.0
14523,1139,1,,2,508,1580,2344,3,15000.0,4500.0,40500.0
14524,1139,1,,1,508,1580,2344,2,10800.0,0.0,21600.0
14525,1020,2,4,2,514,4,112,1,16500.0,330.0,16170.0
14526,650,2,4,2,408,4,2865,2,15000.0,3000.0,27000.0
14527,1067,1,,1,418,497,1877,2,12600.0,2520.0,22680.0
14528,676,1,,2,731,1066,678,1,15000.0,0.0,15000.0
14529,676,1,,2,731,1066,678,1,13500.0,0.0,13500.0
14530,1416,1,,2,598,1344,1742,2,15000.0,600.0,29400.0
14531,908,1,,2,393,2250,,2,15000.0,1500.0,28500.0
14532,908,1,,2,393,2250,,2,15750.0,0.0,31500.0
14533,1486,1,,2,534,3014,,1,15000.0,1500.0,13500.0
14534,1064,1,,1,516,3043,,3,12000.0,3600.0,32400.0
14535,529,1,,1,519,723,2893,2,12000.0,480.0,23520.0
14536,529,1,,2,519,723,2893,1,15000.0,750.0,14250.0
14537,805,1,,1,675,2208,1636,3,10800.0,3240.0,29160.0
14538,805,1,,2,675,2208,1636,3,15000.0,4500.0,40500.0
14539,927,1,,1,391,1485,2915,3,12000.0,720.0,35280.0
14540,1062,2,4,2,926,4,,1,15000.0,0.0,15000.0
14541,288,1,,1,440,1941,,2,12000.0,480.0,23520.0
14542,288,1,,1,440,1941,,1,12000.0,240.0,11760.0
14543,412,2,4,1,734,4,1089,2,13200.0,2640.0,23760.0
14544,4,1,,1,542,1717,790,1,12000.0,240.0,11760.0
14545,595,2,2,2,727,2,,1,15000.0,300.0,14700.0
14546,992,2,4,2,861,4,,1,15750.0,1575.0,14175.0
14547,1202,2,1,2,833,1,1766,1,15750.0,0.0,15750.0
14548,1202,2,1,2,833,1,1766,3,16500.0,990.0,48510.0
14549,278,2,3,1,838,3,198,1,12600.0,1260.0,11340.0
14550,278,2,3,1,838,3,198,2,12000.0,480.0,23520.0
14551,767,2,4,2,778,4,,1,15000.0,750.0,14250.0
14552,672,2,4,1,859,4,3154,2,13200.0,2640.0,23760.0
14553,425,2,1,1,748,1,2082,2,12000.0,1200.0,22800.0
14554,425,2,1,2,748,1,2082,3,15750.0,2362.5,44887.5
14555,673,1,,1,997,2543,1564,2,12600.0,504.0,24696.0
14556,491,1,,1,457,2199,2513,1,10800.0,1080.0,9720.0
14557,1114,2,2,1,957,2,3170,2,13200.0,2640.0,23760.0
14558,1114,2,2,2,957,2,3170,1,15000.0,750.0,14250.0
14559,712,1,,2,978,2580,2999,1,13500.0,270.0,13230.0
14560,472,1,,1,830,1690,2496,3,12000.0,1800.0,34200.0
14561,440,2,3,1,867,3,2249,3,12000.0,3600.0,32400.0
14562,844,2,3,2,424,3,1767,3,15750.0,4725.0,42525.0
14563,844,2,3,1,424,3,1767,1,10800.0,1080.0,9720.0
14564,844,2,3,1,424,3,1767,2,12000.0,480.0,23520.0
14565,1041,1,,2,823,958,1024,2,15000.0,0.0,30000.0
14566,58,2,1,1,715,1,152,1,12000.0,1200.0,10800.0
14567,129,1,,2,424,1842,2977,1,15750.0,787.5,14962.5
14568,129,1,,2,424,1842,2977,3,15000.0,900.0,44100.0
14569,1359,2,3,2,811,3,2504,2,15000.0,3000.0,27000.0
14570,584,1,,1,376,2637,249,2,12000.0,2400.0,21600.0
14571,584,1,,1,376,2637,249,1,10800.0,0.0,10800.0
14572,672,2,1,1,844,1,1232,2,12000.0,1200.0,22800.0
14573,672,2,1,1,844,1,1232,1,10800.0,1080.0,9720.0
14574,672,2,1,2,844,1,1232,3,15750.0,2362.5,44887.5
14575,942,1,,1,759,367,1900,2,13200.0,1320.0,25080.0
14576,577,2,2,1,942,2,1430,3,12600.0,0.0,37800.0
14577,227,1,,1,744,480,2403,1,13200.0,264.0,12936.0
14578,242,2,1,2,779,1,2885,1,13500.0,1350.0,12150.0
14579,1468,2,3,1,705,3,1972,2,10800.0,1080.0,20520.0
14580,1092,1,,1,881,3097,148,1,12600.0,1260.0,11340.0
14581,1096,1,,2,411,847,634,2,15000.0,600.0,29400.0
14582,871,2,2,2,513,2,1281,2,13500.0,1350.0,25650.0
14583,200,2,1,1,797,1,779,2,12000.0,480.0,23520.0
14584,1056,1,,2,524,10,2473,1,15000.0,1500.0,13500.0
14585,341,1,,2,443,3074,2660,1,15000.0,300.0,14700.0
14586,905,1,,2,898,2513,1804,2,15000.0,1500.0,28500.0
14587,124,1,,2,962,2939,,2,15750.0,630.0,30870.0
14588,420,1,,2,422,2831,382,3,15000.0,900.0,44100.0
14589,698,2,1,2,637,1,93,3,15000.0,0.0,45000.0
14590,698,2,1,1,637,1,93,1,12000.0,1200.0,10800.0
14591,27,1,,1,576,2633,308,2,13200.0,0.0,26400.0
14592,989,1,,2,645,1956,2463,1,15000.0,300.0,14700.0
14593,361,1,,1,367,1781,1840,3,12000.0,3600.0,32400.0
14594,361,1,,1,367,1781,1840,2,12000.0,0.0,24000.0
14595,1355,1,,1,999,321,3105,1,12000.0,0.0,12000.0
14596,250,1,,1,701,167,528,1,12000.0,0.0,12000.0
14597,298,1,,1,388,2329,142,3,13200.0,3960.0,35640.0
14598,365,2,4,1,966,4,1180,1,12600.0,0.0,12600.0
14599,427,1,,2,872,1028,3201,3,15000.0,2250.0,42750.0
14600,876,1,,2,872,406,1366,3,15000.0,4500.0,40500.0
14601,509,2,2,1,906,2,1353,1,10800.0,540.0,10260.0
14602,959,2,2,2,928,2,2008,3,13500.0,2025.0,38475.0
14603,1450,2,1,1,512,1,427,1,12000.0,0.0,12000.0
14604,1450,2,1,2,512,1,427,2,13500.0,0.0,27000.0
14605,261,1,,2,750,2106,1288,3,15000.0,0.0,45000.0
14606,541,1,,2,548,2302,1380,2,15750.0,3150.0,28350.0
14607,541,1,,2,548,2302,1380,2,13500.0,0.0,27000.0
14608,398,1,,1,925,2512,,1,12600.0,0.0,12600.0
14609,398,1,,2,925,2512,,1,15000.0,1500.0,13500.0
14610,1286,1,,2,855,1943,,1,13500.0,270.0,13230.0
14611,826,2,1,2,580,1,1913,3,13500.0,0.0,40500.0
14612,395,1,,1,903,593,1967,1,13200.0,264.0,12936.0
14613,395,1,,2,903,593,1967,2,15000.0,1500.0,28500.0
14614,752,2,1,2,803,1,,3,15000.0,900.0,44100.0
14615,975,1,,1,634,2537,2075,3,12600.0,756.0,37044.0
14616,899,1,,1,712,2770,2038,2,12600.0,0.0,25200.0
14617,899,1,,2,712,2770,2038,2,15000.0,3000.0,27000.0
14618,28,1,,2,916,1637,,3,16500.0,4950.0,44550.0
14619,208,2,1,1,556,1,1918,1,12000.0,600.0,11400.0
14620,1165,2,2,1,750,2,3193,1,12000.0,240.0,11760.0
14621,1212,1,,1,749,383,63,1,12600.0,252.0,12348.0
14622,1212,1,,1,749,383,63,2,12600.0,0.0,25200.0
14623,1124,1,,2,988,2317,1757,3,16500.0,2475.0,47025.0
14624,1422,2,3,1,914,3,2267,3,12000.0,3600.0,32400.0
14625,489,1,,2,688,952,347,3,15000.0,0.0,45000.0
14626,489,1,,2,688,952,347,2,15750.0,0.0,31500.0
14627,109,1,,1,432,116,443,2,10800.0,0.0,21600.0
14628,361,2,2,2,938,2,2370,1,13500.0,270.0,13230.0
14629,361,2,2,1,938,2,2370,2,12000.0,2400.0,21600.0
14630,578,1,,1,982,2815,117,3,12000.0,1800.0,34200.0
14631,578,1,,2,982,2815,117,3,13500.0,810.0,39690.0
14632,1067,1,,2,526,547,1234,1,16500.0,330.0,16170.0
14633,212,2,3,2,907,3,2716,2,15000.0,3000.0,27000.0
14634,212,2,3,1,907,3,2716,3,13200.0,3960.0,35640.0
14635,1100,2,3,1,695,3,1450,2,12000.0,1200.0,22800.0
14636,24,1,,2,917,2957,153,2,15000.0,1500.0,28500.0
14637,24,1,,1,917,2957,153,1,12600.0,0.0,12600.0
14638,1226,1,,2,832,401,1435,2,15750.0,630.0,30870.0
14639,341,1,,2,1004,1712,,2,15000.0,0.0,30000.0
14640,928,1,,1,753,1628,3176,3,10800.0,648.0,31752.0
14641,12,2,2,1,740,2,2107,3,12000.0,0.0,36000.0
14642,45,2,4,2,532,4,1290,2,15000.0,600.0,29400.0
14643,1211,1,,2,425,1170,2138,2,15000.0,600.0,29400.0
14644,1211,1,,1,425,1170,2138,2,12000.0,1200.0,22800.0
14645,501,1,,1,836,2751,1238,2,12000.0,1200.0,22800.0
14646,501,1,,1,836,2751,1238,3,10800.0,648.0,31752.0
14647,504,2,4,1,713,4,2192,3,12000.0,3600.0,32400.0
14648,708,1,,1,467,638,3000,1,12000.0,240.0,11760.0
14649,708,1,,1,467,638,3000,3,13200.0,1980.0,37620.0
14650,1295,2,3,1,905,3,2528,2,12000.0,2400.0,21600.0
14651,1144,2,2,2,620,2,802,1,15000.0,300.0,14700.0
14652,6,1,,2,367,2940,1320,3,15000.0,2250.0,42750.0
14653,851,1,,1,779,3029,118,1,13200.0,264.0,12936.0
14654,256,1,,2,460,2496,888,3,13500.0,2025.0,38475.0
14655,322,2,3,2,953,3,2434,1,15000.0,1500.0,13500.0
14656,952,1,,2,837,1883,1476,1,15750.0,787.5,14962.5
14657,409,2,3,1,750,3,1409,2,12000.0,480.0,23520.0
14658,723,1,,2,489,465,2160,3,15000.0,4500.0,40500.0
14659,797,1,,1,382,287,33,3,12000.0,0.0,36000.0
14660,645,2,3,1,407,3,2962,3,12600.0,0.0,37800.0
14661,645,2,3,1,407,3,2962,1,10800.0,216.0,10584.0
14662,812,1,,1,915,2795,1460,1,12000.0,1200.0,10800.0
14663,1290,1,,2,366,674,1272,2,15000.0,3000.0,27000.0
14664,1404,2,2,2,553,2,440,2,13500.0,540.0,26460.0
14665,657,1,,1,764,7,1925,1,12000.0,0.0,12000.0
14666,657,1,,2,764,7,1925,1,15000.0,0.0,15000.0
14667,657,1,,2,764,7,1925,2,15000.0,3000.0,27000.0
14668,858,2,1,1,495,1,144,1,12000.0,1200.0,10800.0
14669,866,2,1,2,728,1,2142,2,15750.0,0.0,31500.0
14670,866,2,1,1,728,1,2142,2,12000.0,1200.0,22800.0
14671,300,1,,2,899,1933,1018,3,15750.0,2362.5,44887.5
14672,300,1,,1,899,1933,1018,2,12000.0,2400.0,21600.0
14673,386,2,1,2,915,1,2044,1,15000.0,1500.0,13500.0
14674,386,2,1,1,915,1,2044,1,12000.0,240.0,11760.0
14675,450,1,,2,527,2693,1114,3,13500.0,2025.0,38475.0
14676,450,1,,2,527,2693,1114,2,15000.0,1500.0,28500.0
14677,128,1,,1,541,166,3145,1,12000.0,0.0,12000.0
14678,128,1,,2,541,166,3145,1,13500.0,1350.0,12150.0
14679,1298,2,3,1,605,3,2149,2,12000.0,2400.0,21600.0
14680,1288,1,,2,623,1209,1305,2,16500.0,660.0,32340.0
14681,681,1,,2,508,727,44,3,13500.0,0.0,40500.0
14682,681,1,,2,508,727,44,2,15000.0,1500.0,28500.0
14683,689,1,,1,392,2994,989,1,12000.0,1200.0,10800.0
14684,40,1,,2,517,201,2657,2,13500.0,540.0,26460.0
14685,780,1,,2,524,1435,3165,3,15750.0,4725.0,42525.0
14686,780,1,,2,524,1435,3165,3,13500.0,0.0,40500.0
14687,1498,1,,2,526,1675,751,3,15750.0,0.0,47250.0
14688,1398,1,,2,866,2129,774,3,15000.0,2250.0,42750.0
14689,1164,2,2,1,978,2,817,1,10800.0,0.0,10800.0
14690,1164,2,2,2,978,2,817,2,16500.0,0.0,33000.0
14691,394,1,,1,604,70,646,2,12000.0,0.0,24000.0
14692,1077,2,2,2,477,2,843,2,13500.0,2700.0,24300.0
14693,1339,1,,2,501,2994,2868,2,15000.0,1500.0,28500.0
14694,983,2,2,1,789,2,47,3,12000.0,1800.0,34200.0
14695,541,2,3,2,438,3,349,2,15000.0,3000.0,27000.0
14696,967,1,,2,667,42,2269,1,16500.0,330.0,16170.0
14697,1405,2,2,2,873,2,,2,16500.0,660.0,32340.0
14698,1405,2,2,1,873,2,,1,13200.0,660.0,12540.0
14699,1405,2,2,2,873,2,,3,15000.0,0.0,45000.0
14700,147,1,,2,992,2023,2654,2,15000.0,3000.0,27000.0
14701,1093,2,3,2,964,3,1442,2,15750.0,0.0,31500.0
14702,1452,1,,2,719,1647,1974,2,16500.0,0.0,33000.0
14703,1409,2,2,2,376,2,2466,1,13500.0,1350.0,12150.0
14704,900,1,,1,818,903,309,1,13200.0,660.0,12540.0
14705,948,1,,1,912,778,2974,3,10800.0,648.0,31752.0
14706,1160,1,,1,750,436,1918,3,12000.0,1800.0,34200.0
14707,1160,1,,2,750,436,1918,3,15000.0,0.0,45000.0
14708,330,2,4,1,660,4,2120,3,12000.0,1800.0,34200.0
14709,330,2,4,2,660,4,2120,3,15750.0,2362.5,44887.5
14710,1194,2,4,2,829,4,905,1,15000.0,1500.0,13500.0
14711,428,1,,1,422,16,179,3,12000.0,1800.0,34200.0
14712,428,1,,1,422,16,179,2,13200.0,0.0,26400.0
14713,428,1,,2,422,16,179,3,15750.0,2362.5,44887.5
14714,445,1,,1,450,1057,3053,1,12000.0,240.0,11760.0
14715,1264,1,,1,676,2599,1883,1,10800.0,540.0,10260.0
14716,801,1,,1,664,2887,1438,2,10800.0,1080.0,20520.0
14717,801,1,,2,664,2887,1438,3,13500.0,2025.0,38475.0
14718,1032,2,4,1,569,4,1035,1,12000.0,1200.0,10800.0
14719,274,2,4,2,806,4,756,1,15000.0,0.0,15000.0
14720,274,2,4,1,806,4,756,2,12000.0,2400.0,21600.0
14721,1151,1,,2,868,56,1664,2,15000.0,0.0,30000.0
14722,1125,1,,1,682,1956,2919,2,12000.0,2400.0,21600.0
14723,989,2,3,2,485,3,,3,16500.0,2475.0,47025.0
14724,989,2,3,2,485,3,,2,15000.0,1500.0,28500.0
14725,1130,2,1,2,609,1,2151,3,13500.0,4050.0,36450.0
14726,1466,2,1,1,704,1,2617,2,10800.0,2160.0,19440.0
14727,662,1,,2,993,2712,2190,2,15000.0,0.0,30000.0
14728,1166,1,,1,817,3147,716,2,10800.0,1080.0,20520.0
14729,847,1,,1,985,425,273,3,10800.0,1620.0,30780.0
14730,847,1,,2,985,425,273,2,16500.0,1650.0,31350.0
14731,503,2,1,2,912,1,1175,2,15750.0,1575.0,29925.0
14732,503,2,1,2,912,1,1175,1,13500.0,675.0,12825.0
14733,503,2,1,1,912,1,1175,3,12000.0,3600.0,32400.0
14734,732,2,1,2,413,1,2731,1,15000.0,1500.0,13500.0
14735,732,2,1,1,413,1,2731,1,12000.0,600.0,11400.0
14736,1107,1,,2,986,300,725,1,15000.0,300.0,14700.0
14737,308,1,,2,816,910,348,1,15750.0,1575.0,14175.0
14738,308,1,,1,816,910,348,3,12600.0,756.0,37044.0
14739,438,2,4,1,440,4,1308,2,12000.0,1200.0,22800.0
14740,503,2,2,2,654,2,1870,1,13500.0,270.0,13230.0
14741,1453,1,,1,666,215,979,3,13200.0,1980.0,37620.0
14742,751,1,,1,674,2270,550,2,12000.0,0.0,24000.0
14743,1000,2,4,1,750,4,,3,13200.0,3960.0,35640.0
14744,354,1,,2,925,3107,1031,1,15000.0,300.0,14700.0
14745,354,1,,1,925,3107,1031,1,12000.0,0.0,12000.0
14746,885,1,,1,935,1864,2737,3,12000.0,720.0,35280.0
14747,1233,1,,2,895,3196,745,2,15000.0,0.0,30000.0
14748,325,2,1,1,738,1,1435,3,10800.0,3240.0,29160.0
14749,412,1,,2,940,3156,690,2,15000.0,1500.0,28500.0
14750,1236,2,1,1,601,1,296,3,12000.0,3600.0,32400.0
14751,1236,2,1,2,601,1,296,2,16500.0,1650.0,31350.0
14752,61,2,1,2,712,1,2753,2,15000.0,3000.0,27000.0
14753,747,2,3,2,575,3,1603,2,15750.0,630.0,30870.0
14754,747,2,3,2,575,3,1603,3,15000.0,4500.0,40500.0
14755,843,2,1,1,880,1,2003,1,12000.0,600.0,11400.0
14756,335,2,1,1,724,1,520,1,12000.0,240.0,11760.0
14757,285,2,2,2,410,2,442,3,15000.0,0.0,45000.0
14758,928,1,,1,779,1082,120,3,10800.0,1620.0,30780.0
14759,928,1,,1,779,1082,120,1,12000.0,600.0,11400.0
14760,790,1,,1,492,1632,744,2,12000.0,1200.0,22800.0
14761,1398,1,,1,759,861,99,1,12000.0,0.0,12000.0
14762,782,2,3,1,823,3,916,3,12000.0,720.0,35280.0
14763,782,2,3,1,823,3,916,3,12600.0,756.0,37044.0
14764,1088,1,,1,562,2573,394,1,12000.0,1200.0,10800.0
14765,1088,1,,2,562,2573,394,3,15000.0,2250.0,42750.0
14766,1088,1,,2,562,2573,394,3,15000.0,900.0,44100.0
14767,1171,2,1,1,458,1,,1,12000.0,240.0,11760.0
14768,1178,1,,1,556,1311,2872,2,12000.0,480.0,23520.0
14769,1103,2,2,2,764,2,1781,2,15000.0,3000.0,27000.0
14770,1103,2,2,2,764,2,1781,2,15000.0,600.0,29400.0
14771,1103,2,2,2,764,2,1781,1,16500.0,825.0,15675.0
14772,28,1,,2,766,1358,2545,2,16500.0,1650.0,31350.0
14773,28,1,,1,766,1358,2545,1,13200.0,264.0,12936.0
14774,1148,2,4,2,892,4,1721,1,15000.0,750.0,14250.0
14775,1381,1,,2,683,337,2727,2,15000.0,1500.0,28500.0
14776,1132,1,,1,433,1763,1224,2,13200.0,1320.0,25080.0
14777,1132,1,,2,433,1763,1224,2,13500.0,540.0,26460.0
14778,99,2,3,1,385,3,725,1,12000.0,240.0,11760.0
14779,380,1,,2,814,2225,2376,3,15000.0,2250.0,42750.0
14780,380,1,,2,814,2225,2376,3,15000.0,2250.0,42750.0
14781,441,1,,2,542,1898,978,1,13500.0,675.0,12825.0
14782,1341,2,2,2,458,2,2645,3,15750.0,0.0,47250.0
14783,1095,2,2,1,550,2,730,1,12000.0,0.0,12000.0
14784,1139,1,,2,845,2635,,2,15000.0,600.0,29400.0
14785,775,1,,2,701,1368,2747,1,13500.0,270.0,13230.0
14786,775,1,,1,701,1368,2747,3,12000.0,0.0,36000.0
14787,783,2,1,1,514,1,2303,2,12000.0,1200.0,22800.0
14788,115,1,,1,778,2893,2078,1,12000.0,1200.0,10800.0
14789,115,1,,2,778,2893,2078,2,15000.0,3000.0,27000.0
14790,115,1,,2,778,2893,2078,2,15750.0,3150.0,28350.0
14791,45,1,,1,972,2556,2120,2,12000.0,2400.0,21600.0
14792,691,2,2,1,649,2,2512,3,12000.0,0.0,36000.0
14793,691,2,2,1,649,2,2512,3,12000.0,3600.0,32400.0
14794,353,1,,1,369,1788,446,2,12000.0,0.0,24000.0
14795,1332,1,,1,502,2207,2269,1,12000.0,1200.0,10800.0
14796,1332,1,,1,502,2207,2269,3,10800.0,648.0,31752.0
14797,86,1,,1,983,2633,1244,2,12600.0,1260.0,23940.0
14798,86,1,,2,983,2633,1244,3,16500.0,4950.0,44550.0
14799,1214,1,,2,640,758,1389,1,16500.0,1650.0,14850.0
14800,1214,1,,2,640,758,1389,3,15000.0,4500.0,40500.0
14801,1214,1,,1,640,758,1389,1,12000.0,0.0,12000.0
14802,487,1,,2,906,2066,467,1,13500.0,0.0,13500.0
14803,1048,2,2,2,678,2,,3,13500.0,810.0,39690.0
14804,1048,2,2,2,678,2,,2,15000.0,0.0,30000.0
14805,1472,2,3,2,788,3,1816,3,15750.0,4725.0,42525.0
14806,1472,2,3,1,788,3,1816,2,12000.0,2400.0,21600.0
14807,693,2,4,2,976,4,,1,15000.0,0.0,15000.0
14808,1264,1,,2,419,2902,330,3,13500.0,2025.0,38475.0
14809,1219,1,,1,806,2683,,3,10800.0,0.0,32400.0
14810,1219,1,,2,806,2683,,2,15000.0,1500.0,28500.0
14811,1219,1,,1,806,2683,,1,12600.0,630.0,11970.0
14812,18,2,2,2,511,2,1254,3,15000.0,4500.0,40500.0
14813,11,1,,1,845,2589,1049,2,12000.0,0.0,24000.0
14814,1054,1,,1,416,2773,1807,3,12000.0,720.0,35280.0
14815,650,2,2,1,940,2,2309,2,12000.0,1200.0,22800.0
14816,1169,2,2,2,403,2,2283,3,15000.0,0.0,45000.0
14817,811,1,,1,526,2091,1786,1,10800.0,540.0,10260.0
14818,844,1,,1,954,1504,262,3,12000.0,720.0,35280.0
14819,62,2,3,1,466,3,686,1,12000.0,1200.0,10800.0
14820,1099,1,,2,706,462,1100,2,13500.0,1350.0,25650.0
14821,254,1,,1,924,3189,1669,1,10800.0,216.0,10584.0
14822,1467,1,,1,743,1937,1488,1,12000.0,240.0,11760.0
14823,1467,1,,2,743,1937,1488,3,13500.0,0.0,40500.0
14824,326,2,4,1,964,4,2028,3,12000.0,720.0,35280.0
14825,1087,2,3,2,871,3,1680,2,15000.0,0.0,30000.0
14826,695,1,,1,759,3076,3142,1,12000.0,0.0,12000.0
14827,791,2,4,2,883,4,1207,2,13500.0,0.0,27000.0
14828,791,2,4,1,883,4,1207,3,12000.0,0.0,36000.0
14829,16,1,,1,611,2925,429,1,12600.0,0.0,12600.0
14830,16,1,,2,611,2925,429,1,15000.0,1500.0,13500.0
14831,919,2,1,1,649,1,502,2,12000.0,2400.0,21600.0
14832,512,1,,2,756,2117,2217,3,15000.0,4500.0,40500.0
14833,798,2,3,2,441,3,546,2,15000.0,3000.0,27000.0
14834,878,2,1,2,935,1,2668,2,15750.0,630.0,30870.0
14835,878,2,1,1,935,1,2668,2,13200.0,528.0,25872.0
14836,6,2,3,2,540,3,518,1,15000.0,0.0,15000.0
14837,611,1,,1,775,2265,702,3,12000.0,720.0,35280.0
14838,644,1,,2,405,2601,2099,3,15000.0,0.0,45000.0
14839,644,1,,2,405,2601,2099,1,15000.0,300.0,14700.0
14840,644,1,,1,405,2601,2099,1,10800.0,0.0,10800.0
14841,967,1,,1,612,60,3025,2,12000.0,480.0,23520.0
14842,987,1,,1,573,2493,2643,1,12000.0,240.0,11760.0
14843,1146,1,,1,973,83,1150,1,13200.0,1320.0,11880.0
14844,1146,1,,1,973,83,1150,1,10800.0,540.0,10260.0
14845,227,1,,1,371,2447,327,3,12600.0,3780.0,34020.0
14846,227,1,,1,371,2447,327,2,12000.0,1200.0,22800.0
14847,1378,1,,2,661,535,1055,2,15000.0,1500.0,28500.0
14848,112,1,,1,384,1750,2227,1,12600.0,252.0,12348.0
14849,112,1,,1,384,1750,2227,1,12000.0,240.0,11760.0
14850,393,1,,1,570,2825,2754,1,12000.0,600.0,11400.0
14851,489,2,2,1,960,2,1029,1,13200.0,264.0,12936.0
14852,489,2,2,1,960,2,1029,3,12000.0,0.0,36000.0
14853,831,2,2,2,982,2,2579,2,15750.0,1575.0,29925.0
14854,951,1,,2,614,840,487,2,15750.0,1575.0,29925.0
14855,951,1,,1,614,840,487,3,12000.0,1800.0,34200.0
14856,150,1,,1,602,3180,1257,3,10800.0,0.0,32400.0
14857,1306,2,3,1,670,3,687,1,12000.0,0.0,12000.0
14858,849,2,3,1,703,3,,1,12000.0,1200.0,10800.0
14859,165,1,,2,633,2909,2367,2,15750.0,1575.0,29925.0
14860,1090,2,1,2,751,1,2697,3,15000.0,4500.0,40500.0
14861,1090,2,1,2,751,1,2697,3,15750.0,945.0,46305.0
14862,63,1,,2,503,1820,680,2,15000.0,0.0,30000.0
14863,63,1,,1,503,1820,680,2,10800.0,432.0,21168.0
14864,47,2,1,2,388,1,991,3,15000.0,4500.0,40500.0
14865,197,1,,2,458,786,2000,1,15000.0,300.0,14700.0
14866,951,1,,2,772,476,819,1,15000.0,300.0,14700.0
14867,384,1,,2,695,2881,3031,3,15000.0,900.0,44100.0
14868,359,1,,2,645,2820,336,1,13500.0,1350.0,12150.0
14869,505,2,1,1,597,1,1599,3,12000.0,3600.0,32400.0
14870,296,1,,2,736,888,,3,15750.0,0.0,47250.0
14871,296,1,,2,736,888,,2,15000.0,600.0,29400.0
14872,32,1,,1,964,2525,,2,12000.0,480.0,23520.0
14873,459,2,2,1,732,2,,3,12000.0,3600.0,32400.0
14874,468,1,,2,399,309,,2,15000.0,3000.0,27000.0
14875,468,1,,2,399,309,,2,15750.0,3150.0,28350.0
14876,468,1,,2,399,309,,2,13500.0,540.0,26460.0
14877,1204,2,2,1,517,2,1882,2,12000.0,1200.0,22800.0
14878,1329,1,,1,463,1231,2337,3,13200.0,1980.0,37620.0
14879,1329,1,,2,463,1231,2337,1,15000.0,300.0,14700.0
14880,835,1,,1,473,2570,2964,1,13200.0,0.0,13200.0
14881,828,2,4,2,927,4,2745,2,13500.0,1350.0,25650.0
14882,1175,1,,2,731,2246,2034,2,15000.0,0.0,30000.0
14883,1486,1,,2,377,2262,1559,2,13500.0,2700.0,24300.0
14884,1319,2,3,1,580,3,1467,1,12000.0,1200.0,10800.0
14885,78,2,2,2,927,2,411,2,15000.0,1500.0,28500.0
14886,1439,1,,1,568,1150,411,1,12600.0,630.0,11970.0
14887,1439,1,,1,568,1150,411,3,12000.0,720.0,35280.0
14888,1405,1,,1,548,2444,,1,12000.0,240.0,11760.0
14889,255,1,,2,762,2111,2659,2,15000.0,1500.0,28500.0
14890,255,1,,2,762,2111,2659,3,15000.0,0.0,45000.0
14891,251,1,,2,947,1889,967,2,13500.0,2700.0,24300.0
14892,849,1,,1,715,2079,,1,12000.0,1200.0,10800.0
14893,849,1,,2,715,2079,,3,15000.0,4500.0,40500.0
14894,1380,1,,2,883,529,499,3,15000.0,0.0,45000.0
14895,393,2,4,1,399,4,654,2,10800.0,1080.0,20520.0
14896,1129,1,,2,430,2032,753,1,15000.0,750.0,14250.0
14897,27,2,1,2,1000,1,1289,2,15750.0,0.0,31500.0
14898,1324,1,,1,801,2490,2087,3,12000.0,1800.0,34200.0
14899,1324,1,,1,801,2490,2087,2,12000.0,1200.0,22800.0
14900,965,2,4,1,799,4,1614,3,10800.0,1620.0,30780.0
14901,804,1,,2,605,2414,2390,1,15000.0,1500.0,13500.0
14902,1107,2,4,1,567,4,1451,3,12000.0,1800.0,34200.0
14903,1186,1,,2,502,2799,3193,3,15000.0,4500.0,40500.0
14904,1186,1,,1,502,2799,3193,2,12000.0,0.0,24000.0
14905,186,2,3,1,457,3,728,2,12000.0,0.0,24000.0
14906,778,1,,1,808,2465,795,2,12000.0,0.0,24000.0
14907,31,1,,2,428,1539,503,2,15000.0,600.0,29400.0
14908,207,1,,1,900,2517,1361,1,12000.0,600.0,11400.0
14909,207,1,,1,900,2517,1361,1,13200.0,660.0,12540.0
14910,1010,1,,1,774,1836,136,2,12000.0,2400.0,21600.0
14911,1178,1,,1,536,2765,1304,3,12600.0,1890.0,35910.0
14912,1178,1,,2,536,2765,1304,1,15000.0,300.0,14700.0
14913,1419,1,,1,888,1005,818,1,12600.0,0.0,12600.0
14914,1202,1,,2,832,1908,3117,3,15000.0,2250.0,42750.0
14915,1202,1,,1,832,1908,3117,3,12000.0,1800.0,34200.0
14916,1462,1,,2,497,1644,,1,13500.0,0.0,13500.0
14917,1462,1,,2,497,1644,,3,13500.0,0.0,40500.0
14918,1462,1,,2,497,1644,,3,13500.0,4050.0,36450.0
14919,299,1,,1,732,272,,1,10800.0,0.0,10800.0
14920,896,1,,2,813,1562,1239,3,13500.0,4050.0,36450.0
14921,896,1,,2,813,1562,1239,3,15000.0,2250.0,42750.0
14922,800,2,2,2,677,2,896,3,15000.0,0.0,45000.0
14923,304,2,2,1,456,2,847,3,10800.0,1620.0,30780.0
14924,1268,2,2,2,369,2,2878,1,15000.0,750.0,14250.0
14925,1135,2,1,2,966,1,,2,15750.0,630.0,30870.0
14926,915,1,,2,422,412,1665,1,15000.0,1500.0,13500.0
14927,1400,2,2,2,711,2,3043,3,15000.0,0.0,45000.0
14928,1342,2,4,1,726,4,3074,2,12000.0,0.0,24000.0
14929,464,1,,1,967,281,306,2,10800.0,1080.0,20520.0
14930,556,1,,1,648,2916,1892,1,12000.0,240.0,11760.0
14931,999,2,3,1,966,3,2227,1,12000.0,0.0,12000.0
14932,1011,1,,2,396,210,,2,15000.0,3000.0,27000.0
14933,1314,2,3,2,847,3,2579,1,15000.0,0.0,15000.0
14934,1387,1,,1,683,2754,1900,2,12000.0,480.0,23520.0
14935,849,1,,1,875,453,,1,13200.0,264.0,12936.0
14936,183,1,,1,724,1741,3191,3,12600.0,0.0,37800.0
14937,589,2,3,1,448,3,,2,12000.0,480.0,23520.0
14938,589,2,3,1,448,3,,3,12000.0,1800.0,34200.0
14939,675,1,,2,610,2791,5,3,15000.0,900.0,44100.0
14940,675,1,,2,610,2791,5,1,15000.0,0.0,15000.0
14941,1051,1,,1,715,2190,1501,1,12000.0,600.0,11400.0
14942,1051,1,,1,715,2190,1501,1,12000.0,1200.0,10800.0
14943,1093,1,,1,597,1673,,2,12000.0,0.0,24000.0
14944,687,2,3,1,515,3,1422,2,10800.0,0.0,21600.0
14945,1456,1,,1,673,1387,493,1,12000.0,1200.0,10800.0
14946,862,1,,2,880,1170,2339,3,15000.0,900.0,44100.0
14947,1127,2,1,1,548,1,173,2,12000.0,480.0,23520.0
14948,80,1,,2,988,283,,2,15000.0,3000.0,27000.0
14949,80,1,,2,988,283,,3,15750.0,2362.5,44887.5
14950,80,1,,2,988,283,,1,15000.0,0.0,15000.0
14951,855,1,,2,749,1790,797,2,13500.0,0.0,27000.0
14952,252,2,2,1,885,2,415,1,13200.0,264.0,12936.0
14953,465,1,,2,621,2594,1256,1,15000.0,300.0,14700.0
14954,1073,2,1,2,966,1,2440,2,15000.0,1500.0,28500.0
14955,865,2,1,1,718,1,1555,3,13200.0,1980.0,37620.0
14956,865,2,1,1,718,1,1555,3,13200.0,1980.0,37620.0
14957,482,2,4,2,820,4,,3,15750.0,0.0,47250.0
14958,482,2,4,2,820,4,,1,15000.0,0.0,15000.0
14959,482,2,4,2,820,4,,3,13500.0,0.0,40500.0
14960,405,1,,1,409,1741,1504,1,12000.0,240.0,11760.0
14961,353,1,,2,537,3180,324,3,15000.0,900.0,44100.0
14962,171,1,,1,786,313,34,3,12000.0,720.0,35280.0
14963,171,1,,2,786,313,34,1,15750.0,315.0,15435.0
14964,281,2,3,2,950,3,2247,3,15000.0,2250.0,42750.0
14965,1067,1,,2,952,2467,793,3,15000.0,2250.0,42750.0
14966,1376,1,,2,497,1508,2317,3,15000.0,0.0,45000.0
14967,1376,1,,1,497,1508,2317,1,10800.0,1080.0,9720.0
14968,231,1,,1,457,2624,,1,10800.0,216.0,10584.0
14969,17,1,,1,630,3175,323,2,12000.0,2400.0,21600.0
14970,939,2,1,1,670,1,2003,2,12000.0,1200.0,22800.0
14971,939,2,1,2,670,1,2003,2,16500.0,3300.0,29700.0
14972,486,2,2,2,421,2,1535,3,15000.0,900.0,44100.0
14973,1184,1,,1,832,3127,2064,3,12000.0,3600.0,32400.0
14974,1184,1,,1,832,3127,2064,2,12000.0,480.0,23520.0
14975,1184,1,,1,832,3127,2064,3,10800.0,648.0,31752.0
14976,843,1,,2,717,1002,1682,1,15000.0,750.0,14250.0
14977,843,1,,1,717,1002,1682,3,12000.0,0.0,36000.0
14978,1383,1,,1,488,2206,825,3,13200.0,792.0,38808.0
14979,1412,1,,1,1001,443,308,3,12000.0,0.0,36000.0
14980,1346,1,,2,432,65,2778,3,13500.0,0.0,40500.0
14981,652,2,1,1,833,1,170,1,12600.0,1260.0,11340.0
14982,294,1,,2,854,3037,911,3,13500.0,0.0,40500.0
14983,1187,1,,2,395,920,1197,3,15000.0,4500.0,40500.0
14984,1487,2,2,2,769,2,2511,1,16500.0,330.0,16170.0
14985,512,1,,1,728,1156,1143,2,12000.0,0.0,24000.0
14986,897,1,,1,980,1300,832,2,13200.0,1320.0,25080.0
14987,897,1,,1,980,1300,832,3,13200.0,792.0,38808.0
14988,700,1,,2,907,2836,2414,2,13500.0,2700.0,24300.0
14989,552,1,,1,939,2744,,3,12000.0,3600.0,32400.0
14990,552,1,,1,939,2744,,2,12600.0,504.0,24696.0
14991,552,1,,1,939,2744,,2,12000.0,0.0,24000.0
14992,984,1,,2,864,1096,2363,3,16500.0,4950.0,44550.0
14993,684,2,4,2,908,4,2315,3,15000.0,0.0,45000.0
14994,874,2,3,2,697,3,2170,1,13500.0,1350.0,12150.0
14995,1459,2,4,2,993,4,3124,2,16500.0,3300.0,29700.0
14996,1459,2,4,2,993,4,3124,3,15000.0,4500.0,40500.0
14997,349,2,4,2,752,4,1175,3,15000.0,2250.0,42750.0
14998,349,2,4,1,752,4,1175,3,10800.0,1620.0,30780.0
14999,54,1,,2,927,1438,416,3,15750.0,945.0,46305.0
15000,54,1,,1,927,1438,416,1,12000.0,600.0,11400.0
15001,554,1,,1,659,1380,366,3,12000.0,0.0,36000.0
15002,558,2,4,1,585,4,2711,1,12000.0,600.0,11400.0
15003,558,2,4,2,585,4,2711,2,13500.0,2700.0,24300.0
15004,134,1,,2,591,3000,1534,1,13500.0,675.0,12825.0
15005,1239,1,,2,803,151,2053,1,13500.0,270.0,13230.0
15006,538,1,,2,690,3026,2688,1,15000.0,750.0,14250.0
15007,783,2,3,2,986,3,1595,1,15000.0,1500.0,13500.0
15008,783,2,3,1,986,3,1595,3,12000.0,720.0,35280.0
15009,280,2,3,1,390,3,156,3,12600.0,3780.0,34020.0
15010,590,2,2,1,580,2,,1,10800.0,1080.0,9720.0
15011,895,2,3,2,958,3,,2,15750.0,3150.0,28350.0
15012,104,1,,1,647,842,696,1,10800.0,1080.0,9720.0
15013,358,1,,2,374,998,2010,3,16500.0,2475.0,47025.0
15014,564,1,,2,664,921,1143,2,15000.0,600.0,29400.0
15015,1025,2,1,1,857,1,440,3,12000.0,3600.0,32400.0
15016,789,2,1,1,582,1,1917,2,12600.0,504.0,24696.0
15017,1150,1,,2,851,328,505,1,15000.0,1500.0,13500.0
15018,1150,1,,1,851,328,505,3,10800.0,1620.0,30780.0
15019,222,1,,1,401,1397,,1,12000.0,240.0,11760.0
15020,222,1,,1,401,1397,,3,12000.0,1800.0,34200.0
15021,1366,1,,2,442,2841,1267,2,13500.0,2700.0,24300.0
15022,1026,1,,1,782,712,233,1,12000.0,240.0,11760.0
15023,955,1,,1,756,2883,1012,1,12600.0,252.0,12348.0
15024,5,1,,2,641,1547,,1,15000.0,750.0,14250.0
15025,1321,2,1,2,512,1,2661,2,15750.0,630.0,30870.0
15026,178,2,2,1,601,2,153,2,12000.0,2400.0,21600.0
15027,1137,2,4,2,587,4,1018,2,15000.0,600.0,29400.0
15028,494,2,2,1,951,2,2790,2,12000.0,2400.0,21600.0
15029,494,2,2,2,951,2,2790,2,15750.0,1575.0,29925.0
15030,939,1,,2,962,577,630,2,15000.0,1500.0,28500.0
15031,385,1,,2,712,540,2669,1,16500.0,330.0,16170.0
15032,634,1,,1,648,2208,1965,2,12000.0,0.0,24000.0
15033,406,2,4,1,617,4,,2,12000.0,1200.0,22800.0
15034,774,1,,1,782,25,2962,2,13200.0,528.0,25872.0
15035,774,1,,1,782,25,2962,2,12600.0,1260.0,23940.0
15036,273,1,,2,482,2055,3027,2,13500.0,2700.0,24300.0
15037,273,1,,1,482,2055,3027,1,12000.0,240.0,11760.0
15038,507,1,,1,665,579,3042,2,12600.0,1260.0,23940.0
15039,937,2,2,2,560,2,1545,2,15750.0,0.0,31500.0
15040,937,2,2,1,560,2,1545,1,13200.0,264.0,12936.0
15041,937,2,2,1,560,2,1545,2,10800.0,2160.0,19440.0
15042,194,1,,2,607,470,1654,2,13500.0,540.0,26460.0
15043,194,1,,1,607,470,1654,3,12600.0,3780.0,34020.0
15044,700,1,,2,803,2394,190,1,15000.0,0.0,15000.0
15045,890,2,4,1,563,4,1322,1,13200.0,660.0,12540.0
15046,760,1,,2,825,898,1855,3,15750.0,4725.0,42525.0
15047,1398,1,,1,650,684,550,2,12000.0,2400.0,21600.0
15048,995,2,1,1,714,1,2029,3,12000.0,0.0,36000.0
15049,995,2,1,2,714,1,2029,2,15750.0,630.0,30870.0
15050,995,2,1,2,714,1,2029,1,15750.0,1575.0,14175.0
15051,897,2,4,2,753,4,1735,1,15000.0,1500.0,13500.0
15052,1326,1,,1,958,758,2270,3,12000.0,1800.0,34200.0
15053,1043,1,,2,392,71,454,1,15000.0,1500.0,13500.0
15054,713,2,2,2,712,2,1106,2,15000.0,0.0,30000.0
15055,713,2,2,2,712,2,1106,1,15000.0,300.0,14700.0
15056,1337,1,,1,854,166,295,2,12000.0,0.0,24000.0
15057,1129,2,3,1,579,3,2921,3,12600.0,1890.0,35910.0
15058,212,1,,1,908,2454,2885,2,10800.0,1080.0,20520.0
15059,29,1,,2,425,1816,886,3,16500.0,4950.0,44550.0
15060,248,2,4,1,734,4,3169,3,12600.0,3780.0,34020.0
15061,82,1,,1,448,1790,4,1,12000.0,600.0,11400.0
15062,110,1,,2,846,1672,1543,1,13500.0,1350.0,12150.0
15063,110,1,,2,846,1672,1543,2,15000.0,1500.0,28500.0
15064,110,1,,1,846,1672,1543,3,12000.0,1800.0,34200.0
15065,304,2,2,1,831,2,739,3,12000.0,1800.0,34200.0
15066,1105,1,,2,525,621,1866,3,15000.0,2250.0,42750.0
15067,829,2,1,2,659,1,1086,1,16500.0,1650.0,14850.0
15068,1060,1,,1,777,2263,634,3,12000.0,3600.0,32400.0
15069,1063,1,,2,570,2414,2830,3,15750.0,945.0,46305.0
15070,453,2,4,1,769,4,2330,2,12000.0,2400.0,21600.0
15071,259,2,4,2,704,4,71,1,15000.0,300.0,14700.0
15072,132,2,2,1,618,2,1135,3,10800.0,648.0,31752.0
15073,1141,1,,2,843,1454,2101,2,13500.0,0.0,27000.0
15074,72,2,4,1,776,4,2357,1,12000.0,1200.0,10800.0
15075,1195,1,,2,649,2794,1521,3,15000.0,4500.0,40500.0
15076,1166,2,2,2,750,2,336,1,13500.0,0.0,13500.0
15077,170,2,2,1,817,2,2870,2,12000.0,480.0,23520.0
15078,9,1,,2,938,2571,,1,15750.0,1575.0,14175.0
15079,1210,1,,2,814,1081,1617,3,15000.0,900.0,44100.0
15080,1210,1,,2,814,1081,1617,3,16500.0,2475.0,47025.0
15081,1182,1,,1,873,1708,1027,3,13200.0,0.0,39600.0
15082,236,2,2,1,391,2,2580,1,12000.0,0.0,12000.0
15083,1315,1,,1,909,776,1496,2,10800.0,0.0,21600.0
15084,822,1,,1,621,93,1738,1,10800.0,540.0,10260.0
15085,1312,1,,2,715,667,,3,16500.0,4950.0,44550.0
15086,1312,1,,2,715,667,,1,15000.0,750.0,14250.0
15087,473,1,,1,873,2066,1589,3,12000.0,0.0,36000.0
15088,473,1,,1,873,2066,1589,2,12000.0,480.0,23520.0
15089,817,2,2,2,806,2,39,2,15750.0,630.0,30870.0
15090,790,1,,1,402,1755,2765,2,12000.0,0.0,24000.0
15091,661,2,2,2,446,2,,1,16500.0,1650.0,14850.0
15092,1168,1,,2,637,2677,1811,3,15750.0,0.0,47250.0
15093,1168,1,,2,637,2677,1811,2,13500.0,2700.0,24300.0
15094,713,1,,1,679,100,3134,1,12000.0,600.0,11400.0
15095,713,1,,2,679,100,3134,2,15000.0,0.0,30000.0
15096,713,1,,2,679,100,3134,3,15000.0,4500.0,40500.0
15097,265,2,3,2,749,3,2551,3,15750.0,2362.5,44887.5
15098,1243,1,,2,424,2517,1303,3,15000.0,2250.0,42750.0
15099,1053,1,,1,765,1652,2389,3,12600.0,1890.0,35910.0
15100,1364,1,,2,743,2401,1237,2,15000.0,1500.0,28500.0
15101,1364,1,,1,743,2401,1237,3,12000.0,1800.0,34200.0
15102,1436,1,,2,875,2547,,3,15000.0,2250.0,42750.0
15103,1436,1,,1,875,2547,,2,12000.0,1200.0,22800.0
15104,34,2,4,2,525,4,985,3,15000.0,0.0,45000.0
15105,353,2,4,2,867,4,1465,2,16500.0,0.0,33000.0
15106,353,2,4,1,867,4,1465,2,12600.0,1260.0,23940.0
15107,353,2,4,1,867,4,1465,3,13200.0,792.0,38808.0
15108,1009,2,3,1,883,3,458,2,12000.0,0.0,24000.0
15109,295,2,3,1,538,3,1776,3,12000.0,1800.0,34200.0
15110,1354,2,4,1,939,4,2812,3,12600.0,1890.0,35910.0
15111,1354,2,4,2,939,4,2812,1,15000.0,1500.0,13500.0
15112,514,2,2,1,956,2,2442,3,12600.0,0.0,37800.0
15113,514,2,2,2,956,2,2442,2,15000.0,1500.0,28500.0
15114,1453,2,1,1,959,1,954,1,10800.0,1080.0,9720.0
15115,879,1,,2,391,2469,550,2,15750.0,630.0,30870.0
15116,304,2,3,1,956,3,2458,3,13200.0,792.0,38808.0
15117,191,1,,2,429,2689,1177,2,16500.0,3300.0,29700.0
15118,735,2,1,1,552,1,1384,3,10800.0,1620.0,30780.0
15119,735,2,1,2,552,1,1384,1,15000.0,0.0,15000.0
15120,735,2,1,2,552,1,1384,3,15000.0,900.0,44100.0
15121,1425,1,,1,947,2949,748,1,13200.0,264.0,12936.0
15122,433,2,2,2,599,2,537,2,15000.0,1500.0,28500.0
15123,433,2,2,1,599,2,537,1,12600.0,0.0,12600.0
15124,58,2,3,1,529,3,2045,1,12000.0,240.0,11760.0
15125,624,2,4,2,894,4,2992,2,15750.0,0.0,31500.0
15126,624,2,4,2,894,4,2992,3,15000.0,900.0,44100.0
15127,624,2,4,1,894,4,2992,2,12000.0,0.0,24000.0
15128,1309,2,4,1,378,4,2529,1,12600.0,0.0,12600.0
15129,868,2,3,2,546,3,426,2,15000.0,3000.0,27000.0
15130,1187,2,2,2,918,2,1875,1,15000.0,1500.0,13500.0
15131,357,1,,1,947,60,2105,1,12000.0,600.0,11400.0
15132,1131,1,,1,520,2975,1470,1,12000.0,0.0,12000.0
15133,1131,1,,1,520,2975,1470,1,13200.0,1320.0,11880.0
15134,478,1,,1,404,3192,,2,12000.0,0.0,24000.0
15135,478,1,,2,404,3192,,3,15750.0,0.0,47250.0
15136,10,1,,1,425,2173,151,3,10800.0,3240.0,29160.0
15137,10,1,,1,425,2173,151,3,13200.0,3960.0,35640.0
15138,804,1,,2,970,869,,3,16500.0,4950.0,44550.0
15139,1074,1,,2,794,432,609,1,15000.0,0.0,15000.0
15140,776,1,,2,810,2738,1967,2,15750.0,1575.0,29925.0
15141,776,1,,2,810,2738,1967,3,15000.0,900.0,44100.0
15142,1118,2,2,2,874,2,2275,2,15750.0,1575.0,29925.0
15143,218,1,,1,876,1613,2814,3,12000.0,0.0,36000.0
15144,218,1,,1,876,1613,2814,1,12600.0,1260.0,11340.0
15145,218,1,,2,876,1613,2814,2,15000.0,3000.0,27000.0
15146,498,2,3,1,995,3,2307,2,12000.0,0.0,24000.0
15147,498,2,3,1,995,3,2307,3,12000.0,720.0,35280.0
15148,989,2,4,2,925,4,2941,3,15000.0,4500.0,40500.0
15149,542,2,2,2,838,2,1831,3,15000.0,0.0,45000.0
15150,542,2,2,1,838,2,1831,2,10800.0,2160.0,19440.0
15151,1024,2,4,1,911,4,2043,2,12000.0,1200.0,22800.0
15152,1210,2,2,1,735,2,825,1,12600.0,1260.0,11340.0
15153,68,1,,1,517,290,3032,2,12600.0,2520.0,22680.0
15154,605,1,,1,416,1642,,3,12000.0,720.0,35280.0
15155,599,2,4,1,471,4,2370,3,12000.0,3600.0,32400.0
15156,599,2,4,2,471,4,2370,1,15000.0,1500.0,13500.0
15157,1193,2,3,1,896,3,706,3,12000.0,720.0,35280.0
15158,558,1,,2,844,1432,3188,2,15000.0,600.0,29400.0
15159,332,2,2,2,794,2,2687,3,13500.0,810.0,39690.0
15160,860,1,,2,585,2927,1796,3,16500.0,2475.0,47025.0
15161,860,1,,2,585,2927,1796,1,13500.0,1350.0,12150.0
15162,1028,2,3,2,746,3,311,2,15750.0,3150.0,28350.0
15163,1028,2,3,1,746,3,311,3,10800.0,1620.0,30780.0
15164,677,1,,1,801,521,841,3,12000.0,3600.0,32400.0
15165,804,2,2,2,465,2,898,1,15750.0,1575.0,14175.0
15166,1101,2,1,2,822,1,539,2,13500.0,0.0,27000.0
15167,1085,1,,2,538,3184,,1,15000.0,0.0,15000.0
15168,1085,1,,2,538,3184,,3,15000.0,900.0,44100.0
15169,1085,1,,2,538,3184,,2,13500.0,1350.0,25650.0
15170,625,1,,2,865,1174,1650,2,15000.0,1500.0,28500.0
15171,88,1,,2,729,493,1292,3,13500.0,4050.0,36450.0
15172,509,1,,2,979,2307,3004,1,15750.0,0.0,15750.0
15173,1065,2,3,1,620,3,817,3,12000.0,720.0,35280.0
15174,1065,2,3,1,620,3,817,2,10800.0,0.0,21600.0
15175,1065,2,3,2,620,3,817,1,15000.0,1500.0,13500.0
15176,1073,2,4,2,485,4,1034,2,13500.0,0.0,27000.0
15177,945,2,1,2,521,1,1975,3,15000.0,4500.0,40500.0
15178,601,2,4,2,738,4,1253,1,16500.0,825.0,15675.0
15179,1237,1,,1,829,193,,3,12600.0,3780.0,34020.0
15180,1237,1,,1,829,193,,3,12000.0,720.0,35280.0
15181,1131,1,,1,401,2530,2190,1,12600.0,0.0,12600.0
15182,1131,1,,2,401,2530,2190,3,13500.0,4050.0,36450.0
15183,1016,2,4,2,812,4,2712,2,15000.0,1500.0,28500.0
15184,1016,2,4,1,812,4,2712,1,12000.0,1200.0,10800.0
15185,338,2,1,2,435,1,727,2,15750.0,630.0,30870.0
15186,1011,2,3,1,886,3,2088,3,12600.0,3780.0,34020.0
15187,440,1,,2,824,2883,,3,15000.0,900.0,44100.0
15188,176,1,,1,821,2931,2293,2,12600.0,0.0,25200.0
15189,176,1,,1,821,2931,2293,2,12000.0,0.0,24000.0
15190,60,1,,1,585,615,2233,2,12000.0,2400.0,21600.0
15191,986,2,3,2,832,3,125,3,15750.0,0.0,47250.0
15192,538,1,,2,542,2489,2450,2,15000.0,3000.0,27000.0
15193,1204,1,,1,520,406,1314,1,10800.0,540.0,10260.0
15194,1204,1,,2,520,406,1314,2,13500.0,2700.0,24300.0
15195,1388,2,2,2,742,2,1073,2,15000.0,0.0,30000.0
15196,1388,2,2,1,742,2,1073,2,12000.0,2400.0,21600.0
15197,778,1,,1,626,77,2298,2,12000.0,2400.0,21600.0
15198,715,2,3,1,396,3,1924,2,12000.0,480.0,23520.0
15199,203,2,1,2,377,1,536,1,15000.0,1500.0,13500.0
15200,928,2,2,2,565,2,1321,1,15000.0,0.0,15000.0
15201,750,1,,2,779,2583,2741,2,13500.0,0.0,27000.0
15202,750,1,,1,779,2583,2741,3,12000.0,720.0,35280.0
15203,253,1,,1,723,2105,636,2,13200.0,2640.0,23760.0
15204,441,2,2,2,490,2,2993,3,15750.0,4725.0,42525.0
15205,441,2,2,1,490,2,2993,1,12600.0,1260.0,11340.0
15206,1401,1,,2,575,2339,1920,3,15000.0,900.0,44100.0
15207,45,1,,1,442,2754,2207,1,12000.0,1200.0,10800.0
15208,56,1,,2,960,2927,2287,3,13500.0,810.0,39690.0
15209,517,1,,2,499,1954,2716,2,13500.0,540.0,26460.0
15210,517,1,,1,499,1954,2716,2,12000.0,0.0,24000.0
15211,385,2,1,2,865,1,860,1,15000.0,750.0,14250.0
15212,1268,1,,2,368,45,414,3,13500.0,2025.0,38475.0
15213,1268,1,,1,368,45,414,2,10800.0,1080.0,20520.0
15214,1260,2,3,1,635,3,2144,3,12000.0,720.0,35280.0
15215,1260,2,3,2,635,3,2144,3,15000.0,900.0,44100.0
15216,744,1,,2,515,800,1970,2,15750.0,630.0,30870.0
15217,625,1,,1,477,1414,,1,12000.0,0.0,12000.0
15218,1177,1,,2,788,2392,,1,15000.0,0.0,15000.0
15219,590,2,3,2,833,3,2207,3,15000.0,0.0,45000.0
15220,1200,1,,2,366,454,2135,1,15750.0,787.5,14962.5
15221,554,1,,1,537,1211,880,1,13200.0,660.0,12540.0
15222,554,1,,2,537,1211,880,3,15000.0,4500.0,40500.0
15223,546,1,,2,693,1623,2536,2,15750.0,630.0,30870.0
15224,895,2,3,1,589,3,427,3,12000.0,720.0,35280.0
15225,895,2,3,1,589,3,427,1,10800.0,0.0,10800.0
15226,895,2,3,1,589,3,427,2,12000.0,2400.0,21600.0
15227,850,1,,1,779,2391,2243,2,12000.0,0.0,24000.0
15228,850,1,,2,779,2391,2243,2,15000.0,3000.0,27000.0
15229,960,1,,2,984,2273,2252,2,15000.0,600.0,29400.0
15230,960,1,,2,984,2273,2252,2,15000.0,3000.0,27000.0
15231,46,1,,1,920,685,,3,13200.0,3960.0,35640.0
15232,46,1,,1,920,685,,1,10800.0,0.0,10800.0
15233,46,1,,2,920,685,,2,13500.0,1350.0,25650.0
15234,519,1,,2,774,2680,707,2,13500.0,1350.0,25650.0
15235,1232,1,,1,603,476,2172,2,12000.0,480.0,23520.0
15236,452,2,3,1,685,3,2288,2,12000.0,2400.0,21600.0
15237,754,1,,1,693,1991,1549,1,12000.0,240.0,11760.0
15238,1069,2,3,1,580,3,1241,2,10800.0,2160.0,19440.0
15239,184,1,,2,398,1789,193,2,15000.0,0.0,30000.0
15240,661,1,,2,755,709,6,3,15000.0,0.0,45000.0
15241,296,1,,2,995,356,1054,3,15000.0,2250.0,42750.0
15242,296,1,,2,995,356,1054,3,15750.0,2362.5,44887.5
15243,1411,1,,2,526,1301,961,2,15000.0,1500.0,28500.0
15244,264,1,,1,824,316,989,2,13200.0,2640.0,23760.0
15245,394,2,1,1,547,1,916,2,12000.0,480.0,23520.0
15246,1339,1,,1,923,3147,2638,2,13200.0,528.0,25872.0
15247,1339,1,,1,923,3147,2638,3,12000.0,0.0,36000.0
15248,1339,1,,1,923,3147,2638,3,12000.0,1800.0,34200.0
15249,1351,2,1,2,431,1,2366,1,15000.0,0.0,15000.0
15250,288,2,4,2,627,4,3111,2,15750.0,0.0,31500.0
15251,288,2,4,2,627,4,3111,2,15000.0,600.0,29400.0
15252,438,1,,2,921,1747,612,1,15000.0,1500.0,13500.0
15253,890,2,3,2,398,3,1353,2,15000.0,3000.0,27000.0
15254,1257,1,,2,505,1146,726,1,15750.0,1575.0,14175.0
15255,1210,2,2,2,895,2,2430,2,15750.0,630.0,30870.0
15256,1037,1,,1,913,437,821,1,12000.0,0.0,12000.0
15257,1037,1,,1,913,437,821,1,13200.0,264.0,12936.0
15258,90,2,1,2,419,1,2306,3,15750.0,945.0,46305.0
15259,90,2,1,1,419,1,2306,2,12000.0,0.0,24000.0
15260,214,1,,1,946,1040,603,3,12000.0,720.0,35280.0
15261,866,1,,1,430,1273,1964,1,13200.0,0.0,13200.0
15262,1215,2,4,1,733,4,2031,3,10800.0,0.0,32400.0
15263,181,2,2,2,567,2,3018,3,16500.0,4950.0,44550.0
15264,1416,1,,2,707,1496,1124,3,15000.0,900.0,44100.0
15265,1460,1,,1,413,1095,2642,1,12000.0,240.0,11760.0
15266,176,1,,2,611,2855,410,2,15750.0,630.0,30870.0
15267,299,1,,2,663,1237,,2,16500.0,1650.0,31350.0
15268,211,1,,2,411,349,3067,3,15000.0,4500.0,40500.0
15269,1116,2,2,2,833,2,281,3,13500.0,2025.0,38475.0
15270,93,1,,1,624,2572,2912,2,12600.0,0.0,25200.0
15271,93,1,,2,624,2572,2912,1,15000.0,1500.0,13500.0
15272,9,2,4,2,793,4,1018,1,15000.0,1500.0,13500.0
15273,9,2,4,1,793,4,1018,1,13200.0,1320.0,11880.0
15274,423,2,1,2,740,1,2961,3,15000.0,0.0,45000.0
15275,423,2,1,2,740,1,2961,3,15000.0,4500.0,40500.0
15276,686,2,2,2,786,2,1021,1,15000.0,750.0,14250.0
15277,732,2,3,1,468,3,,3,13200.0,0.0,39600.0
15278,882,2,4,1,726,4,2367,3,12000.0,720.0,35280.0
15279,412,1,,2,401,922,2128,2,16500.0,0.0,33000.0
15280,253,1,,1,480,467,2155,2,12000.0,480.0,23520.0
15281,1018,1,,2,799,1031,2344,3,15750.0,945.0,46305.0
15282,11,1,,2,832,60,3007,2,13500.0,0.0,27000.0
15283,11,1,,2,832,60,3007,1,15000.0,750.0,14250.0
15284,1385,1,,1,632,1447,,1,10800.0,1080.0,9720.0
15285,1460,2,2,1,861,2,849,3,13200.0,792.0,38808.0
15286,576,1,,2,845,176,723,1,15000.0,0.0,15000.0
15287,576,1,,1,845,176,723,3,12000.0,3600.0,32400.0
15288,576,1,,1,845,176,723,2,13200.0,528.0,25872.0
15289,34,2,3,1,617,3,2104,3,10800.0,0.0,32400.0
15290,737,1,,1,555,211,2866,1,12000.0,1200.0,10800.0
15291,737,1,,2,555,211,2866,1,15000.0,750.0,14250.0
15292,637,2,3,1,776,3,707,2,13200.0,528.0,25872.0
15293,1248,2,1,2,491,1,2734,2,15000.0,3000.0,27000.0
15294,874,1,,2,368,1134,746,3,15000.0,4500.0,40500.0
15295,1375,2,1,2,578,1,,3,15750.0,4725.0,42525.0
15296,1375,2,1,2,578,1,,2,15000.0,600.0,29400.0
15297,922,2,4,2,437,4,1183,1,15750.0,1575.0,14175.0
15298,921,1,,2,690,1420,1830,3,15000.0,900.0,44100.0
15299,921,1,,1,690,1420,1830,3,12600.0,1890.0,35910.0
15300,1439,2,1,1,629,1,1736,3,10800.0,0.0,32400.0
15301,327,1,,1,521,2623,3138,3,12000.0,3600.0,32400.0
15302,475,2,2,1,415,2,3089,2,12000.0,480.0,23520.0
15303,900,1,,1,722,1139,2899,3,12000.0,3600.0,32400.0
15304,900,1,,1,722,1139,2899,2,12000.0,0.0,24000.0
15305,1009,2,2,2,725,2,465,2,15000.0,3000.0,27000.0
15306,862,2,1,1,877,1,2390,2,13200.0,528.0,25872.0
15307,1461,1,,1,672,3134,5,3,13200.0,792.0,38808.0
15308,497,2,2,2,748,2,1246,2,15000.0,0.0,30000.0
15309,854,1,,2,904,659,,3,15000.0,2250.0,42750.0
15310,1350,1,,1,575,3131,2073,3,10800.0,648.0,31752.0
15311,1350,1,,1,575,3131,2073,1,12600.0,1260.0,11340.0
15312,400,2,3,1,596,3,1616,1,12000.0,240.0,11760.0
15313,528,2,1,1,714,1,1387,3,12000.0,720.0,35280.0
15314,528,2,1,1,714,1,1387,3,12000.0,720.0,35280.0
15315,628,1,,1,625,96,432,3,12000.0,0.0,36000.0
15316,1237,2,2,2,997,2,1564,3,15000.0,900.0,44100.0
15317,1164,1,,2,865,665,2110,2,15750.0,1575.0,29925.0
15318,256,1,,1,844,767,842,1,12600.0,1260.0,11340.0
15319,63,1,,1,576,624,756,3,13200.0,792.0,38808.0
15320,63,1,,2,576,624,756,1,15000.0,1500.0,13500.0
15321,2,2,4,1,712,4,,2,12000.0,0.0,24000.0
15322,796,2,3,1,416,3,,3,12000.0,3600.0,32400.0
15323,247,1,,1,406,385,,2,12000.0,480.0,23520.0
15324,775,1,,2,927,903,,2,13500.0,540.0,26460.0
15325,224,2,1,1,404,1,273,2,12000.0,480.0,23520.0
15326,224,2,1,1,404,1,273,3,12000.0,1800.0,34200.0
15327,664,1,,1,594,1629,1044,1,12000.0,240.0,11760.0
15328,664,1,,2,594,1629,1044,3,15000.0,4500.0,40500.0
15329,1027,1,,1,621,2414,2459,1,12600.0,630.0,11970.0
15330,673,2,3,2,504,3,3150,3,15750.0,2362.5,44887.5
15331,1017,1,,1,643,100,1048,2,12000.0,2400.0,21600.0
15332,1017,1,,2,643,100,1048,1,15000.0,750.0,14250.0
15333,1459,1,,1,413,1185,,1,12600.0,252.0,12348.0
15334,860,1,,2,703,2875,3119,1,15000.0,750.0,14250.0
15335,860,1,,1,703,2875,3119,3,12000.0,1800.0,34200.0
15336,860,1,,2,703,2875,3119,3,15000.0,2250.0,42750.0
15337,8,2,2,2,973,2,,3,15750.0,945.0,46305.0
15338,8,2,2,1,973,2,,3,13200.0,792.0,38808.0
15339,158,2,4,1,958,4,1064,3,12000.0,1800.0,34200.0
15340,547,2,2,1,769,2,1499,1,12000.0,1200.0,10800.0
15341,1192,1,,1,375,187,1885,2,10800.0,0.0,21600.0
15342,1192,1,,1,375,187,1885,2,12000.0,480.0,23520.0
15343,1192,1,,2,375,187,1885,3,15000.0,0.0,45000.0
15344,383,2,4,1,1002,4,2817,3,12000.0,720.0,35280.0
15345,87,1,,2,446,1738,2221,2,15000.0,3000.0,27000.0
15346,972,1,,1,624,1370,1862,1,12000.0,1200.0,10800.0
15347,972,1,,2,624,1370,1862,3,16500.0,990.0,48510.0
15348,10,2,1,2,753,1,391,3,15000.0,4500.0,40500.0
15349,10,2,1,1,753,1,391,3,10800.0,0.0,32400.0
15350,833,2,2,2,577,2,300,2,15000.0,0.0,30000.0
15351,66,2,3,2,502,3,850,2,15000.0,600.0,29400.0
15352,982,1,,2,415,279,885,2,15000.0,1500.0,28500.0
15353,876,1,,1,939,2227,2893,1,12000.0,0.0,12000.0
15354,904,2,3,1,598,3,2377,2,12600.0,2520.0,22680.0
15355,1010,1,,2,949,3175,3143,1,15000.0,1500.0,13500.0
15356,755,1,,2,957,939,2237,3,15000.0,900.0,44100.0
15357,755,1,,1,957,939,2237,1,12000.0,0.0,12000.0
15358,1256,2,4,1,467,4,,3,12000.0,3600.0,32400.0
15359,593,2,3,2,948,3,1603,3,15000.0,2250.0,42750.0
15360,593,2,3,1,948,3,1603,1,13200.0,0.0,13200.0
15361,1457,1,,1,586,470,1462,2,12000.0,2400.0,21600.0
15362,1457,1,,1,586,470,1462,1,12000.0,1200.0,10800.0
15363,1334,1,,1,458,7,963,1,12600.0,0.0,12600.0
15364,526,1,,2,866,672,522,2,15000.0,3000.0,27000.0
15365,526,1,,2,866,672,522,2,15000.0,1500.0,28500.0
15366,317,1,,2,867,2115,1486,3,15000.0,0.0,45000.0
15367,317,1,,2,867,2115,1486,3,13500.0,810.0,39690.0
15368,1190,1,,1,810,883,1968,2,13200.0,2640.0,23760.0
15369,589,1,,2,770,363,,3,15750.0,0.0,47250.0
15370,589,1,,2,770,363,,1,15000.0,1500.0,13500.0
15371,589,1,,1,770,363,,2,12000.0,2400.0,21600.0
15372,481,2,3,1,828,3,3012,3,12000.0,1800.0,34200.0
15373,652,2,4,1,414,4,1645,1,12600.0,630.0,11970.0
15374,23,1,,1,646,1247,2356,2,10800.0,1080.0,20520.0
15375,1369,1,,2,654,2637,,2,13500.0,540.0,26460.0
15376,534,1,,2,509,397,2077,1,15000.0,1500.0,13500.0
15377,603,1,,1,908,3054,,2,12600.0,0.0,25200.0
15378,1279,1,,1,635,1168,207,3,12000.0,720.0,35280.0
15379,1451,1,,1,765,3082,1373,1,12000.0,600.0,11400.0
15380,847,1,,1,881,210,2917,3,12000.0,0.0,36000.0
15381,847,1,,2,881,210,2917,3,15000.0,4500.0,40500.0
15382,972,1,,1,849,1446,264,3,12000.0,3600.0,32400.0
15383,972,1,,2,849,1446,264,3,15000.0,2250.0,42750.0
15384,349,1,,1,718,943,3146,1,10800.0,216.0,10584.0
15385,1254,2,2,1,703,2,716,3,12600.0,1890.0,35910.0
15386,1254,2,2,1,703,2,716,1,12600.0,252.0,12348.0
15387,893,1,,1,650,230,,3,12000.0,720.0,35280.0
15388,893,1,,1,650,230,,2,12000.0,2400.0,21600.0
15389,1407,1,,1,695,1539,322,3,12000.0,1800.0,34200.0
15390,1407,1,,2,695,1539,322,3,13500.0,4050.0,36450.0
15391,1407,1,,1,695,1539,322,3,12600.0,756.0,37044.0
15392,378,2,1,2,525,1,626,1,15000.0,300.0,14700.0
15393,615,1,,1,971,1298,3163,1,12600.0,252.0,12348.0
15394,346,2,3,2,624,3,2743,3,15000.0,4500.0,40500.0
15395,807,1,,2,976,1188,121,2,16500.0,0.0,33000.0
15396,14,1,,2,964,644,2570,1,15750.0,0.0,15750.0
15397,14,1,,2,964,644,2570,2,15000.0,1500.0,28500.0
15398,1294,1,,1,622,1009,466,2,12000.0,480.0,23520.0
15399,1294,1,,1,622,1009,466,3,12000.0,720.0,35280.0
15400,1462,1,,2,984,2490,764,2,15000.0,600.0,29400.0
15401,669,2,3,2,709,3,2981,1,15750.0,787.5,14962.5
15402,420,2,2,1,619,2,3032,3,12000.0,3600.0,32400.0
15403,1297,1,,2,844,3085,2566,1,15000.0,750.0,14250.0
15404,1297,1,,1,844,3085,2566,1,12600.0,630.0,11970.0
15405,1235,2,4,1,831,4,753,3,12600.0,756.0,37044.0
15406,1244,1,,1,631,571,1627,3,12000.0,3600.0,32400.0
15407,320,1,,2,934,2981,1358,3,15000.0,4500.0,40500.0
15408,320,1,,2,934,2981,1358,3,16500.0,4950.0,44550.0
15409,1240,1,,1,464,1575,,2,10800.0,1080.0,20520.0
15410,486,1,,2,804,2286,2938,2,15000.0,0.0,30000.0
15411,789,1,,1,572,3006,2425,1,12000.0,0.0,12000.0
15412,147,2,4,2,877,4,1929,3,15000.0,0.0,45000.0
15413,147,2,4,2,877,4,1929,2,15750.0,0.0,31500.0
15414,82,2,4,1,956,4,2978,2,12000.0,2400.0,21600.0
15415,566,2,4,2,454,4,2641,2,15750.0,630.0,30870.0
15416,566,2,4,1,454,4,2641,2,10800.0,0.0,21600.0
15417,1471,2,4,1,370,4,1925,3,10800.0,0.0,32400.0
15418,1471,2,4,1,370,4,1925,1,12600.0,630.0,11970.0
15419,1471,2,4,2,370,4,1925,2,13500.0,2700.0,24300.0
15420,336,1,,1,842,1228,1547,3,12000.0,0.0,36000.0
15421,792,1,,2,859,1019,682,1,15750.0,315.0,15435.0
15422,1447,1,,2,499,3127,2713,3,13500.0,0.0,40500.0
15423,1214,2,3,1,624,3,1605,1,13200.0,1320.0,11880.0
15424,973,2,3,1,910,3,1114,2,12000.0,1200.0,22800.0
15425,1169,2,1,2,933,1,2321,3,15000.0,4500.0,40500.0
15426,843,1,,2,433,213,1611,2,15750.0,3150.0,28350.0
15427,1393,1,,1,982,1849,865,2,13200.0,528.0,25872.0
15428,800,2,2,2,385,2,2555,2,15000.0,1500.0,28500.0
15429,800,2,2,1,385,2,2555,2,12000.0,0.0,24000.0
15430,1084,2,4,1,892,4,1443,2,12600.0,2520.0,22680.0
15431,793,2,2,1,633,2,497,2,12000.0,2400.0,21600.0
15432,1242,2,2,2,983,2,912,1,15000.0,750.0,14250.0
15433,1242,2,2,1,983,2,912,1,10800.0,540.0,10260.0
15434,525,1,,1,900,2527,1017,2,13200.0,0.0,26400.0
15435,1004,2,3,1,703,3,2596,2,12000.0,0.0,24000.0
15436,1138,1,,1,486,709,1328,2,12600.0,1260.0,23940.0
15437,1420,1,,2,855,1900,1534,3,15000.0,900.0,44100.0
15438,603,1,,2,581,2133,1875,1,15000.0,1500.0,13500.0
15439,603,1,,2,581,2133,1875,1,15000.0,0.0,15000.0
15440,170,2,4,2,618,4,2774,1,13500.0,270.0,13230.0
15441,170,2,4,1,618,4,2774,3,13200.0,1980.0,37620.0
15442,170,2,4,1,618,4,2774,2,12600.0,1260.0,23940.0
15443,850,1,,1,752,1927,280,2,10800.0,2160.0,19440.0
15444,1128,1,,2,987,712,1688,1,16500.0,825.0,15675.0
15445,1128,1,,2,987,712,1688,3,16500.0,4950.0,44550.0
15446,561,1,,2,652,3057,2234,1,16500.0,825.0,15675.0
15447,1179,1,,2,733,1539,,3,15750.0,945.0,46305.0
15448,461,1,,2,639,2871,3169,1,16500.0,1650.0,14850.0
15449,1276,1,,1,404,1604,3099,2,12000.0,0.0,24000.0
15450,1276,1,,2,404,1604,3099,2,15000.0,600.0,29400.0
15451,1306,2,2,2,598,2,1201,3,15000.0,0.0,45000.0
15452,94,1,,1,605,2161,1566,3,10800.0,0.0,32400.0
15453,331,1,,2,513,2483,2737,1,15750.0,0.0,15750.0
15454,331,1,,1,513,2483,2737,1,13200.0,1320.0,11880.0
15455,667,1,,1,579,1090,2878,3,10800.0,1620.0,30780.0
15456,667,1,,1,579,1090,2878,3,12000.0,720.0,35280.0
15457,353,2,4,1,679,4,96,3,12000.0,1800.0,34200.0
15458,501,1,,2,991,1477,3078,1,15000.0,300.0,14700.0
15459,1475,1,,2,489,618,1109,1,15000.0,750.0,14250.0
15460,1262,1,,1,680,1481,1989,1,12600.0,1260.0,11340.0
15461,1262,1,,2,680,1481,1989,2,15750.0,3150.0,28350.0
15462,726,1,,2,518,1804,154,3,16500.0,2475.0,47025.0
15463,92,1,,2,760,1946,120,1,15750.0,0.0,15750.0
15464,92,1,,2,760,1946,120,3,15000.0,4500.0,40500.0
15465,157,2,4,1,624,4,860,1,12000.0,240.0,11760.0
15466,157,2,4,1,624,4,860,1,12000.0,0.0,12000.0
15467,498,2,2,2,496,2,582,3,15000.0,0.0,45000.0
15468,508,1,,1,539,151,795,2,12000.0,480.0,23520.0
15469,254,2,4,1,506,4,2841,2,12000.0,2400.0,21600.0
15470,254,2,4,1,506,4,2841,3,10800.0,1620.0,30780.0
15471,659,2,2,1,623,2,1136,3,12600.0,3780.0,34020.0
15472,659,2,2,2,623,2,1136,1,15750.0,315.0,15435.0
15473,947,1,,2,451,2451,2749,2,16500.0,660.0,32340.0
15474,430,1,,2,982,362,1372,3,15000.0,4500.0,40500.0
15475,837,1,,2,669,1215,2818,2,15000.0,1500.0,28500.0
15476,837,1,,1,669,1215,2818,3,12000.0,720.0,35280.0
15477,425,2,1,1,390,1,1014,2,13200.0,528.0,25872.0
15478,425,2,1,2,390,1,1014,2,15000.0,1500.0,28500.0
15479,425,2,1,2,390,1,1014,3,15000.0,4500.0,40500.0
15480,1033,1,,1,688,2830,69,1,10800.0,540.0,10260.0
15481,893,1,,1,713,100,2073,1,12000.0,0.0,12000.0
15482,863,1,,1,962,1300,808,2,12000.0,0.0,24000.0
15483,444,1,,1,864,896,2657,2,12000.0,2400.0,21600.0
15484,230,1,,1,441,1816,,1,12600.0,0.0,12600.0
15485,230,1,,1,441,1816,,2,10800.0,2160.0,19440.0
15486,928,1,,1,381,542,810,2,10800.0,432.0,21168.0
15487,928,1,,2,381,542,810,1,15000.0,0.0,15000.0
15488,42,1,,1,795,218,3152,1,10800.0,540.0,10260.0
15489,42,1,,2,795,218,3152,3,16500.0,0.0,49500.0
15490,42,1,,2,795,218,3152,2,15000.0,0.0,30000.0
15491,14,2,1,2,514,1,358,3,13500.0,4050.0,36450.0
15492,14,2,1,2,514,1,358,3,15000.0,2250.0,42750.0
15493,294,2,3,1,611,3,18,2,13200.0,2640.0,23760.0
15494,24,1,,1,724,1569,,3,12000.0,1800.0,34200.0
15495,1292,1,,1,912,389,2589,2,12000.0,2400.0,21600.0
15496,837,1,,2,647,1786,2534,3,15000.0,900.0,44100.0
15497,1151,1,,1,873,245,2579,1,12000.0,600.0,11400.0
15498,1151,1,,1,873,245,2579,1,12000.0,0.0,12000.0
15499,150,1,,2,823,2840,1928,3,13500.0,4050.0,36450.0
15500,909,1,,2,502,1262,,1,15000.0,1500.0,13500.0
15501,966,1,,2,764,654,584,1,16500.0,0.0,16500.0
15502,966,1,,2,764,654,584,1,15000.0,300.0,14700.0
15503,199,1,,2,586,2287,2679,3,15000.0,900.0,44100.0
15504,199,1,,2,586,2287,2679,3,15000.0,900.0,44100.0
15505,199,1,,2,586,2287,2679,1,13500.0,0.0,13500.0
15506,177,1,,2,797,1427,21,3,16500.0,2475.0,47025.0
15507,82,1,,1,555,35,1861,2,10800.0,1080.0,20520.0
15508,141,2,2,1,749,2,1219,3,10800.0,648.0,31752.0
15509,916,1,,1,587,1013,2101,1,12000.0,0.0,12000.0
15510,916,1,,1,587,1013,2101,3,12000.0,720.0,35280.0
15511,916,1,,2,587,1013,2101,2,15000.0,3000.0,27000.0
15512,1357,2,1,2,926,1,859,2,15000.0,0.0,30000.0
15513,658,1,,2,820,467,424,1,13500.0,0.0,13500.0
15514,658,1,,2,820,467,424,3,15000.0,900.0,44100.0
15515,658,1,,2,820,467,424,2,15000.0,3000.0,27000.0
15516,234,2,1,2,749,1,3185,2,16500.0,0.0,33000.0
15517,162,1,,2,785,569,,1,15750.0,315.0,15435.0
15518,162,1,,2,785,569,,2,15750.0,630.0,30870.0
15519,647,1,,1,770,2533,310,1,12600.0,0.0,12600.0
15520,284,1,,2,503,113,1988,1,15000.0,750.0,14250.0
15521,284,1,,1,503,113,1988,3,10800.0,3240.0,29160.0
15522,8,1,,1,887,815,2335,1,12000.0,600.0,11400.0
15523,1260,1,,1,764,2289,927,3,13200.0,3960.0,35640.0
15524,1435,2,2,1,519,2,1399,2,12000.0,0.0,24000.0
15525,1435,2,2,1,519,2,1399,1,13200.0,1320.0,11880.0
15526,131,1,,2,788,2930,1969,3,16500.0,4950.0,44550.0
15527,10,1,,2,445,314,1303,3,15000.0,0.0,45000.0
15528,736,1,,1,664,2343,1942,2,12000.0,480.0,23520.0
15529,915,2,3,1,660,3,2275,1,13200.0,660.0,12540.0
15530,75,1,,2,569,1765,1203,1,15750.0,1575.0,14175.0
15531,69,2,1,1,522,1,267,1,12600.0,252.0,12348.0
15532,69,2,1,2,522,1,267,1,15750.0,0.0,15750.0
15533,325,2,3,2,650,3,2762,3,13500.0,810.0,39690.0
15534,325,2,3,2,650,3,2762,2,13500.0,0.0,27000.0
15535,610,2,2,2,465,2,,3,16500.0,2475.0,47025.0
15536,610,2,2,2,465,2,,3,15000.0,900.0,44100.0
15537,321,1,,2,727,2243,2030,1,15750.0,0.0,15750.0
15538,1016,1,,2,368,1818,511,2,15750.0,0.0,31500.0
15539,1399,2,2,2,581,2,2335,2,15000.0,0.0,30000.0
15540,1426,1,,1,580,2973,162,3,12000.0,0.0,36000.0
15541,972,2,2,1,502,2,2233,3,12000.0,720.0,35280.0
15542,972,2,2,1,502,2,2233,1,12000.0,0.0,12000.0
15543,972,2,2,2,502,2,2233,1,15000.0,300.0,14700.0
15544,577,1,,1,663,619,,2,12000.0,1200.0,22800.0
15545,311,2,3,1,421,3,1627,3,12000.0,1800.0,34200.0
15546,619,2,1,1,768,1,2960,1,12000.0,600.0,11400.0
15547,619,2,1,2,768,1,2960,3,15000.0,900.0,44100.0
15548,619,2,1,2,768,1,2960,2,15000.0,600.0,29400.0
15549,301,1,,2,725,529,,1,15000.0,750.0,14250.0
15550,1178,1,,2,587,901,2438,2,15000.0,3000.0,27000.0
15551,854,2,4,1,395,4,2191,3,12000.0,720.0,35280.0
15552,854,2,4,1,395,4,2191,3,12000.0,1800.0,34200.0
15553,854,2,4,1,395,4,2191,1,12000.0,0.0,12000.0
15554,622,2,3,1,641,3,2751,3,12000.0,0.0,36000.0
15555,768,1,,2,470,3140,1042,1,15000.0,1500.0,13500.0
15556,719,1,,2,417,527,,3,15000.0,4500.0,40500.0
15557,651,2,4,1,445,4,2971,1,12000.0,1200.0,10800.0
15558,651,2,4,1,445,4,2971,1,12000.0,240.0,11760.0
15559,476,2,1,2,691,1,3115,3,15750.0,0.0,47250.0
15560,340,1,,1,776,2441,2242,2,10800.0,0.0,21600.0
15561,340,1,,1,776,2441,2242,3,12000.0,1800.0,34200.0
15562,1250,2,4,1,937,4,451,3,12000.0,720.0,35280.0
15563,1250,2,4,1,937,4,451,2,12000.0,2400.0,21600.0
15564,760,1,,1,991,2194,1046,3,12000.0,720.0,35280.0
15565,760,1,,1,991,2194,1046,3,12000.0,0.0,36000.0
15566,760,1,,2,991,2194,1046,2,15000.0,1500.0,28500.0
15567,580,1,,1,746,2630,2139,3,13200.0,792.0,38808.0
15568,581,1,,2,621,2482,1037,2,13500.0,2700.0,24300.0
15569,1406,1,,1,715,1686,526,2,12000.0,480.0,23520.0
15570,1406,1,,1,715,1686,526,3,12000.0,720.0,35280.0
15571,1406,1,,2,715,1686,526,1,15000.0,1500.0,13500.0
15572,476,2,1,2,727,1,1514,2,15000.0,600.0,29400.0
15573,1476,2,4,1,688,4,2875,1,12000.0,240.0,11760.0
15574,1476,2,4,1,688,4,2875,2,12000.0,0.0,24000.0
15575,53,1,,2,492,2230,2644,1,15000.0,1500.0,13500.0
15576,86,2,2,2,747,2,,1,15000.0,1500.0,13500.0
15577,86,2,2,1,747,2,,2,12000.0,0.0,24000.0
15578,201,1,,1,798,1669,,1,12000.0,1200.0,10800.0
15579,201,1,,1,798,1669,,1,12000.0,0.0,12000.0
15580,1016,1,,2,834,2244,1113,1,16500.0,0.0,16500.0
15581,1016,1,,2,834,2244,1113,2,15000.0,3000.0,27000.0
15582,514,1,,1,674,750,2909,3,12600.0,1890.0,35910.0
15583,514,1,,1,674,750,2909,3,12000.0,720.0,35280.0
15584,514,1,,2,674,750,2909,3,15750.0,4725.0,42525.0
15585,272,1,,2,836,3134,1105,3,16500.0,4950.0,44550.0
15586,272,1,,1,836,3134,1105,1,10800.0,216.0,10584.0
15587,1027,1,,2,714,3039,2298,2,15750.0,1575.0,29925.0
15588,1027,1,,1,714,3039,2298,1,12000.0,240.0,11760.0
15589,485,1,,1,766,2431,28,2,12000.0,2400.0,21600.0
15590,447,2,2,2,595,2,2539,3,15000.0,0.0,45000.0
15591,1088,2,2,1,824,2,,3,12000.0,1800.0,34200.0
15592,1088,2,2,2,824,2,,2,16500.0,1650.0,31350.0
15593,1092,1,,1,986,2240,1334,3,12000.0,3600.0,32400.0
15594,819,1,,1,947,3062,406,3,12000.0,1800.0,34200.0
15595,1449,2,4,2,696,4,2628,2,15000.0,3000.0,27000.0
15596,1449,2,4,1,696,4,2628,3,12000.0,1800.0,34200.0
15597,806,1,,1,422,1965,2717,2,12000.0,0.0,24000.0
15598,806,1,,1,422,1965,2717,1,12600.0,252.0,12348.0
15599,1478,2,2,2,369,2,2540,3,15000.0,0.0,45000.0
15600,527,2,4,1,905,4,2822,2,12000.0,1200.0,22800.0
15601,1497,2,3,1,789,3,1493,1,13200.0,1320.0,11880.0
15602,36,2,2,2,809,2,2338,1,16500.0,1650.0,14850.0
15603,36,2,2,1,809,2,2338,1,13200.0,0.0,13200.0
15604,169,1,,2,677,233,1914,3,15000.0,900.0,44100.0
15605,915,1,,1,744,512,2875,1,12600.0,630.0,11970.0
15606,1166,1,,1,680,1694,812,3,12000.0,3600.0,32400.0
15607,626,2,4,2,797,4,1304,1,15000.0,300.0,14700.0
15608,1250,2,2,2,580,2,1808,2,15000.0,0.0,30000.0
15609,1250,2,2,1,580,2,1808,2,12000.0,1200.0,22800.0
15610,44,1,,2,924,1310,2521,3,13500.0,4050.0,36450.0
15611,112,1,,1,585,2029,513,3,12000.0,3600.0,32400.0
15612,141,1,,1,720,517,,2,12000.0,480.0,23520.0
15613,330,2,2,2,740,2,298,1,16500.0,330.0,16170.0
15614,1384,1,,2,832,2344,1673,3,15750.0,945.0,46305.0
15615,1086,1,,2,622,1611,,1,15750.0,315.0,15435.0
15616,581,1,,2,872,1961,1516,1,15000.0,1500.0,13500.0
15617,1033,1,,1,764,1684,2780,3,10800.0,0.0,32400.0
15618,1384,1,,1,575,2673,,3,12000.0,0.0,36000.0
15619,1384,1,,2,575,2673,,3,16500.0,4950.0,44550.0
15620,1384,1,,1,575,2673,,2,12600.0,1260.0,23940.0
15621,910,2,4,1,493,4,,1,12000.0,1200.0,10800.0
15622,910,2,4,2,493,4,,2,15750.0,0.0,31500.0
15623,548,1,,1,539,2008,1651,3,12000.0,720.0,35280.0
15624,57,2,2,1,941,2,871,1,12600.0,630.0,11970.0
15625,483,1,,1,399,464,1517,2,12000.0,1200.0,22800.0
15626,1267,1,,1,913,2594,2426,3,10800.0,3240.0,29160.0
15627,1214,1,,1,935,2896,2103,1,12000.0,0.0,12000.0
15628,1214,1,,2,935,2896,2103,2,15000.0,0.0,30000.0
15629,508,1,,1,935,2215,1136,1,12000.0,240.0,11760.0
15630,508,1,,1,935,2215,1136,2,13200.0,0.0,26400.0
15631,508,1,,1,935,2215,1136,3,12000.0,1800.0,34200.0
15632,151,2,2,2,463,2,1776,1,15000.0,750.0,14250.0
15633,1110,2,3,1,766,3,1154,3,10800.0,648.0,31752.0
15634,1110,2,3,1,766,3,1154,2,13200.0,2640.0,23760.0
15635,915,2,1,1,672,1,1520,1,12000.0,600.0,11400.0
15636,915,2,1,2,672,1,1520,2,15000.0,0.0,30000.0
15637,1422,1,,1,420,1714,2319,2,10800.0,432.0,21168.0
15638,1422,1,,1,420,1714,2319,2,12000.0,480.0,23520.0
15639,959,1,,2,817,2492,1433,2,13500.0,2700.0,24300.0
15640,1184,1,,1,387,736,,3,12600.0,3780.0,34020.0
15641,1204,2,4,2,612,4,1858,2,15000.0,3000.0,27000.0
15642,1296,1,,2,913,2436,247,2,13500.0,1350.0,25650.0
15643,160,1,,2,1001,1833,,3,15000.0,2250.0,42750.0
15644,795,1,,2,704,2235,2474,1,13500.0,0.0,13500.0
15645,366,2,3,2,376,3,2729,3,15750.0,0.0,47250.0
15646,707,1,,1,919,3083,849,3,12600.0,756.0,37044.0
15647,326,2,3,2,926,3,579,2,15000.0,3000.0,27000.0
15648,976,1,,1,510,1658,605,2,12000.0,0.0,24000.0
15649,976,1,,2,510,1658,605,2,13500.0,1350.0,25650.0
15650,1276,1,,1,395,246,376,1,13200.0,1320.0,11880.0
15651,1276,1,,1,395,246,376,1,12000.0,240.0,11760.0
15652,172,1,,1,503,1749,,2,12000.0,480.0,23520.0
15653,928,2,1,1,995,1,1237,2,12000.0,480.0,23520.0
15654,334,1,,1,378,1297,2142,1,12600.0,252.0,12348.0
15655,1095,1,,1,806,236,1992,2,12600.0,1260.0,23940.0
15656,923,2,2,2,507,2,788,3,16500.0,2475.0,47025.0
15657,1141,2,2,1,771,2,2201,1,12000.0,0.0,12000.0
15658,318,2,2,1,996,2,1680,3,12600.0,1890.0,35910.0
15659,318,2,2,2,996,2,1680,2,15750.0,1575.0,29925.0
15660,148,1,,2,535,438,2775,1,15000.0,1500.0,13500.0
15661,148,1,,2,535,438,2775,3,15000.0,2250.0,42750.0
15662,592,1,,2,986,2363,346,1,13500.0,675.0,12825.0
15663,944,2,3,2,917,3,1846,1,13500.0,675.0,12825.0
15664,435,2,1,2,488,1,1478,1,16500.0,0.0,16500.0
15665,319,2,4,2,556,4,2152,1,15750.0,315.0,15435.0
15666,1121,1,,2,954,2135,891,3,15750.0,4725.0,42525.0
15667,536,1,,1,437,2990,563,3,12000.0,0.0,36000.0
15668,770,1,,2,376,2796,,3,15750.0,945.0,46305.0
15669,325,2,1,1,641,1,1491,3,12600.0,1890.0,35910.0
15670,325,2,1,1,641,1,1491,1,12000.0,1200.0,10800.0
15671,1496,1,,1,630,2081,2864,1,12000.0,240.0,11760.0
15672,1127,1,,2,659,270,1599,1,15000.0,750.0,14250.0
15673,1127,1,,2,659,270,1599,3,15000.0,900.0,44100.0
15674,356,1,,1,428,470,2216,3,12000.0,3600.0,32400.0
15675,1429,2,3,2,924,3,978,1,15000.0,0.0,15000.0
15676,158,1,,1,535,1453,562,2,10800.0,432.0,21168.0
15677,984,1,,2,898,1234,1203,3,16500.0,4950.0,44550.0
15678,330,2,2,1,746,2,834,2,12000.0,1200.0,22800.0
15679,67,2,1,2,784,1,981,1,13500.0,0.0,13500.0
15680,808,1,,1,648,3019,,1,12000.0,0.0,12000.0
15681,58,2,1,2,487,1,3010,1,15000.0,750.0,14250.0
15682,95,1,,1,536,990,1440,1,12000.0,240.0,11760.0
15683,1234,1,,2,370,1427,,2,15000.0,1500.0,28500.0
15684,1234,1,,1,370,1427,,1,12600.0,1260.0,11340.0
15685,1161,1,,1,642,1097,1607,1,12000.0,0.0,12000.0
15686,1061,2,2,2,963,2,2662,2,15000.0,0.0,30000.0
15687,993,2,4,1,393,4,1213,2,12000.0,480.0,23520.0
15688,1470,2,4,2,439,4,195,1,15000.0,1500.0,13500.0
15689,848,1,,1,996,469,1528,3,12000.0,720.0,35280.0
15690,804,1,,2,862,778,2081,3,15000.0,900.0,44100.0
15691,980,2,4,1,654,4,2816,2,12000.0,1200.0,22800.0
15692,1032,1,,2,788,1468,2954,1,15000.0,750.0,14250.0
15693,1032,1,,1,788,1468,2954,2,12000.0,2400.0,21600.0
15694,160,2,3,2,526,3,2469,2,15000.0,3000.0,27000.0
15695,327,1,,2,707,2542,686,3,15000.0,900.0,44100.0
15696,1002,1,,1,411,1251,1492,1,12600.0,252.0,12348.0
15697,1002,1,,1,411,1251,1492,1,12600.0,252.0,12348.0
15698,1198,1,,1,921,26,3193,1,12600.0,252.0,12348.0
15699,221,1,,1,847,1339,648,1,13200.0,0.0,13200.0
15700,221,1,,2,847,1339,648,3,15000.0,4500.0,40500.0
15701,1373,1,,2,624,1071,956,2,15000.0,0.0,30000.0
15702,952,1,,1,522,2988,2302,1,12000.0,1200.0,10800.0
15703,237,1,,1,392,2372,661,2,10800.0,2160.0,19440.0
15704,237,1,,1,392,2372,661,2,12000.0,1200.0,22800.0
15705,744,2,4,1,411,4,2270,3,12000.0,3600.0,32400.0
15706,311,1,,2,936,2144,791,2,15000.0,0.0,30000.0
15707,214,1,,1,893,2916,1921,1,12600.0,0.0,12600.0
15708,214,1,,1,893,2916,1921,3,12000.0,0.0,36000.0
15709,137,1,,1,470,291,996,1,12000.0,240.0,11760.0
15710,437,1,,2,368,1886,3114,3,15000.0,0.0,45000.0
15711,437,1,,1,368,1886,3114,2,12000.0,480.0,23520.0
15712,437,1,,2,368,1886,3114,1,13500.0,1350.0,12150.0
15713,362,2,4,1,536,4,2760,1,13200.0,1320.0,11880.0
15714,604,1,,1,590,744,1954,3,12000.0,0.0,36000.0
15715,1165,1,,2,562,1500,1007,1,15000.0,300.0,14700.0
15716,856,2,2,1,539,2,131,1,12000.0,240.0,11760.0
15717,256,2,4,1,814,4,2166,3,12000.0,1800.0,34200.0
15718,493,1,,1,473,2937,124,2,12000.0,480.0,23520.0
15719,121,2,3,2,583,3,2212,3,16500.0,0.0,49500.0
15720,86,1,,1,598,2918,1630,2,12000.0,480.0,23520.0
15721,236,1,,2,834,1220,915,2,15000.0,1500.0,28500.0
15722,1035,1,,1,623,93,,3,12000.0,0.0,36000.0
15723,1397,1,,2,649,2037,3031,2,15000.0,0.0,30000.0
15724,7,1,,2,388,1017,,2,15750.0,1575.0,29925.0
15725,1258,2,1,2,518,1,2877,3,15000.0,0.0,45000.0
15726,1258,2,1,2,518,1,2877,3,15000.0,4500.0,40500.0
15727,1430,2,3,2,520,3,708,3,15000.0,4500.0,40500.0
15728,970,1,,2,698,1199,2825,1,15000.0,0.0,15000.0
15729,134,2,3,2,934,3,878,1,15000.0,0.0,15000.0
15730,134,2,3,2,934,3,878,2,15000.0,3000.0,27000.0
15731,1245,2,4,1,858,4,202,2,12600.0,2520.0,22680.0
15732,646,2,2,1,942,2,1878,3,12000.0,0.0,36000.0
15733,1285,2,1,2,720,1,337,2,15000.0,600.0,29400.0
15734,1124,1,,1,401,429,630,3,12000.0,720.0,35280.0
15735,854,1,,1,523,3186,1361,3,10800.0,648.0,31752.0
15736,223,2,3,2,831,3,,1,16500.0,1650.0,14850.0
15737,223,2,3,2,831,3,,2,15000.0,600.0,29400.0
15738,460,1,,2,476,2449,1355,2,15000.0,600.0,29400.0
15739,1122,2,2,2,895,2,850,3,15000.0,0.0,45000.0
15740,1201,2,3,1,970,3,3046,3,12000.0,0.0,36000.0
15741,1425,1,,2,847,2578,2301,2,15750.0,630.0,30870.0
15742,1129,2,3,1,369,3,750,1,13200.0,1320.0,11880.0
15743,889,1,,2,984,2047,1489,2,15000.0,600.0,29400.0
15744,1400,1,,1,405,318,2387,1,12000.0,0.0,12000.0
15745,719,1,,2,548,2765,,2,13500.0,2700.0,24300.0
15746,598,2,4,1,381,4,3187,2,12000.0,480.0,23520.0
15747,575,1,,2,674,2517,1019,1,15000.0,0.0,15000.0
15748,1429,2,4,1,975,4,200,3,12600.0,0.0,37800.0
15749,693,1,,2,980,2320,2379,1,13500.0,270.0,13230.0
15750,151,1,,1,793,2396,1031,3,12000.0,3600.0,32400.0
15751,151,1,,1,793,2396,1031,2,12000.0,480.0,23520.0
15752,800,1,,1,965,184,1029,1,12000.0,240.0,11760.0
15753,800,1,,2,965,184,1029,2,16500.0,1650.0,31350.0
15754,61,1,,1,892,1524,1749,1,12000.0,0.0,12000.0
15755,428,1,,1,532,3126,1658,1,12000.0,600.0,11400.0
15756,428,1,,1,532,3126,1658,2,12000.0,1200.0,22800.0
15757,921,1,,2,526,1083,2037,2,15000.0,0.0,30000.0
15758,1244,1,,2,654,1118,3137,2,15000.0,0.0,30000.0
15759,1434,1,,1,773,1390,1986,3,10800.0,648.0,31752.0
15760,1434,1,,2,773,1390,1986,2,15000.0,1500.0,28500.0
15761,1327,1,,2,586,2359,1556,1,16500.0,825.0,15675.0
15762,912,1,,1,610,1891,1606,2,12000.0,2400.0,21600.0
15763,723,1,,1,646,878,2694,2,10800.0,0.0,21600.0
15764,1435,2,2,2,506,2,1949,1,15000.0,750.0,14250.0
15765,1435,2,2,1,506,2,1949,3,12000.0,1800.0,34200.0
15766,691,2,1,1,619,1,3085,1,12000.0,240.0,11760.0
15767,369,2,3,2,451,3,851,1,15000.0,750.0,14250.0
15768,1028,1,,2,680,1640,2298,1,15000.0,1500.0,13500.0
15769,1001,1,,1,387,2034,2771,1,12000.0,240.0,11760.0
15770,1001,1,,2,387,2034,2771,2,15000.0,600.0,29400.0
15771,1040,2,2,1,593,2,1134,2,10800.0,1080.0,20520.0
15772,1067,1,,1,630,1280,,2,12000.0,480.0,23520.0
15773,311,1,,2,467,1391,1144,2,15000.0,0.0,30000.0
15774,627,1,,1,773,1910,2060,2,10800.0,0.0,21600.0
15775,639,2,4,2,936,4,355,2,15000.0,0.0,30000.0
15776,655,2,3,1,992,3,744,3,12600.0,0.0,37800.0
15777,655,2,3,1,992,3,744,1,12000.0,1200.0,10800.0
15778,655,2,3,2,992,3,744,3,15750.0,4725.0,42525.0
15779,1252,1,,2,540,314,,1,13500.0,675.0,12825.0
15780,1252,1,,1,540,314,,3,10800.0,0.0,32400.0
15781,314,2,3,2,769,3,2951,1,16500.0,0.0,16500.0
15782,1180,1,,1,471,2088,675,1,12000.0,240.0,11760.0
15783,1180,1,,1,471,2088,675,3,12000.0,3600.0,32400.0
15784,365,2,1,1,718,1,387,1,12000.0,0.0,12000.0
15785,1310,2,4,1,737,4,2920,1,12000.0,240.0,11760.0
15786,367,1,,1,973,2458,902,3,10800.0,1620.0,30780.0
15787,367,1,,2,973,2458,902,2,15000.0,0.0,30000.0
15788,1252,1,,1,835,1709,526,2,12000.0,480.0,23520.0
15789,607,1,,2,406,154,,3,15000.0,0.0,45000.0
15790,1122,1,,1,401,343,1445,2,10800.0,1080.0,20520.0
15791,842,2,2,2,400,2,927,1,15000.0,0.0,15000.0
15792,1461,1,,1,876,1621,961,2,12600.0,504.0,24696.0
15793,1461,1,,2,876,1621,961,1,15750.0,787.5,14962.5
15794,208,1,,1,428,522,2842,3,12000.0,3600.0,32400.0
15795,1268,2,3,1,528,3,1252,1,12000.0,600.0,11400.0
15796,234,2,3,2,493,3,2493,3,16500.0,990.0,48510.0
15797,427,1,,2,595,918,3170,2,13500.0,540.0,26460.0
15798,964,1,,1,709,600,727,2,12000.0,480.0,23520.0
15799,802,1,,2,638,3119,96,1,15000.0,750.0,14250.0
15800,802,1,,1,638,3119,96,2,10800.0,2160.0,19440.0
15801,802,1,,1,638,3119,96,2,12000.0,480.0,23520.0
15802,38,1,,1,646,2528,,3,12600.0,3780.0,34020.0
15803,204,2,3,1,708,3,1208,2,12000.0,2400.0,21600.0
15804,524,1,,2,719,2393,2798,1,15000.0,1500.0,13500.0
15805,31,1,,2,784,2249,56,1,15000.0,750.0,14250.0
15806,834,2,1,2,636,1,1270,2,15000.0,600.0,29400.0
15807,994,1,,2,715,1364,149,2,15750.0,0.0,31500.0
15808,439,2,4,2,679,4,231,1,15000.0,1500.0,13500.0
15809,1279,2,1,2,545,1,2510,3,15000.0,2250.0,42750.0
15810,1268,1,,1,627,1263,2421,1,13200.0,660.0,12540.0
15811,775,1,,1,441,1835,1851,1,12600.0,1260.0,11340.0
15812,172,2,4,1,509,4,,1,12000.0,1200.0,10800.0
15813,834,2,2,1,802,2,873,1,12000.0,0.0,12000.0
15814,1094,2,4,2,568,4,296,1,15000.0,300.0,14700.0
15815,1094,2,4,2,568,4,296,3,15000.0,4500.0,40500.0
15816,1094,2,4,1,568,4,296,1,12000.0,600.0,11400.0
15817,1091,1,,2,757,906,1974,1,15000.0,1500.0,13500.0
15818,1091,1,,2,757,906,1974,2,15750.0,3150.0,28350.0
15819,1086,2,4,1,456,4,2484,3,12000.0,720.0,35280.0
15820,1086,2,4,1,456,4,2484,1,12000.0,240.0,11760.0
15821,1352,1,,2,432,720,2427,1,15000.0,750.0,14250.0
15822,554,1,,1,535,1502,1027,3,10800.0,0.0,32400.0
15823,1424,1,,2,571,2426,2308,1,13500.0,270.0,13230.0
15824,304,1,,2,502,2337,1446,1,15750.0,0.0,15750.0
15825,1071,1,,1,712,691,197,3,12000.0,3600.0,32400.0
15826,1092,1,,2,998,589,,3,13500.0,4050.0,36450.0
15827,153,1,,1,587,2763,1138,2,12600.0,0.0,25200.0
15828,153,1,,1,587,2763,1138,1,12000.0,0.0,12000.0
15829,153,1,,1,587,2763,1138,3,12000.0,720.0,35280.0
15830,1231,1,,1,943,502,19,2,10800.0,432.0,21168.0
15831,540,1,,2,954,1575,,2,15000.0,1500.0,28500.0
15832,540,1,,2,954,1575,,2,15000.0,600.0,29400.0
15833,654,1,,2,643,3197,2424,1,15000.0,750.0,14250.0
15834,774,2,4,1,693,4,2233,1,12000.0,0.0,12000.0
15835,302,1,,1,439,2654,2392,2,12000.0,2400.0,21600.0
15836,1071,1,,2,932,84,1228,2,13500.0,0.0,27000.0
15837,1071,1,,1,932,84,1228,1,13200.0,0.0,13200.0
15838,6,1,,2,579,980,2175,3,15000.0,4500.0,40500.0
15839,1443,1,,2,575,2499,,2,15000.0,600.0,29400.0
15840,1443,1,,2,575,2499,,1,15000.0,0.0,15000.0
15841,49,2,1,2,598,1,2503,3,16500.0,4950.0,44550.0
15842,1039,1,,2,652,263,2019,3,15000.0,4500.0,40500.0
15843,1090,1,,1,468,870,2610,3,10800.0,648.0,31752.0
15844,353,1,,2,818,1154,578,2,15750.0,1575.0,29925.0
15845,1295,2,2,1,524,2,175,2,12000.0,2400.0,21600.0
15846,239,2,1,1,929,1,,2,12000.0,2400.0,21600.0
15847,239,2,1,1,929,1,,1,12600.0,0.0,12600.0
15848,269,2,1,1,681,1,1697,2,12000.0,480.0,23520.0
15849,269,2,1,2,681,1,1697,3,15000.0,0.0,45000.0
15850,872,1,,1,621,1508,476,1,12000.0,600.0,11400.0
15851,522,2,1,2,389,1,2453,2,13500.0,0.0,27000.0
15852,127,2,1,2,709,1,398,3,15000.0,4500.0,40500.0
15853,1315,2,2,1,528,2,1196,2,10800.0,0.0,21600.0
15854,788,2,1,1,720,1,1095,1,12000.0,1200.0,10800.0
15855,838,1,,2,854,730,3124,1,15000.0,750.0,14250.0
15856,838,1,,1,854,730,3124,1,10800.0,1080.0,9720.0
15857,92,2,1,1,761,1,1899,1,12600.0,252.0,12348.0
15858,92,2,1,1,761,1,1899,1,10800.0,540.0,10260.0
15859,556,2,2,1,638,2,2764,1,12000.0,240.0,11760.0
15860,1316,1,,2,616,1721,2597,3,16500.0,2475.0,47025.0
15861,524,1,,1,481,561,630,1,12600.0,630.0,11970.0
15862,389,1,,2,734,1892,1056,1,16500.0,825.0,15675.0
15863,419,1,,2,694,2482,1836,3,15000.0,4500.0,40500.0
15864,1323,1,,1,368,1511,1198,2,13200.0,0.0,26400.0
15865,274,1,,1,635,1691,600,3,12000.0,720.0,35280.0
15866,124,1,,2,369,1416,1459,1,15000.0,1500.0,13500.0
15867,918,1,,1,374,2049,2693,2,12000.0,1200.0,22800.0
15868,638,1,,2,862,1314,810,1,15000.0,750.0,14250.0
15869,896,1,,1,771,2728,1619,1,12000.0,240.0,11760.0
15870,1035,1,,1,611,627,2721,3,12600.0,3780.0,34020.0
15871,99,2,1,2,988,1,671,3,15000.0,0.0,45000.0
15872,227,2,3,2,651,3,843,2,15750.0,630.0,30870.0
15873,227,2,3,1,651,3,843,2,12000.0,2400.0,21600.0
15874,4,1,,1,518,2835,249,2,12600.0,0.0,25200.0
15875,4,1,,1,518,2835,249,2,12000.0,2400.0,21600.0
15876,405,1,,2,928,1909,1112,2,15000.0,0.0,30000.0
15877,661,1,,1,857,1778,863,1,12000.0,240.0,11760.0
15878,144,1,,2,805,1558,,2,15000.0,600.0,29400.0
15879,1053,2,1,1,951,1,1584,1,12600.0,0.0,12600.0
15880,415,2,3,2,649,3,66,2,15000.0,1500.0,28500.0
15881,415,2,3,1,649,3,66,3,10800.0,1620.0,30780.0
15882,415,2,3,2,649,3,66,1,15750.0,787.5,14962.5
15883,960,2,1,2,737,1,1409,2,15000.0,3000.0,27000.0
15884,67,2,4,2,426,4,1694,3,15000.0,900.0,44100.0
15885,267,1,,1,490,2249,2906,2,10800.0,432.0,21168.0
15886,267,1,,1,490,2249,2906,1,12000.0,1200.0,10800.0
15887,267,1,,1,490,2249,2906,3,13200.0,792.0,38808.0
15888,666,2,1,1,390,1,711,3,13200.0,792.0,38808.0
15889,360,2,4,1,721,4,2716,1,13200.0,1320.0,11880.0
15890,360,2,4,2,721,4,2716,2,15000.0,1500.0,28500.0
15891,393,2,3,1,887,3,839,3,12000.0,3600.0,32400.0
15892,786,1,,2,916,1384,1435,1,15000.0,750.0,14250.0
15893,22,2,4,2,482,4,1488,2,15000.0,1500.0,28500.0
15894,1297,2,1,1,874,1,355,1,12000.0,600.0,11400.0
15895,29,1,,1,382,971,779,2,13200.0,2640.0,23760.0
15896,1112,2,1,1,471,1,670,1,12000.0,0.0,12000.0
15897,990,2,2,1,534,2,2930,1,12000.0,600.0,11400.0
15898,42,1,,2,537,1827,511,1,16500.0,825.0,15675.0
15899,1413,1,,2,880,2895,3138,3,13500.0,0.0,40500.0
15900,1413,1,,1,880,2895,3138,3,13200.0,1980.0,37620.0
15901,1413,1,,1,880,2895,3138,2,10800.0,0.0,21600.0
15902,1186,1,,1,612,1385,1950,1,12600.0,630.0,11970.0
15903,1396,1,,1,985,1030,2372,3,12000.0,1800.0,34200.0
15904,1147,1,,1,581,245,955,2,12000.0,2400.0,21600.0
15905,1147,1,,1,581,245,955,2,12000.0,480.0,23520.0
15906,323,1,,1,768,737,,3,13200.0,1980.0,37620.0
15907,176,2,1,2,1004,1,1732,1,13500.0,1350.0,12150.0
15908,543,2,4,1,599,4,2108,3,12000.0,0.0,36000.0
15909,1156,1,,1,375,1870,2051,2,10800.0,0.0,21600.0
15910,708,2,4,1,439,4,2491,2,10800.0,0.0,21600.0
15911,757,1,,2,692,642,682,2,15000.0,0.0,30000.0
15912,136,1,,1,857,376,3064,1,12000.0,1200.0,10800.0
15913,287,1,,1,456,2737,1306,1,10800.0,216.0,10584.0
15914,287,1,,1,456,2737,1306,2,12000.0,480.0,23520.0
15915,945,2,2,1,390,2,730,1,13200.0,0.0,13200.0
15916,945,2,2,1,390,2,730,1,12000.0,240.0,11760.0
15917,973,1,,1,654,147,,3,12000.0,1800.0,34200.0
15918,768,1,,1,621,2541,2308,1,13200.0,0.0,13200.0
15919,768,1,,2,621,2541,2308,1,15000.0,300.0,14700.0
15920,539,1,,1,778,1312,,3,12600.0,3780.0,34020.0
15921,539,1,,1,778,1312,,2,12000.0,480.0,23520.0
15922,627,2,2,1,537,2,549,1,12000.0,0.0,12000.0
15923,1455,1,,2,837,594,1398,3,16500.0,990.0,48510.0
15924,1455,1,,2,837,594,1398,1,15000.0,750.0,14250.0
15925,1130,2,4,1,911,4,182,2,12000.0,2400.0,21600.0
15926,1465,1,,2,960,1287,1742,1,15000.0,300.0,14700.0
15927,666,1,,1,435,1731,1850,2,10800.0,0.0,21600.0
15928,666,1,,2,435,1731,1850,3,13500.0,2025.0,38475.0
15929,666,1,,1,435,1731,1850,2,10800.0,432.0,21168.0
15930,820,1,,2,552,1121,605,3,13500.0,4050.0,36450.0
15931,820,1,,1,552,1121,605,2,12600.0,1260.0,23940.0
15932,932,1,,2,891,2092,1650,2,15000.0,600.0,29400.0
15933,753,1,,1,947,1777,2292,2,12000.0,2400.0,21600.0
15934,459,1,,1,614,2881,3009,2,12600.0,0.0,25200.0
15935,459,1,,1,614,2881,3009,3,13200.0,792.0,38808.0
15936,1467,1,,2,688,101,1517,3,15000.0,4500.0,40500.0
15937,1467,1,,1,688,101,1517,3,12000.0,1800.0,34200.0
15938,1096,2,2,1,471,2,439,3,12600.0,0.0,37800.0
15939,1486,2,3,2,534,3,,2,15000.0,0.0,30000.0
15940,113,1,,2,423,1880,2401,2,15000.0,3000.0,27000.0
15941,3,2,2,1,891,2,582,2,10800.0,1080.0,20520.0
15942,850,2,4,1,764,4,,2,12600.0,2520.0,22680.0
15943,1304,2,1,1,702,1,,3,12000.0,3600.0,32400.0
15944,220,2,2,1,952,2,,2,13200.0,528.0,25872.0
15945,784,1,,2,461,294,37,2,15000.0,600.0,29400.0
15946,227,1,,1,955,1036,1793,1,12000.0,600.0,11400.0
15947,227,1,,2,955,1036,1793,2,15000.0,600.0,29400.0
15948,837,1,,1,836,2058,2114,1,12000.0,0.0,12000.0
15949,994,1,,2,451,3073,2410,1,15750.0,0.0,15750.0
15950,994,1,,1,451,3073,2410,1,12000.0,600.0,11400.0
15951,934,2,4,2,711,4,392,1,15000.0,300.0,14700.0
15952,587,1,,2,801,2811,604,1,13500.0,1350.0,12150.0
15953,954,2,3,2,977,3,2214,3,15000.0,0.0,45000.0
15954,1169,1,,2,606,686,642,3,15000.0,2250.0,42750.0
15955,303,1,,2,430,1889,1503,3,15000.0,2250.0,42750.0
15956,783,1,,2,679,2717,1160,1,15000.0,1500.0,13500.0
15957,949,1,,2,404,1851,557,3,15000.0,2250.0,42750.0
15958,1377,1,,2,945,1645,2878,3,15000.0,0.0,45000.0
15959,871,1,,1,721,372,1879,1,13200.0,264.0,12936.0
15960,628,2,4,2,518,4,703,1,15000.0,1500.0,13500.0
15961,352,2,1,1,427,1,1541,3,10800.0,3240.0,29160.0
15962,357,2,3,1,555,3,1648,2,12000.0,2400.0,21600.0
15963,185,1,,2,758,1366,1382,1,15000.0,300.0,14700.0
15964,51,2,2,1,543,2,2935,1,12000.0,1200.0,10800.0
15965,848,1,,2,451,1513,2281,2,13500.0,1350.0,25650.0
15966,875,2,1,1,458,1,,2,10800.0,2160.0,19440.0
15967,247,2,3,2,553,3,936,1,15000.0,300.0,14700.0
15968,813,1,,2,739,1775,,2,15000.0,1500.0,28500.0
15969,1484,1,,2,798,1434,1841,3,13500.0,810.0,39690.0
15970,1484,1,,1,798,1434,1841,1,12600.0,0.0,12600.0
15971,383,1,,1,383,2707,2228,1,12600.0,630.0,11970.0
15972,383,1,,1,383,2707,2228,3,12000.0,720.0,35280.0
15973,630,1,,1,700,305,,3,12000.0,3600.0,32400.0
15974,1168,1,,2,963,690,56,1,15000.0,1500.0,13500.0
15975,3,2,4,1,779,4,2143,2,10800.0,0.0,21600.0
15976,441,1,,2,877,1305,2108,1,15000.0,1500.0,13500.0
15977,1091,1,,1,370,1403,1668,1,12000.0,240.0,11760.0
15978,1091,1,,1,370,1403,1668,1,12000.0,600.0,11400.0
15979,412,2,2,2,973,2,2774,3,13500.0,0.0,40500.0
15980,574,1,,2,978,1436,920,3,15000.0,2250.0,42750.0
15981,243,1,,2,878,2683,2398,1,15750.0,0.0,15750.0
15982,95,2,1,1,972,1,351,1,12000.0,0.0,12000.0
15983,545,1,,2,814,2273,1991,3,15000.0,4500.0,40500.0
15984,940,2,2,2,853,2,1730,2,15000.0,1500.0,28500.0
15985,1318,2,3,2,716,3,283,1,16500.0,330.0,16170.0
15986,1318,2,3,2,716,3,283,3,15750.0,945.0,46305.0
15987,1318,2,3,2,716,3,283,1,15000.0,750.0,14250.0
15988,922,1,,2,475,1623,1351,1,13500.0,1350.0,12150.0
15989,922,1,,2,475,1623,1351,1,15750.0,787.5,14962.5
15990,649,2,1,2,709,1,1645,2,15000.0,1500.0,28500.0
15991,283,1,,1,981,2451,1871,2,10800.0,2160.0,19440.0
15992,878,1,,2,872,3001,3155,2,15000.0,600.0,29400.0
15993,109,2,2,2,509,2,2576,2,15000.0,600.0,29400.0
15994,1490,1,,2,415,1502,2493,2,15000.0,600.0,29400.0
15995,673,2,1,2,804,1,,2,15000.0,3000.0,27000.0
15996,570,2,1,1,491,1,2807,1,12000.0,0.0,12000.0
15997,570,2,1,1,491,1,2807,3,10800.0,3240.0,29160.0
15998,570,2,1,2,491,1,2807,2,15000.0,0.0,30000.0
15999,366,1,,2,774,1228,847,3,15000.0,2250.0,42750.0
16000,530,2,2,2,557,2,2659,3,15000.0,4500.0,40500.0
16001,1336,1,,1,552,2602,2576,3,12000.0,1800.0,34200.0
16002,19,1,,2,745,2877,1392,3,15000.0,900.0,44100.0
16003,152,1,,1,982,1014,1248,1,12000.0,240.0,11760.0
16004,358,1,,1,879,2772,,1,12000.0,240.0,11760.0
16005,1133,2,4,2,969,4,1191,3,16500.0,0.0,49500.0
16006,1079,1,,1,790,2836,684,1,12000.0,1200.0,10800.0
16007,779,1,,1,456,113,1416,2,13200.0,0.0,26400.0
16008,840,1,,1,943,2307,2320,3,12600.0,1890.0,35910.0
16009,971,2,4,1,799,4,2769,3,12000.0,720.0,35280.0
16010,137,1,,2,521,1159,2231,3,15000.0,2250.0,42750.0
16011,1031,2,3,1,675,3,2681,1,10800.0,540.0,10260.0
16012,1031,2,3,2,675,3,2681,3,16500.0,2475.0,47025.0
16013,650,1,,2,538,2983,,3,15750.0,2362.5,44887.5
16014,650,1,,1,538,2983,,3,13200.0,1980.0,37620.0
16015,820,1,,2,389,517,2285,2,16500.0,0.0,33000.0
16016,714,1,,1,727,911,457,3,12600.0,0.0,37800.0
16017,714,1,,1,727,911,457,1,13200.0,264.0,12936.0
16018,682,2,1,2,588,1,1193,1,15750.0,0.0,15750.0
16019,478,2,1,1,854,1,1650,3,12000.0,1800.0,34200.0
16020,808,1,,2,372,699,82,2,16500.0,3300.0,29700.0
16021,808,1,,2,372,699,82,3,15000.0,2250.0,42750.0
16022,779,1,,2,431,3104,2443,1,15000.0,750.0,14250.0
16023,217,1,,1,577,913,3129,1,12000.0,240.0,11760.0
16024,217,1,,1,577,913,3129,1,12000.0,240.0,11760.0
16025,629,1,,1,947,1681,715,3,12000.0,0.0,36000.0
16026,629,1,,1,947,1681,715,1,13200.0,1320.0,11880.0
16027,999,1,,2,832,2450,2907,1,13500.0,1350.0,12150.0
16028,660,1,,2,663,969,533,2,15000.0,600.0,29400.0
16029,1468,1,,2,701,3028,203,3,13500.0,810.0,39690.0
16030,1468,1,,2,701,3028,203,3,13500.0,4050.0,36450.0
16031,1118,2,4,2,934,4,720,3,15000.0,2250.0,42750.0
16032,1118,2,4,1,934,4,720,3,12000.0,3600.0,32400.0
16033,652,1,,2,776,1494,643,1,16500.0,330.0,16170.0
16034,970,1,,1,876,284,230,2,12000.0,2400.0,21600.0
16035,810,1,,1,815,2489,3085,3,12600.0,3780.0,34020.0
16036,810,1,,2,815,2489,3085,3,15000.0,4500.0,40500.0
16037,663,1,,2,743,664,161,3,15000.0,0.0,45000.0
16038,150,1,,1,467,2802,686,1,12600.0,1260.0,11340.0
16039,1347,1,,2,504,2898,3177,1,15000.0,750.0,14250.0
16040,1347,1,,1,504,2898,3177,1,10800.0,1080.0,9720.0
16041,643,1,,1,974,1722,,1,12000.0,240.0,11760.0
16042,645,1,,1,617,2610,,1,12000.0,1200.0,10800.0
16043,645,1,,1,617,2610,,2,12000.0,0.0,24000.0
16044,72,2,4,2,839,4,1056,3,13500.0,0.0,40500.0
16045,72,2,4,2,839,4,1056,2,15000.0,0.0,30000.0
16046,1412,2,1,2,637,1,2599,1,15750.0,315.0,15435.0
16047,1412,2,1,1,637,1,2599,3,12600.0,756.0,37044.0
16048,1305,1,,2,575,2193,2526,1,13500.0,0.0,13500.0
16049,413,2,2,2,841,2,266,3,15000.0,0.0,45000.0
16050,473,1,,1,740,2113,1450,3,12000.0,720.0,35280.0
16051,333,1,,1,430,220,1159,3,12000.0,3600.0,32400.0
16052,868,1,,2,795,263,494,2,15000.0,600.0,29400.0
16053,298,1,,1,447,698,803,3,12000.0,720.0,35280.0
16054,298,1,,1,447,698,803,1,12000.0,240.0,11760.0
16055,13,2,1,1,416,1,2930,2,12000.0,480.0,23520.0
16056,13,2,1,1,416,1,2930,1,12000.0,1200.0,10800.0
16057,362,1,,2,716,2864,86,1,15000.0,1500.0,13500.0
16058,362,1,,2,716,2864,86,3,13500.0,4050.0,36450.0
16059,362,1,,1,716,2864,86,1,12000.0,600.0,11400.0
16060,993,1,,2,501,3147,2644,1,15750.0,315.0,15435.0
16061,442,2,4,2,448,4,1418,1,15750.0,787.5,14962.5
16062,550,1,,1,718,2233,1158,1,12000.0,240.0,11760.0
16063,100,1,,1,698,1464,685,2,12600.0,504.0,24696.0
16064,263,1,,1,483,2448,538,1,12000.0,240.0,11760.0
16065,263,1,,2,483,2448,538,1,15000.0,1500.0,13500.0
16066,614,2,4,2,929,4,3013,1,15000.0,300.0,14700.0
16067,614,2,4,1,929,4,3013,2,12600.0,0.0,25200.0
16068,732,2,3,1,509,3,1816,1,12600.0,0.0,12600.0
16069,1125,1,,2,646,995,2878,3,15000.0,900.0,44100.0
16070,1125,1,,2,646,995,2878,1,16500.0,330.0,16170.0
16071,444,1,,2,494,343,1536,1,13500.0,0.0,13500.0
16072,444,1,,1,494,343,1536,1,10800.0,0.0,10800.0
16073,949,2,1,2,504,1,2397,2,15000.0,600.0,29400.0
16074,1305,1,,2,899,3169,1957,3,13500.0,4050.0,36450.0
16075,322,1,,1,969,1343,2164,3,12000.0,1800.0,34200.0
16076,518,1,,2,950,1815,2664,1,13500.0,0.0,13500.0
16077,476,1,,2,555,1156,374,2,16500.0,1650.0,31350.0
16078,1344,2,2,1,688,2,2063,1,10800.0,1080.0,9720.0
16079,248,1,,1,862,1314,330,2,13200.0,528.0,25872.0
16080,248,1,,2,862,1314,330,2,15000.0,600.0,29400.0
16081,1433,2,4,2,809,4,271,2,15000.0,3000.0,27000.0
16082,1192,1,,2,711,2209,2909,1,13500.0,0.0,13500.0
16083,355,2,3,1,605,3,,3,12000.0,720.0,35280.0
16084,355,2,3,1,605,3,,1,12000.0,240.0,11760.0
16085,355,2,3,1,605,3,,1,10800.0,540.0,10260.0
16086,1465,2,1,2,378,1,1204,1,15000.0,1500.0,13500.0
16087,1465,2,1,1,378,1,1204,3,12000.0,1800.0,34200.0
16088,91,2,4,2,951,4,,1,15000.0,0.0,15000.0
16089,91,2,4,2,951,4,,3,15000.0,0.0,45000.0
16090,10,2,2,1,682,2,92,1,10800.0,1080.0,9720.0
16091,10,2,2,2,682,2,92,3,15000.0,900.0,44100.0
16092,368,1,,2,654,671,448,1,15000.0,0.0,15000.0
16093,599,1,,1,934,599,,2,12000.0,0.0,24000.0
16094,599,1,,2,934,599,,1,16500.0,0.0,16500.0
16095,308,2,3,1,943,3,1082,3,12000.0,1800.0,34200.0
16096,848,1,,1,428,3160,586,3,10800.0,1620.0,30780.0
16097,1207,1,,2,610,2588,1407,1,15000.0,1500.0,13500.0
16098,272,1,,2,774,560,2102,2,15000.0,1500.0,28500.0
16099,272,1,,2,774,560,2102,2,15000.0,600.0,29400.0
16100,123,2,4,1,588,4,544,1,10800.0,216.0,10584.0
16101,580,1,,2,771,512,,3,16500.0,990.0,48510.0
16102,580,1,,2,771,512,,2,15000.0,0.0,30000.0
16103,580,1,,1,771,512,,1,12000.0,0.0,12000.0
16104,222,2,2,1,760,2,946,3,12000.0,3600.0,32400.0
16105,1045,2,1,1,711,1,628,2,12000.0,2400.0,21600.0
16106,1477,2,2,1,940,2,1577,1,13200.0,660.0,12540.0
16107,27,1,,2,515,1809,586,2,15000.0,0.0,30000.0
16108,607,2,1,1,367,1,,2,13200.0,2640.0,23760.0
16109,607,2,1,1,367,1,,2,12000.0,480.0,23520.0
16110,994,2,1,1,865,1,2736,3,13200.0,1980.0,37620.0
16111,1272,1,,1,735,1103,794,2,10800.0,0.0,21600.0
16112,371,2,2,1,788,2,770,3,12600.0,756.0,37044.0
16113,690,1,,1,661,1337,1975,1,12000.0,240.0,11760.0
16114,256,1,,2,865,808,3172,2,15000.0,3000.0,27000.0
16115,1110,1,,2,870,835,50,2,15000.0,1500.0,28500.0
16116,951,1,,1,992,2353,1583,3,12600.0,0.0,37800.0
16117,631,1,,1,925,45,1002,1,12000.0,1200.0,10800.0
16118,1217,2,1,2,934,1,594,3,15000.0,2250.0,42750.0
16119,1217,2,1,1,934,1,594,3,12000.0,0.0,36000.0
16120,520,1,,1,954,608,2552,2,12000.0,480.0,23520.0
16121,1230,1,,1,846,1912,617,2,12600.0,0.0,25200.0
16122,732,1,,1,673,2961,,2,12000.0,0.0,24000.0
16123,397,2,3,2,820,3,1348,1,16500.0,825.0,15675.0
16124,626,1,,1,745,2383,2406,1,12000.0,600.0,11400.0
16125,626,1,,2,745,2383,2406,3,15000.0,900.0,44100.0
16126,440,2,4,1,655,4,279,2,12000.0,0.0,24000.0
16127,741,2,1,1,369,1,2929,1,12600.0,0.0,12600.0
16128,741,2,1,1,369,1,2929,2,12000.0,1200.0,22800.0
16129,972,1,,2,632,2138,123,1,15000.0,1500.0,13500.0
16130,972,1,,2,632,2138,123,2,15000.0,0.0,30000.0
16131,213,1,,2,589,2854,2133,2,16500.0,660.0,32340.0
16132,760,1,,2,415,1205,294,1,15000.0,750.0,14250.0
16133,760,1,,2,415,1205,294,2,15000.0,600.0,29400.0
16134,35,1,,1,479,253,880,2,12000.0,480.0,23520.0
16135,35,1,,2,479,253,880,1,15000.0,0.0,15000.0
16136,1308,2,1,1,515,1,1867,3,10800.0,1620.0,30780.0
16137,1174,1,,2,614,2565,1258,3,15000.0,0.0,45000.0
16138,1174,1,,1,614,2565,1258,2,12000.0,480.0,23520.0
16139,1174,1,,1,614,2565,1258,2,12000.0,0.0,24000.0
16140,1269,2,4,1,810,4,752,1,12000.0,240.0,11760.0
16141,1269,2,4,2,810,4,752,3,15000.0,2250.0,42750.0
16142,1147,2,4,2,566,4,1262,2,15000.0,1500.0,28500.0
16143,943,1,,1,545,2075,2321,3,10800.0,3240.0,29160.0
16144,943,1,,1,545,2075,2321,1,12600.0,252.0,12348.0
16145,943,1,,1,545,2075,2321,1,12000.0,240.0,11760.0
16146,1334,2,2,2,843,2,2657,1,15000.0,1500.0,13500.0
16147,1270,1,,1,438,1816,3019,3,10800.0,3240.0,29160.0
16148,1055,2,4,2,762,4,2509,1,15000.0,1500.0,13500.0
16149,1288,1,,1,784,2560,780,3,13200.0,0.0,39600.0
16150,765,1,,1,636,475,2480,1,12000.0,240.0,11760.0
16151,765,1,,2,636,475,2480,1,16500.0,330.0,16170.0
16152,765,1,,1,636,475,2480,2,12000.0,2400.0,21600.0
16153,1392,2,1,2,568,1,2921,1,15000.0,0.0,15000.0
16154,1341,2,4,2,893,4,2535,2,13500.0,0.0,27000.0
16155,425,1,,1,612,3169,,2,10800.0,432.0,21168.0
16156,1095,1,,1,855,2822,981,2,12000.0,480.0,23520.0
16157,1095,1,,2,855,2822,981,3,15000.0,4500.0,40500.0
16158,75,2,3,2,932,3,86,1,15000.0,750.0,14250.0
16159,1423,1,,1,963,1140,1681,3,10800.0,1620.0,30780.0
16160,1423,1,,1,963,1140,1681,2,12600.0,504.0,24696.0
